question,document
Can anyone recommend an anime about an immortal elf mage reflecting on a long-ago hero’s journey and trying to understand human relationships better?,52991
I’m looking for a fantasy TV anime with adventure and drama that focuses more on the aftermath of a saved world than on the big final battle itself.,52991
Any manga-based anime where the main character is a centuries-old spell collector who starts regretting how she treated her former companions?,52991
"What are some shows about a party of adventurers, memorable journeys, and the slow emotional impact of time passing on different lifespans?",52991
"Can someone suggest a PG-13 fantasy anime with a quiet, reflective tone, magic, and a protagonist who sets out to form real personal bonds after a quest ends?",52991
Can anyone recommend an adventure fantasy anime where an immortal elf keeps reflecting on humanity and how much she’s changed over time?,59978
"I’m looking for a TV anime with a small party traveling through dangerous lands, plus a lot of quiet drama and emotional character growth.",59978
"Any manga-based anime where a mage, a warrior, and another mage keep pushing onward while facing dangerous enemies and personal insecurities?",59978
What should I watch if I want a fantasy anime that balances an ongoing journey with memories of an old hero’s party and a legendary figure from the past?,59978
"Are there any current-airing anime with a reflective, bittersweet tone, an elven protagonist, and a focus on the bonds she’s trying to understand?",59978
"Can anyone recommend a TV anime where two brothers try to fix the bodies they lost after a failed alchemy experiment, with a big adventure and conspiracy plot?",5114
"I’m looking for an action fantasy anime with alchemy, prosthetic limbs, and a quest for a powerful stone that can break the usual rules of exchange.",5114
Any recommendations for a drama-heavy adventure series about siblings on a journey after a disastrous attempt to bring someone back from the dead?,5114
"What’s a good manga-based anime with a young alchemist protagonist, body-repair themes, and a world-threatening conspiracy?",5114
"Are there any R-rated fantasy action shows with violence and profanity, where a boy in armor and his brother get caught up in a quest to restore their bodies?",5114
"Any anime movie recommendations about a teenage devil hunter whose love life gets messy after he falls for a flirty cafe worker, but the romance has dangerous consequences?",57555
"I’m looking for a dark action-fantasy movie based on a manga, with devils, violence, and a guy who works with a public safety bureau.",57555
"Can anyone recommend something where a naïve, impulsive protagonist gets pulled between two women while hunting devils and dealing with a lot of chaos?",57555
"What’s a good R-rated anime movie with wild action, profanity, and a romance that turns into a deadly situation?",57555
Are there any fantasy action movies about a new devil hunter adapting to his job while getting distracted by dating and supernatural danger?,57555
Can anyone recommend a TV anime where a quirky scientist and his friends accidentally stumble into time travel through a weird homemade gadget?,9253
I’m looking for a sci-fi suspense anime about sending messages into the past and dealing with the fallout on the timeline.,9253
"Any dramas with a small group of friends, a mysterious invention, and a secret organization closing in on them?",9253
What should I watch if I want a TV series about trying to save loved ones while the main character’s sanity starts to slip?,9253
"Are there any anime with eccentric lab experiments, time-travel consequences, and a tense race to fix what went wrong?",9253
"Any TV anime like this that mixes brutal action, heavy drama, and constant suspense while a military squad fights monstrous enemies to reclaim ruined territory?",38524
"I’m looking for an anime with a determined lead, a desperate mission to retake lost land, and lots of sacrifices, tension, and plot secrets. Any recs?",38524
What’s a good manga-based anime where a group soldiers against giant creatures uncover hidden truths during a high-stakes counterattack?,38524
"Can anyone recommend a dark 17+ anime with violence and profanity, where the battle plan seems too smooth and the story turns into a bigger conspiracy?",38524
"Looking for a tense action-drama anime about restoring humanity’s hope, fighting overwhelming monsters, and chasing family-linked secrets.",38524
"Can anyone recommend an action comedy TV anime with sci-fi weirdness, set in an alternate Edo where aliens rule and swords are banned?",28977
"I’m looking for a finished manga-based anime about a broke odd-job crew in a futuristic-feeling feudal Japan, with lots of jokes but some serious stakes too.",28977
"Any TV anime where the main guy accidentally breaks a mysterious alien device, freezes the world, and has to fix the mess with his two partners?",28977
"What are some PG-13 anime with tongue-in-cheek humor, absurd misadventures, and occasional heartfelt moments alongside bigger crises?",28977
"Looking for a series that mixes alien occupation, goofy everyday jobs, and high-energy action comedy with a strong emotional side—any recs?",28977
"Can anyone recommend an anime movie that mixes action, comedy, and drama with a final showdown to save the world?",39486
I’m looking for a manga-based movie where a group of former allies reunites for one last battle against an occupied city and a dangerous energy source.,39486
"Any anime with sci-fi elements, a returning immortal threat, and an all-out assault on a central terminal before everything blows up?",39486
"What should I watch if I want a PG-13 movie about old friends splitting up, then coming back together to face a huge enemy and their pasts?",39486
"Are there any action-comedy-drama anime films where the heroes fight to protect their city, the whole world is at stake, and it feels like a true ending?",39486
Can anyone recommend an action-adventure TV anime about kids taking a dangerous exam to become hunters and travel the world for rare things and monsters?,11061
"I’m looking for a fantasy anime where a determined boy becomes a hunter to find his father, and he teams up with a medical student, a revenge-driven guy, and a former assassin.",11061
"Any manga-based TV series with a high-risk selection test, a band of very different companions, and a journey into a dangerous world?",11061
"What should I watch if I want a PG-13 adventure series with uncharted territories, monster hunting, and a main character chasing his missing father?",11061
Are there any action fantasy anime where the cast starts out through a brutal qualification exam and slowly forms a close team with mixed motivations?,11061
"Can you recommend a TV special with pirates, a big adventure vibe, and a kid trying to deliver a fan letter to an idol while dodging authorities?",60022
I’m looking for an action-adventure fantasy based on a light novel where civilians secretly admire pirates and someone risks everything to help their favorite crew member.,60022
"Any short anime about a girl from a busy port-like island who wants to reach a female navigator she looks up to, even if it means crossing the Marines?",60022
"What’s a good fantasy special with a pirate world, a fan letter plot, and tension around a crew setting sail for their next journey?",60022
Can anyone suggest a teen-friendly action series where supporting a pirate crew could have dangerous consequences for the wider world?,60022
"Can anyone recommend a TV anime that mixes sci-fi, action, and comedy with lots of dirty jokes and parody humor?",9969
I’m looking for an anime set in a bizarre alien-filled Edo where everyone suddenly starts acting completely different—anything like that?,9969
Any PG-13 anime about a guy teaming up with a stubborn ally to fix a city that’s been turned upside down and restore it to normal?,9969
"What should I watch if I want a long-running manga-based comedy with shameless references, absurd misadventures, and some action on the side?",9969
"Are there any anime where joining a police-style group leads to chaotic teamwork, weird character changes, and a ton of tongue-in-cheek jokes?",9969
"Any TV anime that mixes action, sci-fi, and comedy with a weird rivalry over who gets to be the main character?",15417
I’m looking for a shonen series where the hero has to fight to reclaim his place in a group after being replaced and even forgotten by everyone.,15417
"Can anyone recommend an anime that goes back to a red-light district setting, with a search for a lost lover and a lot of tragic backstory flashbacks?",15417
What should I watch if I want a funny but emotional TV anime where a small crew helps protect a bittersweet love story from the past?,15417
"Are there any manga-based TV anime with a chaotic, self-aware tone, lots of comedy, and some serious action mixed in?",15417
"Can anyone recommend an OVA with big interstellar war strategy, political drama, and two genius commanders on opposite sides of a long conflict?",820
"I’m looking for a sci-fi series about rival superpowers, shifting ideologies, and military leaders trying to change the fate of humanity. Any recs?",820
What should I watch if I want a serious space opera with democracy vs autocracy themes and lots of battlefield tactics?,820
Are there any anime where a reserved historian has to lead through war while an idealistic military prodigy rises through a crumbling empire?,820
"Looking for something finished and mature with galaxy-wide conflict, heavy drama, and a focus on strategic minds rather than just action?",820
Can anyone recommend an action-comedy TV anime where a ragtag group gets pulled into a big sci-fi political battle between rival factions?,34096
"I’m looking for a manga-based anime with space travel, hidden conspiracies, and a crew trying to track down a missing ally before a major showdown.",34096
"Any anime with a goofy comedy tone but also serious action, rebel groups, and a shadowy organization pulling strings behind the scenes?",34096
"What should I watch if I want a PG-13 sci-fi series about fugitives in hiding, long-running grudges, and a decisive final battle on another planet?",34096
"Are there any TV anime that mix absurd humor with tense faction warfare, pirates, rebels, and a protagonist facing a lookalike tied to his past?",34096
"Can anyone recommend a TV anime that mixes supernatural battles, old allies and enemies teaming up, and a big war between spirit factions?",41467
I’m looking for an action-adventure anime about a sword-fighting hero and his friends trying to stop an invasion that threatens both the human world and the spirit world.,41467
"Any anime where a substitute spirit warrior has to fight dangerous evil spirits, a powerful ancient Quincy king, and keep the world from ending?",41467
"What should I watch if I want a violent, high-stakes shonen-style anime with healing powers, super strength, and rival spirit factions clashing?",41467
"Are there any finished manga-based TV anime with a dark supernatural tone, huge-scale warfare, and lots of fights between humans, spirits, and enemy races?",41467
Can anyone recommend a TV anime comedy-romance where two elite student council members keep trying to make the other confess first?,43608
"I’m looking for a manga-based anime with a wealthy, strict girl slowly opening up while a nerdy boy keeps clashing with her in a romantic game of cat and mouse.",43608
"Are there any teen PG-13 romcoms set around a student council, with lots of competitive banter and awkward love triangle-ish drama?",43608
"What should I watch if I want a school comedy where a hopeless crush, a popularity boost, and growing friendships all get tangled up together?",43608
"Any anime with a strict rule-following new council member, a rebellious cast, and a bunch of increasingly chaotic romantic misunderstandings?",43608
"Can you recommend an anime that mixes drama, romance, and supernatural family curses, with a girl trying to free a troubled household from a painful bond?",42938
I’m looking for a TV anime based on a manga where a kind-hearted heroine helps a family trapped by an old curse and emotional trauma—any recs?,42938
"Any finished anime with a teen-friendly rating that focuses on breaking a supernatural curse, complicated family ties, and a lot of emotional character drama?",42938
"What should I watch if I want a romance-driven anime with supernatural elements, a doomed family connection, and a protagonist determined to bring everyone some peace?",42938
"Are there any anime about a hidden family bond becoming a burden, with a strong emotional story about healing, freedom, and moving forward?",42938
"Can anyone recommend a TV anime drama about a couple after high school dealing with adulthood, work, and their future together?",4181
"I’m looking for a romance anime that gets into marriage-level relationship growth, personal struggles, and building new and old bonds over time.",4181
Any recommendations for a visual novel–based anime with a really emotional coming-of-age story and a lot of focus on a supportive couple?,4181
"What should I watch if I want a bittersweet drama about growing up, facing life problems together, and the strength of a relationship?",4181
Are there any PG-13 anime with a dreamy second-story thread alongside a grounded post-high-school romance and heavy emotional themes?,4181
"Can anyone recommend a TV anime that mixes samurai-era vibes with alien sci-fi, but keeps it mostly comedic and weird?",918
I’m looking for an action-comedy anime about a goofy odd-jobs crew helping people in a city where swords are banned and aliens run things.,918
"Any manga-based anime with an eccentric silver-haired guy using a wooden sword, taking odd jobs, and getting dragged into chaotic fights?",918
"What should I watch if I want a funny PG-13 series with a tomboyish girl who has super strength, a samurai-in-training sidekick, and a giant pet dog?",918
"Are there any long-running anime that bounce between silly everyday jobs, local gang scuffles, and encounters with alien royalty in a feudal-Japan-style setting?",918
Can you recommend an anime movie about a guy trying to make up for bullying a deaf girl from his childhood and deal with the guilt afterward?,28851
I’m looking for a drama movie that follows a high school student seeking redemption for cruel behavior in elementary school and trying to reconnect with someone he hurt.,28851
"Any anime film recommendations with a serious, emotional story about bullying, regret, and repairing a broken relationship?",28851
"What should I watch if I want a manga-based movie about social ostracism, past mistakes, and a heartfelt attempt at forgiveness?",28851
"Are there any award-winning teen drama movies where the main focus is on a deaf character, childhood bullying, and emotional reconciliation?",28851
Can anyone recommend a TV anime where a clever apothecary uses medicine and poison knowledge to solve mysteries in an imperial court?,58514
"I’m looking for a light novel–based series with palace intrigue, conspiracies, and a heroine who keeps getting pulled into dangerous investigations.",58514
Any drama-mystery anime about a smart female lead working in a royal court and helping protect high-ranking women from harm?,58514
"What should I watch if I want an anime with a medical-savvy protagonist, strange coincidences around merchants, and lots of court-side suspicion?",58514
"Are there any PG-13 historical-style series where the main character teams up with a eunuch, navigates concubine politics, and uncovers hidden plots?",58514
"Can anyone recommend an anime with a masked rebel leader, a fallen uprising, and big strategic battles against an oppressive empire?",2904
I’m looking for a TV anime where a high school student gets pulled back into a secret revolutionary life after losing his memory. Any recs?,2904
"Are there any sci-fi dramas with mind games, political rebellion, and a ruthless empire cracking down on civilians?",2904
What should I watch if I want an anime about a resistance group trying to recover after losing their main leader and getting crushed by a powerful empire?,2904
"Any award-winning action drama anime with violence, profanity, and a protagonist who has to rediscover his past role in a rebellion?",2904
Can anyone recommend an anime about a teenage pro shogi player dealing with both high-level competition and a lot of personal emotional baggage?,35180
"I’m looking for a TV anime where a quiet, lonely high schooler slowly opens up through family-like relationships with a warm community and school life.",35180
Any drama anime that focuses on the pressure of tournaments and title matches while the main character keeps questioning why he plays the game?,35180
"What should I watch if I want a coming-of-age story with a lonely but talented young professional, strong emotional growth, and supportive relationships?",35180
"Are there any manga-based anime that mix competitive shogi with slice-of-life moments, emotional healing, and lots of character-focused drama?",35180
"Can anyone recommend an anime movie with action, comedy, and sci-fi where the hero gets sent to a bleak future and has to reunite a broken-up group to stop a plague?",15335
"I’m looking for a manga-based movie about a ragtag team in a post-apocalyptic version of Edo, especially if there’s time travel and a mysterious epidemic involved.",15335
"Any PG-13 anime movie recommendations where a goofy but determined protagonist faces a powerful enemy, digs into his own past, and teams up with old friends to save the future?",15335
"What should I watch if I want a sci-fi action comedy movie with a future disaster, android-related time travel, and a crew of battle-hardened allies?",15335
"Can you recommend an anime movie where former companions drift apart, the world has gone grim and broken, and the main guy has to bring everyone back together to fight a hidden threat?",15335
"Can anyone recommend an anime TV series with a serious mystery-thriller vibe, where a doctor’s ethical choice comes back to haunt him years later?",19
I’m looking for a manga adaptation turned long-running TV anime about a neurosurgeon who gets pulled into tracking down the criminal he once saved.,19
"Any suspenseful drama anime about a brilliant surgeon who loses everything after choosing a poor patient over the powerful, then has to deal with the fallout later on?",19
"What should I watch if I want a grounded psychological mystery with a medical setting, moral dilemmas, and a manhunt for a dangerous person from the past?",19
"Are there any finished TV anime with an adult protagonist, dark suspense, and a story built around guilt, corruption, and chasing a hidden menace?",19
"Can anyone recommend an anime that mixes action, comedy, and sci-fi with a big war story where a city’s defenders have to fight on two fronts to save the world?",37491
I’m looking for a TV anime based on a manga where an inventor gets abducted and a nanomachine-based weapon is in danger of being shut down — any recs?,37491
"Any PG-13 series with a space weapon that could destroy a planet, plus a chaotic battle involving multiple factions and unlikely allies?",37491
"What should I watch if I want an anime about a hometown under attack, with resistance fighters, remnant enemies, and plenty of comedy mixed into the chaos?",37491
"Looking for a finished short TV anime with action and sci-fi vibes, where a group has to stop a planetary threat while dealing with an ongoing ground battle — any suggestions?",37491
Can anyone recommend a TV special with a dark action-drama story where former enemies team up to stop a genocidal rampage and try to save their old friend?,51535
"I’m looking for an anime with a final, high-stakes conflict, giant monster battles, and a desperate alliance formed to prevent mass death—any recs?",51535
"Any action series with lots of suspense and moral conflict, where the main character believes a horrific path is necessary to protect his friends and people?",51535
"What should I watch if I want a brutal, R-17+ anime based on a manga, with war, betrayal, and an all-out showdown against overwhelming odds?",51535
"Are there any finished anime specials that focus on former comrades and enemies working together while dealing with regret, sacrifice, and an inevitable final battle?",51535
"Can anyone recommend a TV special based on a light novel that mixes comedy, mystery, and supernatural stuff with a high school guy dealing with oddities and hidden truths?",35247
"I’m looking for a supernatural mystery anime where a third-year high school student gets pulled into weird events from his past and present, with some comedy and dark vibes.",35247
"Any recommendations for a finished anime special about an eccentric transfer student, a strange void, and a protagonist uncovering the truth behind an apparition?",35247
"What should I watch if I want a light-novel adaptation with a high school setting, relationship drama, and a supernatural mystery centered on oddities?",35247
"Are there any 17+ anime specials with violence and profanity that focus on a bizarre, layered mystery and a protagonist getting help from his girlfriend to разобраться?",35247
Can anyone recommend a TV anime based on a light novel where a smart apothecary girl ends up working in an imperial court and solves medical mysteries?,54492
"I’m looking for a drama-mystery series set in a royal palace, with a female lead who uses her medicine knowledge to quietly investigate strange illnesses.",54492
Any recommendations for an anime about a maid in the lowest ranks of a court who keeps getting pulled into cases involving sickness and hidden causes?,54492
What should I watch if I want a PG-13 historical court story where an observant heroine’s pharmaceutical skills make her useful to powerful people?,54492
"Are there any light-novel adaptation anime with a cunning, medically skilled protagonist, palace intrigue, and a tone that mixes mystery with drama?",54492
Can anyone recommend a TV anime based on a manga where a young military commander keeps pushing toward unifying China while huge states clash in massive war campaigns?,40682
"I’m looking for an action anime with ruthless strategy, big battlefield politics, and a coalition of rival states threatening one kingdom’s survival. Any recs?",40682
Any manga-based anime about an ambitious ruler and his advisors trying to outthink an enemy strategist after a temporary truce turns into a huge betrayal?,40682
"What should I watch if I want a war anime with ancient Chinese-style kingdoms, heavy tactics, and a do-or-die defense against invasion?",40682
Are there any 17+ historical action series where a rising commander gets dragged into a high-stakes conflict involving multiple states and all-out destruction?,40682
Can anyone recommend an award-winning drama movie about a woman who writes letters while trying to understand emotion and love after a war?,37987
I’m looking for an anime film where a former war survivor keeps working as a letter writer as technology starts replacing that kind of job.,37987
"Any light novel-based movie recommendations with a hopeful search for someone presumed lost, mixed with a lot of emotional drama?",37987
"What should I watch if I want a PG-13 animated movie about a woman reflecting on feelings, love, and life after a great war?",37987
"Are there any movies like this with a bittersweet tone, where the main focus is letter writing, personal growth, and holding onto hope?",37987
"Can anyone recommend an action-drama movie with a dark, suspenseful tone and heavy violence?",59571
I'm looking for an anime film that wraps up a manga adaptation and feels like a final chapter with high stakes.,59571
Any movies in the thriller/action space where the story keeps things tense and serious all the way through?,59571
What should I watch if I want a finished anime movie tied to a long-running manga series and a lot of dramatic conflict?,59571
"Are there any R-rated anime movies with suspense, action, and a grim atmosphere?",59571
Can anyone recommend a PG-13 anime movie where a countryside girl and a city boy mysteriously swap bodies and start looking for each other?,32281
I’m looking for an award-winning drama movie with a fate-driven story about two high school students whose lives get tangled after a strange body-swap.,32281
"Any anime films about a girl who wants city life and a boy with big dreams, where their actions start affecting each other in a big way?",32281
What should I watch if I want a one-episode original movie with a surreal body-exchange premise and emotional drama?,32281
"Are there any teen anime movies that mix countryside-versus-city زندگی, romance-like tension, and a mysterious connection between two strangers?",32281
Can anyone recommend an action drama TV anime based on a manga where former enemies end up working together as slaves on a farm and try to find peace after a brutal past?,49387
"I’m looking for an adventure anime with a bleak historical feel, where raiders destroy a village, the survivor gets taken into slavery, and the story leans more into redemption than nonstop fighting.",49387
"Any anime like that focused on two enslaved men doing farm work, dealing with guilt and trauma, and slowly chasing freedom in an unforgiving world?",49387
"What should I watch if I want a mature TV anime with violence and profanity, set around war, slavery, and a search for hope after family loss?",49387
"Are there any manga-based anime that mix action and drama with a grounded story about survival, repentance, and building a peaceful life after tragedy?",49387
"Can anyone recommend a TV anime that mixes action, comedy, and sci-fi with a huge final battle over Earth in an interplanetary war?",36838
I’m looking for a manga-based anime where a ragtag group has to unite and protect what they care about when the government has collapsed and the city is under attack.,36838
"Any recommendations for a teen-friendly sci-fi action series with a chaotic war between rival factions, but still a lot of comedy mixed in?",36838
"What should I watch if I want an anime about immortal enemies, a planet-wide conflict, and a last stand to save a samurai-era world?",36838
"Are there any TV anime with a missing leader, a helpless city getting pillaged, and old allies coming together for one final fight?",36838
Can anyone recommend a TV anime about a ridiculously strong psychic who’s maturing and taking supernatural jobs more seriously?,37510
"I’m looking for a comedy action series with supernatural requests, exorcisms, and urban legends, but with a darker tone underneath—any suggestions?",37510
Any anime based on a web manga where a psychic teenager works with his mentor and deals with spirits and other unsettling cases?,37510
What should I watch if I want a show about an overpowered psychic learning to think for himself while handling paranormal client requests?,37510
Are there any PG-13 supernatural action comedies that get more serious and tense as the hero faces real spiritual dangers?,37510
"Can anyone recommend an R-rated anime movie about a newly turned vampire serving an ancient one, while weighing whether restoring her full power is really a good idea?",31758
"I’m looking for a supernatural mystery movie where the lead is a vampire trying to return to being human, but things get morally messy fast.",31758
"Any anime films with a vampire protagonist, vampire hunters in the mix, and a tense choice that could lead to regrettable consequences?",31758
What should I watch if I want an action-heavy light novel adaptation about recovering a powerful immortal vampire’s lost body parts and dealing with the fallout?,31758
"Are there any movies with a dark, violent supernatural vibe where the hero has to question whether trusting a vampire and finishing the mission is worth it?",31758
Can anyone recommend a TV anime based on a manga about a boxer who comes back after a tragic setback and has to deal with deep psychological issues before fighting again?,2921
"I’m looking for a sports drama anime where the main guy is wandering aimlessly after something awful happens, then gets pulled back into boxing by meeting tough people along the way.",2921
"Any recommendations for an older boxing anime with a heavy drama focus, where a world-famous boxer is brought in to help the protagonist recover and get back in the ring?",2921
"What should I watch if I want a finished TV series about a troubled teen boxer trying to overcome what’s holding him back, not just win matches?",2921
"Are there any anime with a gritty boxing comeback story, lots of emotional struggle, and a trainer trying to help the fighter face his inner problems?",2921
"Any anime recs where two opposing sides with very different beliefs collide in a war for freedom, with a dark action-drama tone?",40028
"I’m looking for a TV anime based on a manga that mixes intense action, suspense, and a brutal story about giant human-like beings and the truth behind them.",40028
"Can anyone recommend something set in a world behind walls, where uncovering hidden history changes everything and the conflict gets really serious?",40028
"Are there any finished-airing anime with military-style training, inherited powerful beings, and a fight between nations that turns increasingly violent?",40028
"What should I watch if I want a 17+ anime with lots of violence and profanity, a bleak atmosphere, and a high-stakes final showdown?",40028
"Can anyone recommend an anime about a young mercenary in a brutal war between England and the Danes, with revenge as the main drive?",37521
"I’m looking for a TV anime adapted from a manga that mixes Viking warfare, historical adventure, and a pretty dark dramatic tone. Any recs?",37521
Any action drama anime where the protagonist comes from a frozen Icelandic village and gets pulled into a life of violence and battles at sea and on land?,37521
"What should I watch if I want a serious Viking-era story with mercenaries, constant death, and a big personal vendetta?",37521
"Are there any historical adventure anime that focus on war, revenge, and the idea of finding a peaceful place far from violence?",37521
"Can anyone recommend a sports anime about a shy, bullied teen who gets into boxing and keeps training hard to get stronger?",263
"I’m looking for a TV anime based on a manga that follows an underdog boxer rising through tough matches and rivalries, with lots of training and improvement.",263
Any anime about a kind but timid guy whose physical strength surprises people when he starts a boxing career and faces stronger opponents one by one?,263
"What should I watch if I want a boxing series with a rival-driven story, a veteran coach, and a lot of earned victories and losses?",263
"Are there any sports anime that focus on a young boxer balancing family responsibility, bullying, and the grind toward greatness?",263
Any anime recommendations for a high-stakes volleyball match where a scrappy underdog team is trying to reach nationals?,32935
I’m looking for a sports TV series about a school volleyball team facing a powerhouse opponent and their top ace.,32935
Can anyone recommend an anime where the third-year players get one last shot at qualifying for the national tournament?,32935
What should I watch if I want an intense team sports series built around a decisive championship match and a lot of pressure?,32935
"Are there any manga-based anime with competitive volleyball, strong rivalry energy, and a do-or-die tournament setting?",32935
Can anyone recommend a fantasy anime movie about a kid getting trapped in a spirit world and having to work with strange beings to save their parents?,199
"I’m looking for an adventure movie with a young, stubborn protagonist, eerie supernatural stuff, and a journey through an unfamiliar hidden world.",199
"Any PG-rated animated films where an ordinary family visit turns into a surreal fantasy with spirits, ghosts, and a child learning to be brave?",199
"What should I watch if I want a movie with a magical otherworld, weird creatures, and a main character trying to get home after being separated from their parents?",199
"Are there any award-winning fantasy movies that mix a dreamlike atmosphere with danger, character growth, and a rescue-the-parents plot?",199
"Can anyone recommend an anime TV season with brutal action, political conflict, and a dark suspenseful tone where former allies turn against each other?",48583
I’m looking for a manga-based anime about two long-feuding nations using soldiers and giant creatures in a desperate fight to wipe each other out.,48583
"Any recommendations for a 17+ anime with a protagonist making extreme, mysterious choices while everyone around him tries to stop a disastrous plan?",48583
"What should I watch if I want a tense war story with childhood friends, prison break-style desperation, and a lot of drama about saving someone’s soul?",48583
Are there any action dramas where a young soldier and other survivors are caught in chaos after a powerful transformation changes everything?,48583
"Can anyone recommend an ONA where a naive alien-like creature tries to make an unhappy bullied girl smile, but things keep going wrong?",60489
"I’m looking for a sci-fi drama about a lonely kid, a small nonhuman visitor from another world, and good intentions causing unintended consequences.",60489
"Any short anime recommendations with a dark, emotional tone, bullying, family problems, and an outsider trying to understand human feelings?",60489
What should I watch if I want a finished manga-based ONA about a creature from space who wants to spread happiness but gets caught up in a sad child’s life?,60489
Are there any dramas with violence and profanity where a bond between a girl and her pet becomes part of a story about loneliness and failed attempts to help her?,60489
"Any TV anime from a light novel that mixes supernatural oddities, mystery, and romance with a pretty heavy comedic tone?",17074
Can anyone recommend a series where a close-knit friend group deals with apparitions and gods while a graduation deadline pushes the story forward?,17074
"I'm looking for an anime with a vampire girl, a spirit, and other strange beings showing up around a high school cast, with violence and profanity in the mix.",17074
What should I watch if I want a mystery-heavy supernatural anime where one girl gets targeted by a vicious tiger apparition after the main guy disappears?,17074
"Are there any character-driven anime about a tight group of friends facing weird occult events, relationship drama, and choices about the future?",17074
Can anyone recommend a sci-fi TV anime set in space where a bounty hunter crew chases criminals and gets dragged into one member’s violent past?,1
"I’m looking for an action anime with a crew of misfit outlaws, a lot of crime-hunting across the galaxy, and a pretty dark, mature vibe.",1
"Any recommendations for an original 90s anime about intergalactic bounty hunters, found-family dynamics, and a revenge plot that keeps catching up with them?",1
"What should I watch if I want a space-set action series with a con artist, a child prodigy, and a bioengineered animal traveling with the main crew?",1
"Are there any award-winning sci-fi anime where the main character is haunted by his past, works as a bounty hunter, and has to choose between revenge and his new companions?",1
Can you recommend a TV anime based on a manga where heroes and villains are in a huge final war and the future of society is on the line?,60098
I’m looking for an action anime with a teen hero pushing past his limits while fighting against a world-threatening villain and his allies.,60098
Any TV anime recommendations for a final-season style story where a critically injured symbol of peace leaves everyone shaken and fear starts spreading?,60098
"What should I watch if I want an anime about an all-out battle between heroes and villains, with one determined young fighter leading the resistance?",60098
"Can anyone recommend a PG-13 action anime with a dark, high-stakes conflict, big heroic team-ups, and a battle that decides who shapes the future?",60098
Can anyone recommend an action TV anime adapted from a manga that’s a fifth season of a long-running war story with a lot of violence and profanity?,53223
"I’m looking for an anime season that continues a battlefield-heavy story and stays really intense and mature, any recommendations?",53223
"Any TV anime from manga that focus on large-scale combat and political conflict, especially if they’re deep into a multi-season run?",53223
"What should I watch if I want an action anime with a serious, adult tone and lots of war-related violence?",53223
Are there any finished 2024 action anime seasons that are part of an ongoing historical-style conflict story and come from a manga?,53223
Can you recommend a TV anime about a socially anxious girl who wants friends and ends up joining an all-girl band?,47917
I’m looking for a comedy anime where a lonely high school student spends most of her time on guitar and slowly grows through performing live music.,47917
"Any finished anime series about a group of high school girls bonding through rock music, awkwardness, and trying to get better as a band?",47917
"What should I watch if I want a teen-friendly TV show with an introverted protagonist, band practice, and a lot of music-focused friendship drama?",47917
Are there any anime based on a 4-koma manga that mix comedy with a shy musician learning to play in front of others?,47917
"Can anyone recommend an action anime set during a big political power struggle in ancient China, with armies, court intrigue, and a coming-of-age ceremony on the line?",50160
"I’m looking for a manga-based TV series where a young ruler has to balance trust, internal court conflict, and an outside military threat at the same time.",50160
"Any war-heavy historical anime where a kingdom is recovering after a massive campaign, but rival factions and a surprise invasion keep the tension high?",50160
"What should I watch if I want a series about a leader with the people’s trust, a scheming political rival, and only a few allies he can rely on?",50160
"Are there any anime with large-scale battles, battlefield strategy, and a lot of pressure from both enemy armies and backstabbing inside the court?",50160
Can anyone recommend an anime where a carefree young pirate with a superhuman ability goes after a legendary treasure and a pirate king title?,21
"I’m looking for a long-running TV anime about a big ocean adventure, dangerous pirates, and a main character who stays upbeat while chasing an impossible dream.",21
"Any action-adventure fantasy anime with a teen protagonist, a ragtag crew, and a journey across dangerous seas for a world-famous treasure?",21
"What should I watch if I want an anime where the hero is a pirate, keeps smiling through huge challenges, and slowly gathers unusual companions?",21
"Are there any fantasy adventure anime with high-seas battles, a strong-willed lead, and a quest that inspires lots of other pirates to hunt for the same prize?",21
Can anyone recommend a romance comedy movie about two students who are terrible at admitting their feelings and keep turning everything into a mental showdown after their first kiss?,52198
"I’m looking for a manga-based anime movie with comedy and drama, where a couple is stuck in awkward post-kiss relationship limbo and has to sort out what they mean to each other.",52198
"Any PG-13 romance movies with a holiday-season backdrop, lots of emotional tension, and two leads who treat love like a battle of wits?",52198
"What should I watch if I want a school romance movie about student council members dealing with uncertainty, jealousy, and finally trying to become an actual couple?",52198
Are there any romantic comedy-dramas where the main pair are already into each other but keep overthinking everything and struggling to confess properly?,52198
"Can anyone recommend a TV anime about a high school concert band trying to win gold at nationals, with a lot of pressure as graduation gets closer?",39894
I’m looking for a drama series where a third-year student has to lead a school music club through its final push toward the national stage.,39894
"Any anime about a competitive concert band, new members joining late, and the tension of trying to reach a top-level competition?",39894
"What should I watch if I want a teen-focused music drama with ensemble competition, leadership struggles, and emotional rivalries?",39894
"Are there any TV anime that follow a school band’s last chance before graduation, especially with a talented transfer student shaking things up?",39894
Any anime recommendations with a quiet traveling healer-type protagonist dealing with mysterious supernatural beings and strange village problems?,24701
"I’m looking for a TV anime based on manga that mixes mystery and slice-of-life while following a wanderer who solves eerie, hard-to-explain cases.",24701
"Can anyone recommend a supernatural adventure series where ghostly creatures can cause things like time loops, living shadows, and telepathy?",24701
"What’s a good teen-rated anime about an arbiter deciding whether supernatural powers are blessings or curses, with a calm but unsettling tone?",24701
"Are there any finished TV anime with an episodic feel, set around village-to-village encounters, where people have to live with the strange consequences of dealing with invisible beings?",24701
"Can anyone recommend a TV anime with military sci-fi, heavy drama, and a brutal war setting where a dehumanized squad keeps getting sent back to the front lines?",48569
"I’m looking for an anime based on a light novel that mixes propaganda, battlefield politics, and a constantly escalating war against a machine enemy. Any suggestions?",48569
Are there any R-rated war anime about a small squad of soldiers trying to find purpose again after being pulled out of a safe place and thrown back into combat?,48569
"What should I watch if I want a sci-fi drama with two factions, a newly formed citizenship system, and lots of pain and death on the battlefield?",48569
"Can you recommend an anime where the cast is quarantined on a military base for a while, then ends up fighting alongside an imperial-era survivor in a new squadron?",48569
Can anyone recommend an anime about a young prodigy in early 15th-century Poland who gets pulled from theology into astronomy and has to keep his beliefs secret from a powerful church?,52215
I’m looking for a TV anime based on a manga where someone risks gruesome punishment to prove a heliocentric theory and build scientific evidence in a hostile religious society.,52215
"Any dramas with a serious, historical feel where the main conflict is scientific curiosity versus church-backed heresy accusations?",52215
"What should I watch if I want an anime about careful calculations, empirical thinking, and trying to uncover the truth about the universe while staying under the radar?",52215
"Are there any 17+ anime with a tense, oppressive atmosphere centered on forbidden astronomy and a protagonist torn between rational ambition and social approval?",52215
Can anyone recommend an anime where a student gets a power that can force absolute obedience and then uses a masked identity to lead a rebellion?,1575
"I’m looking for a TV anime with sci-fi and drama vibes, plus a revenge story against an oppressive military empire.",1575
"Any recommendations for a series about a foreign-ruled country, resistance fighters, and a clever protagonist playing both sides?",1575
"What should I watch if I want a 25-episode original anime with a dark tone, violence, and a mastermind pulling off anti-empire attacks?",1575
"Are there any anime about a mysterious power-giver, a vigilante alter ego, and a plan to fight back after a nation’s conquest?",1575
"Can anyone recommend a TV anime with psychic powers, comedy, and supernatural cases, but that also focuses on the main character trying to grow up and become more independent?",50172
"I’m looking for an anime where a teen esper deals with both everyday life problems and wild paranormal incidents, with a strong mix of action, comedy, and emotional drama. Any recs?",50172
"What are some anime about a powerful psychic working with a mentor and a new assistant to solve client cases, while also struggling with emotional stability and maturity?",50172
"Any good action-comedy supernatural anime where the main character has to balance school life, personal growth, and dangerous psychic conflicts?",50172
"Can someone recommend a web manga adaptation with a teen protagonist, psychic abilities, and a story that mixes ordinary life with weird supernatural threats?",50172
"Can anyone recommend an ONA where two friends use photo-entering powers to take on clients' requests, but messing with the pictures could change the future?",44074
"I’m looking for something with a small shop setting, mystery cases, and a suspenseful drama vibe where people jump into photographs to uncover secrets.",44074
"Are there any anime with extraordinary abilities, time-sensitive consequences, and a story that gets personal while solving requests through pictures?",44074
"What should I watch if I want a teen-rated original ONA about entering photographs, seeing events through a photographer’s eyes, and risking huge changes to the future?",44074
Any recommendations for a mystery suspense series where the main duo uses their powers to investigate photos and has to stay focused even when the case hits close to home?,44074
Can you recommend an action supernatural anime where high school sorcerers have to protect people from powerful curses born from negative emotions?,51009
"I’m looking for a TV anime with dark battles, a 17+ rating, and a mission that turns into a moral conflict between sorcerers and ordinary humans.",51009
Any anime set around a jujutsu school where students and sorcerers are fighting an organized curse attack led by an ancient cursed spirit?,51009
"What should I watch if I want a manga-based anime with intense team battles, a citywide assault, and a desperate effort to stop curses from wiping out humans?",51009
Are there any supernatural action series where the strongest sorcerer becomes a target and the heroes have to risk everything to defend innocent people?,51009
Can you recommend a TV anime comedy-romance where two students keep getting closer and have to figure out if they should stay friends or become a couple?,55690
"I’m looking for an anime based on a manga about awkward teenage feelings, school life, and a slowly growing relationship between two classmates.",55690
"Any romance anime with a shy guy, a girl who’s more outgoing, and a lot of time spent watching their bond deepen outside school?",55690
"What should I watch if I want a PG-13 teen anime that balances comedy with a sweet, uneasy crush turning into real feelings?",55690
Are there any TV romance series where the main pair reunite after a break and spend the season dealing with changing emotions and growing up?,55690
Can anyone recommend a music video anime with a catchy opening-song vibe and a teen-friendly rating?,55016
I’m looking for a short music anime that’s basically an original promo-style video built around a single song.,55016
Any recommendations for a one-episode music release that was also used as an anime opening theme?,55016
What should I watch if I want a polished music video from a well-known anime studio and not a full series?,55016
"Are there any music anime shorts that feel like a stylish, high-energy performance piece tied to a popular opening song?",55016
Can anyone recommend an action anime where the heroes are recovering from a brutal surprise attack and have to keep fighting without their strongest techniques?,53998
"I’m looking for a TV anime based on a manga where the main character has to push through intense physical, emotional, and mental training to gain new power and save his allies.",53998
"Any supernatural action series with a war between Soul Reaper-like fighters and a Quincy army, especially with big survival stakes and revenge vibes?",53998
What’s a good anime about a weakened group of captains struggling to defend their world while their enemy keeps coming back stronger and recruiting allies from inside their circle?,53998
"Can you recommend a dark adventure anime with violent battles, rival friends on opposite sides, and a protagonist training to overcome a godlike enemy?",53998
"Can anyone recommend a sports movie about high school basketball, especially one centered on a quick-thinking point guard and a big national championship run?",45649
I’m looking for an anime film based on a manga that follows a school basketball team taking on the defending champions in a high-stakes tournament. Any suggestions?,45649
What should I watch if I want an award-winning teen sports movie with fast-paced basketball action and a team trying to reach the top at nationals?,45649
Are there any basketball anime movies where the main guy is a speedster point guard from Okinawa and the story focuses on a team’s big tournament challenge?,45649
"Can someone recommend a PG-13 sports movie with intense high school basketball, strong team dynamics, and a final showdown against the reigning champs?",45649
"Can anyone recommend an action anime with supernatural demon hunts, a dangerous undercover mission, and plenty of high-stakes fights?",47778
I’m looking for a TV anime based on a manga where a group has to infiltrate a flashy entertainment district to track down a powerful demon—any suggestions?,47778
Any series with a tough warrior and his three wives teaming up with younger demon slayers after a previous disaster leaves the crew shaken?,47778
"What should I watch if I want a dark, violent supernatural show about rescuing missing people in a criminal entertainment district?",47778
"Are there any anime with an 17+ rating, demons terrorizing women, and a fast-paced mission led by the Demon Slayer Corps?",47778
Can anyone recommend an action TV anime set in ancient China with big battlefield strategy and brutal war politics?,61517
I’m looking for a manga-based anime about a former servant rising through military ranks while chasing a dream of becoming the greatest general.,61517
"Any war anime where a king is trying to unify a fractured country, with shifting alliances and huge campaigns against rival states?",61517
"What should I watch if I want a series with tactical warfare, multiple commanders leading separate units, and a high-stakes siege battle?",61517
"Are there any R-rated historical action anime that mix power struggles, legal reforms, and large-scale army tactics?",61517
Can anyone recommend a TV anime based on a manga that’s a quiet drama about a 35-year-old novelist suddenly becoming guardian to her teenage niece after a family tragedy?,58788
"I’m looking for an anime with an awkward aunt-and-niece living situation, where both characters are dealing with grief and slowly learning how to live together.",58788
Any drama anime about a woman with no real parenting experience taking in her 15-year-old niece and helping her cope by writing in a diary?,58788
"What should I watch if I want a teen-friendly TV series with a very personal, emotional story about family loss, complicated feelings, and figuring yourself out?",58788
"Are there any manga adaptations in anime form that focus on two mismatched relatives, one an adult writer and the other a grieving teenager, trying to build a new home together?",58788
Can anyone recommend an ONA where superheroes gain powers from public trust and the top hero is determined by data?,53447
I’m looking for an action series about ordinary people becoming heroes once they collect enough trust points and unlock superpowers.,53447
Any anime with a world where everyone’s trust is measured on wrist displays and the hero ranking can change at any time?,53447
"What should I watch if I want a story about a hero system based on public belief, with a lot of uncertainty around who stays on top?",53447
"Are there any action originals with a superpower system tied to social trust, where even regular people can become heroes?",53447
Can anyone recommend a TV anime drama about people trying to keep a fading traditional performing art alive while dealing with their own personal conflicts?,33095
"I’m looking for a manga-based anime where an established performer struggles with aging, self-doubt, and the pressure to stay relevant in a changing world.",33095
Any shows about a student of a master performer who’s trying to find his own style instead of just copying what he was taught?,33095
"What should I watch if I want a character-driven drama where a single mother, a stubborn romantic proposal, and family conflict all tie into the story?",33095
"Are there any anime about preserving an old art form that focus more on emotional baggage, mentorship, and identity than on action?",33095
Can anyone recommend a TV anime about a former child soldier trying to figure out human feelings after a war ends?,33352
I’m looking for a light-novel anime where the main character works as a letter writer and helps people express their emotions.,33352
Any drama series about someone recovering from war injuries and starting a new life while learning what a loved one’s last words meant?,33352
What should I watch if I want a postwar story with an emotionally reserved protagonist and lots of client-focused episodes about personal letters?,33352
"Are there any PG-13 anime with a gentle, emotional tone where the lead takes a writing job that ends up becoming a path to self-discovery?",33352
"Can anyone recommend an OVA about a young swordsman’s tragic backstory, with lots of action, drama, and a bit of romance?",44
I’m looking for an anime that follows an assassin’s origins and shows a conflicted hero torn between justice and corruption. Any recs?,44
"Are there any samurai stories where the lead starts out protecting the innocent but is forced into a violent life, with a dark and emotional tone?",44
"What should I watch if I want a historical-feeling swordfight story with violence, profanity, and a doomed romance subplot?",44
Any recommendations for an anime based on a manga that explores the beginning of a legendary swordsman before he swore never to kill?,44
Can anyone recommend an action-supernatural anime movie that’s the first part of a trilogy and adapted from a manga?,59192
"I’m looking for a dark shonen movie with heavy violence and profanity, where the story is set in a supernatural castle-like battleground. Any recs?",59192
Are there any finished anime films about demon hunters facing a major new arc in a brutal supernatural setting?,59192
What should I watch if I want a movie version of a manga adaptation with intense action and an R-rated tone?,59192
Any recommendations for a one-episode anime movie that kicks off a trilogy and focuses on a big clash in a supernatural world?,59192
"Can anyone recommend a TV anime about a wandering helper dealing with mysterious supernatural creatures that mostly coexist with humans, with a calm adventure-mystery vibe?",21939
I’m looking for a manga-based anime where the lead travels around helping people affected by strange unseen beings and has to decide when it’s right to вмешаться in their lives.,21939
"Any recommendations for a slow, atmospheric series with slice-of-life and supernatural elements, focused on odd creatures, gifted people, and delicate human relationships?",21939
"What’s a good anime about a lone traveler learning about dangerous but not malevolent spirits-like beings, while solving unusual problems along the way?",21939
Can you suggest a PG-13 adventure mystery series that follows a seasoned supernatural specialist confronting the fallout of humans interacting with strange invisible lifeforms?,21939
Can anyone recommend a TV anime about a former delinquent who becomes a high school homeroom teacher and has to deal with a notoriously difficult class?,245
"I’m looking for a comedy anime with a wild, unconventional teacher who helps students struggling with bullying, suicide, and other serious school problems.",245
Any manga-based anime where the main character is a rough-around-the-edges ex-gang leader trying to earn respect as a teacher at a prestigious school?,245
"What should I watch if I want a school comedy where students try to drive away every new teacher, but one eccentric guy refuses to quit?",245
"Are there any anime with an adult lead who uses bizarre, fearless methods to connect with troubled teenagers and make school feel fun again?",245
Can you recommend a sports anime about a determined horse girl chasing the top after leaving her small hometown for Tokyo?,61930
"I’m looking for a manga-based TV anime with intense racing drama, a rival prodigy, and a main goal of becoming the best in Japan.",61930
Any anime where the lead has to overcome both a fierce domestic rival and world-class overseas competitors in a major tournament?,61930
"What should I watch if I want a PG-13 sports drama with lots of pressure, competition, and support from close friends?",61930
Are there any anime about an ambitious female runner aiming to conquer a big championship through hard work and raw talent?,61930
"Can anyone recommend a TV anime with a huge final battle, supernatural powers, and a war that could reshape multiple worlds?",56784
I’m looking for an action-adventure anime where the hero has to stop a godlike enemy from destroying the balance between the human world and the spirit realms.,56784
"Any anime with a protagonist who has a complicated lineage, gets pulled into a conflict by a powerful enemy, and has to protect innocent lives across different realms?",56784
"What should I watch if I want a dark shonen-style anime with violence, profanity, and desperate alliances with old enemies to turn the tide?",56784
"Are there any manga-based TV series about a last-stage showdown between elite warriors, a ruler of the dead or soul-like world, and a plan to create a new world in someone’s image?",56784
Can anyone recommend a TV anime based on a manga about a featherweight boxing champion defending his title and facing tougher international challengers?,5258
I’m looking for a sports anime where Japan’s top fighters have to step up against rising world competition and prove themselves in the ring.,5258
Any manga-based boxing anime with a rival returning to Japan to chase a belt and push the main fighter to the next level?,5258
"What should I watch if I want a teen-friendly sports series with intense boxing matches, championships, and a strong underdog vibe?",5258
"Are there any anime where champions suddenly become challengers and the story is all about fighting spirit, rivalry, and chasing glory?",5258
Can anyone recommend an anime movie about a plain young woman who gets cursed into an old body and has to travel with a magical wizard in a moving castle?,431
"I’m looking for a fantasy romance film with a living castle, eccentric magical companions, and a kingdom being torn apart by war.",431
Any all-ages adventure movie where a woman cursed by a jealous witch joins a powerful wizard and a fire demon on a dangerous journey?,431
"What’s a good animated movie with a magical setting, a cursed heroine, and a wandering castle run by a famous wizard?",431
Can someone suggest a drama-heavy fantasy movie about breaking a curse while traveling through a war-stricken kingdom with bizarre magical allies?,431
"Can anyone recommend a fantasy movie where a cursed young warrior is caught between humans and forest spirits, with a big nature-vs-industry conflict?",164
I’m looking for an anime film with an original story about a prince who gets a demonic curse and has to travel to find a cure while facing a dark inner battle.,164
"Any action-adventure movie recommendations that focus on a clash between deforestation and sacred nature guardians, but still try to find peace between both sides?",164
"What should I watch if I want a PG-13 fantasy movie about humans, spirits, and the struggle to balance technology with the natural world?",164
"Are there any animated films where the protagonist is injured by a monster, gains dangerous powers, and ends up in the middle of a war over the forest?",164
"Can you recommend an ONA with martial arts cultivation, a mystery investigation, and a cursed body part driving the plot?",40434
I’m looking for a fantasy series where two cultivators dig into a dark conspiracy and end up challenging the whole cultivation world—any recs?,40434
Any action-adventure stories with a suspicious protagonist who’s mistaken for a demonic sorcerer and has to prove his innocence?,40434
"What should I watch if I want a story about a deserted city, hidden conspiracies, and a threat that puts an entire sect-based world at risk?",40434
"Are there any dark fantasy mystery anime with violence, profanity, and a pair of allies unraveling secrets from cultivation history?",40434
"Can anyone recommend an ONA where a supernatural mystery series continues after the main guy leaves for university, and another character has to take over helping people deal with curses and odd paranormal problems?",57864
"I’m looking for a comedy-mystery anime with a supernatural vibe, where a middle school girl recovering from paranormal stuff gets her personality split into multiple versions that cause chaos around town.",57864
Any light novel-based anime about a living doll watching over a girl with a secret while handling occult cases in a town full of strange afflictions and curses?,57864
"What should I watch if I want a quirky supernatural story with violence and profanity, plus a heroine trying to become a manga artist while dealing with a fractured identity?",57864
"Are there any finished supernatural series where characters have to confront personal and emotional issues through weird paranormal events, clones, and a lot of town-wide chaos?",57864
Can anyone recommend an anime where a quiet investigator travels around chasing strange supernatural rumors and trying to understand mysterious lifeforms tied to nature?,457
"I’m looking for a TV anime with an episodic, laid-back feel, but still full of mystery and supernatural encounters centered on weird creatures in the natural world.",457
"Any manga-based anime about a researcher who studies odd lifeforms that can resemble plants, diseases, or even natural phenomena, and that leans more thoughtful than action-heavy?",457
"What should I watch if I want a slice-of-life adventure with a calm tone, a wandering main character, and a lot of questions about why these mysterious beings exist?",457
"Are there any PG-13 supernatural anime that focus on a solitary traveler dealing with unexplained events, folklore-like mysteries, and the boundary between humans and strange life in nature?",457
Can anyone recommend a sports anime movie about horse girls chasing the top level of racing and aiming for a big title after seeing a rival’s huge win?,57647
"I’m looking for an anime movie with a confident rookie racer who jumps into serious competitions and gets obsessed with beating a smart, eccentric rival.",57647
Any movie recs for a game-based sports story where a determined girl enters higher-level races and keeps pushing for revenge after her first major loss?,57647
"What should I watch if I want a competitive horse-racing story with underdog drive, intense rivalries, and a goal of winning the Triple Crown?",57647
"Are there any PG-13 sports movies about horse girls, big-league races, and the pressure of proving yourself on the biggest stage?",57647
Can anyone recommend a TV anime with underground survivors who break out to the surface and get pulled into a big mecha war?,2001
I’m looking for an adventure sci-fi anime where a timid kid and a reckless partner use an ancient war machine and start exploring the wastelands.,2001
"Any anime about humanoid enemies in giant robots, with a hot-blooded action vibe and a journey to reclaim the surface?",2001
"What should I watch if I want a PG-13 original series with a small group fighting for humanity, plus a huge galaxy-scale mystery?",2001
"Are there any TV anime that mix found mecha, post-apocalyptic surface travel, and loud, over-the-top teamwork energy?",2001
"Can anyone recommend an ONA with a mystery-thriller vibe, where a photo studio gets pulled into a dangerous investigation and nobody feels safe?",49413
"I’m looking for a drama/suspense series about a protagonist who has to act fast after a tragic failure, with a deadly hidden enemy causing chaos around them.",49413
"Any anime like this where someone ends up hospitalized and another is arrested, while the story follows an ongoing hunt for a mysterious person who can possess others?",49413
"What should I watch if I want an original ONA that mixes police investigation, ruthless legal pressure, and a tense supernatural-feeling mystery?",49413
Are there any 17+ series with violence and profanity that focus on uncovering a masked adversary behind a string of fatal attacks?,49413
Can anyone recommend a TV anime with drama and romance about a former child piano prodigy who struggles after a family tragedy and gets pulled back into music by an eccentric violinist?,23273
"I’m looking for an anime where a quiet middle school boy, traumatized by his mother’s death, starts performing again as an accompanist and slowly grows closer to a girl who changes his life.",23273
"Any manga-based anime about classical music, emotional healing, and two young musicians helping each other through grief and a comeback?",23273
What should I watch if I want a teen drama with a talented pianist who loses confidence after trauma and a lively violinist who brings color back into his world?,23273
"Are there any romance anime centered on music performance, a broken relationship with the piano, and a bittersweet bond between two student musicians?",23273
"Can anyone recommend an ONA with gods, ghosts, and an emotionally heavy fantasy plot where a bad-luck exiled deity keeps getting pulled into danger?",50399
"I’m looking for an action-adventure fantasy about a forgotten god infiltrating a ghost-run city to find a missing deity, especially if there’s a powerful and feared ghost ruler involved.",50399
"Any web novel adaptation anime with a heavenly realm, a ghost realm, and a main relationship that mixes tension, trust, and some obvious past-history vibes?",50399
What should I watch if I want a PG-13 fantasy series where the main character is treated as a trouble magnet but still keeps stepping into the territory of a terrifying ghost king?,50399
"Are there any finished ONA series about a lost god, a mysterious godly distress signal, and a powerful supernatural figure who quietly goes out of their way to help him?",50399
Can anyone recommend an action anime sequel where the heroes are trapped behind walls and have to deal with both giant monsters and human enemies?,35760
"I’m looking for a TV anime based on a manga that mixes intense action, drama, and suspense with a government hunt for some of the main cast.",35760
Any anime with a soldier squad trying to protect a Titan-shifter while evading both monsters and a hostile human faction?,35760
"What should I watch if I want a dark 17+ series about survival, betrayal, and a fight against creatures that keep humanity caged in?",35760
Are there any finished TV anime seasons where the main conflict shifts from just fighting Titans to also dealing with dangerous people inside the walls?,35760
"Can anyone recommend an anime with a huge mysterious chasm, a descent into dangerous unknown layers, and a dark adventure vibe?",34599
"I’m looking for a TV anime about a young explorer trying to follow in a legendary parent’s footsteps, with a robot companion and a journey into a deadly abyss.",34599
"Are there any adventure-fantasy shows where the world is built around ancient relics, strange creatures, and uncovering the secrets of a deep underground pit?",34599
What should I watch if I want a mystery sci-fi anime about a boy-like robot with missing memories and a girl who goes deeper into a dangerous world to find answers?,34599
"Any 17+ anime with a bleak but adventurous tone, where characters explore a mysterious underworld and slowly learn how harsh it really is down there?",34599
Any action-fantasy movie recs where a magical war turns into a desperate final battle against a hidden enemy and a corrupting force spreading through the city?,33050
"Can anyone recommend an anime movie with a teenage mage-war conflict, lots of violence, and a protagonist whose ideals get tested by whether a broken world can still be saved?",33050
"I’m looking for a dark fantasy film where allies become enemies, the stakes are life-or-death, and the main cast has to protect the people they care about from an overwhelming threat.",33050
"What should I watch if I want a violent, R-17+ movie based on a visual novel, with a city-wide supernatural war and a corrupt shadow-like menace?",33050
"Are there any fantasy action movies with a tragic, endgame feel, where the last stage of a holy grail-style war forces characters into impossible choices and emotional betrayals?",33050
"Can anyone recommend a TV anime that mixes slice-of-life with supernatural youkai encounters and a really gentle, emotional tone?",11665
"I’m looking for an anime where a shy guy can see and deal with spirits, and the story is as much about self-understanding as it is about the supernatural stuff.",11665
"Any series about a teen who inherited a dangerous book connected to youkai, gets dragged into conflicts over it, and has to rely on both human and spirit friends?",11665
"What should I watch if I want a PG-13 anime with a cat-disguised spirit bodyguard, rescue missions, and old grudges with a clan of exorcist-like enemies?",11665
"Are there any manga-based TV anime where the main character faces his past through encounters with forest spirits, hidden dangers, and a lot of friendship and acceptance?",11665
Can anyone recommend a sports anime about two childhood best friends who play ping-pong but have really different attitudes toward competition?,22135
I’m looking for a TV anime where a naturally talented athlete holds back his strength and has to figure out what he really wants from the sport.,22135
"Any drama-heavy sports anime with intense rivalries, tournament pressure, and players dealing with their own inner struggles?",22135
"What should I watch if I want an anime about high school ping-pong, training under a coach, and trying to overcome self-doubt?",22135
"Are there any award-winning sports anime that focus on the meaning of winning, ambition, and the pressure to become the best?",22135
"Can anyone recommend a TV anime with a blunt, eccentric protagonist who drives a taxi and gets tangled up in a missing-person case, yakuza, and corrupt cops?",46102
I’m looking for a mystery drama anime where an ordinary-feeling taxi driver’s life spirals out of control after police start tracking a missing girl back to him.,46102
"Any suspense anime with a strange cast of passengers and contacts, plus crime, a runaway investigation, and some dark urban tension?",46102
"What are some original TV anime about a quiet working guy whose normal routine gets wrecked by delinquents, shady cops, and a case that keeps closing in on him?",46102
"Can you suggest an award-winning drama-mystery anime with a cynical lead, lots of unusual side characters, and a crime plot that keeps escalating?",46102
"Any movie recs about a spirit-world and human world peace breaking down, with two allies trying to uncover a conspiracy that could hurt both sides?",61952
I’m looking for an all-ages fantasy adventure film where a spirit-based hero teams up with a mentor’s last disciple to protect a fragile bond between two realms.,61952
"Can anyone recommend an animated movie with adventure, drama, and fantasy, where the main conflict is exposing a plot after an attack disrupts the balance between humans and spirits?",61952
"What should I watch if I want a movie about protecting the connection between the spirit world and humanity, with a strong buddy partnership and a conspiracy angle?",61952
"Any original fantasy films with a serious but accessible tone, where the story follows a hero and a disciple working together to save both realms from a hidden threat?",61952
"Can anyone recommend a manga-based movie about two girls bonding over rivalry, admiration, and a shared love of making comics?",58125
"I’m looking for an anime movie with a really personal drama about young artists, especially one focused on drawing manga and chasing someone’s talent.",58125
"Any recommendations for a PG-13 movie where a shy, gifted student and a more outgoing classmate form a friendship through art and competition?",58125
What should I watch if I want a heartfelt drama about school-age girls creating four-panel comics and pushing each other to improve?,58125
"Are there any manga adaptations that focus on the emotional side of art, like obsession, self-doubt, and reconnecting with your passion?",58125
Can anyone recommend a music anime with a brutal alien-run singing competition where human contestants are basically property and only one can survive each round?,55255
"I’m looking for a sci-fi drama with a grim dystopian setup, alien sponsors, and a high-stakes performance contest that turns into a fight for survival.",55255
"Are there any animated series about enslaved humans forced into entertainment, with a suspenseful competition where relationships like love or hate matter between rivals?",55255
"What should I watch if I want a finished music series with violence and profanity, plus a deadly talent show in a world controlled by aliens?",55255
Any recommendations for a dark suspense story where humans are used as pet performers and every round of the competition leaves just one winner?,55255
Any ONA recommendations about a teen from the slums who gets dragged into a dangerous cybercrime underworld after gaining a speed-boosting prosthetic?,42310
Can you recommend a sci-fi action anime where a student’s dream of rising in a corrupt mega-corporate city gets wrecked and he turns to revenge?,42310
"I’m looking for something set in a futuristic city with street gangs, cyberware, and criminals-for-hire who risk losing their minds from implants.",42310
Are there any action-packed shows about a data thief teaming up with a desperate guy and entering a lawless world of cybernetic mercenaries?,42310
"What should I watch if I want a dark sci-fi ONA about survival, revenge, and body augmentation in a corrupt system?",42310
"Can anyone recommend an anime with a deadly supernatural notebook, a high school genius using it to judge criminals, and a tense cat-and-mouse battle with a detective?",1535
"I’m looking for a TV anime with a dark moral premise, a student who gains godlike power over life and death, and a nonstop battle of wits.",1535
Any suspense anime where the main character starts secretly eliminating evil-doers and gets hunted by a brilliant investigator?,1535
"What should I watch if I want a finished TV series about supernatural justice, murder, and two masterminds trying to outsmart each other?",1535
"Are there any dark anime with violence and profanity, a shady death-god setup, and a psychological showdown between a vigilante and a detective?",1535
Can anyone recommend an anime about a high school volleyball team training hard for a spring tournament after a big inter-high run?,28891
I’m looking for a sports anime where rivals team up at a training camp and have to sharpen their skills against strong teams from around Japan.,28891
"Any anime with intense team dynamics, where the players need to settle their differences and push toward one last shot before the seniors graduate?",28891
What should I watch if I want a volleyball series with a focus on developing new attacks and facing a tough archrival with a top-tier setter?,28891
"Are there any TV anime based on a manga that mix underdog sports training, big matches, and a lot of competitive team spirit?",28891
"Can anyone recommend an ONA with a Victorian-style steam era, occult horror, and a protagonist caught between light and darkness?",49818
I'm looking for an anime based on a web novel that mixes mystery and suspense with supernatural danger and warring religious factions.,49818
"Any fantasy series with a reincarnated lead, hidden potential, and a really ominous, high-stakes atmosphere?",49818
"What should I watch if I want action and fantasy in a world of dreadnoughts, secretive churches, and weird occult stuff?",49818
Are there any 17+ anime with violence and profanity that focus on an ordinary guy waking up in another identity and getting pulled into a dangerous mystery?,49818
"Any sports anime movie about a high-stakes volleyball match between long-time rivals, where one team has to outsmart a brilliant strategist to reach the semifinals?",52742
"Can anyone recommend an anime film with intense school volleyball competition, strong teamwork, and a rematch that decides whether a team can restore its former glory?",52742
I’m looking for a manga-based sports movie where a normally indifferent player gets excited for an official no-returns game against a familiar rival and friend.,52742
Are there any volleyball movies about a short but skilled middle blocker facing a team that’s never beaten them in practice matches before?,52742
"What should I watch if I want a tense teen sports movie centered on tactical volleyball, rivalry, and a battle in an opponent’s home court?",52742
"Can anyone recommend a TV anime with a quiet slice-of-life feel, supernatural encounters with spirits, and a protagonist who just wants a peaceful everyday life?",34591
I’m looking for a manga-based anime about a boy who keeps getting dragged into the world of exorcists and spirits because of something left behind by his grandmother.,34591
"Are there any anime where the main character can understand and deal with youkai, but the story is more gentle and reflective than action-heavy?",34591
"What should I watch if I want a supernatural series about a book that can control spirits, with both youkai and exorcists after it?",34591
"Any recommendations for a teen-friendly anime that mixes daily life drama with a focus on slowly learning about spirits, family history, and opening up to others?",34591
Can anyone recommend a sci-fi anime movie where humanity has to fight back against a super-powerful alien enemy after years of peace?,4565
I’m looking for an original anime film about a crew trying to restore hope for mankind and stop a world-ending threat.,4565
Any movies with a determined protagonist and a team taking on an overwhelmingly powerful enemy to save Earth?,4565
"What should I watch if I want a sci-fi movie with a post-victory world, rising danger from unchecked human growth, and a desperate counterattack?",4565
Are there any anime movies where the story centers on overthrowing a near-unstoppable foe and pushing humanity toward a better future?,4565
Can anyone recommend a TV anime with a comedy-romance setup where two genius students keep trying to outsmart each other into confessing first?,40591
"I’m looking for a manga-based anime about a student council, school politics, and a long-running awkward romance between two really clever leads.",40591
"Any PG-13 teen anime where the school year brings elections, rival candidates, and lots of scheming over a budding romance?",40591
"What should I watch if I want a funny school romance with tactical mind games, high-stakes student council drama, and a slow-burn relationship?",40591
"Are there any anime like this that mix clever romantic comedy with classmates, an ending student council term, and a fight for the next president?",40591
Can anyone recommend a TV anime where a reincarnated guy keeps adventuring across a dangerous fantasy continent with a small party while trying to get home?,45576
"I’m looking for a light novel–based anime with a former shut-in protagonist, a hard journey through a demon world, and a power he gets after helping a powerful ruler.",45576
"Any fantasy anime with an adventure party made up of a reincarnated man, his fierce student, and a former warrior leader, especially if the trip back home gets messy?",45576
"What should I watch if I want an isekai TV series with drama, some ecchi, and a main character who gains a strange new ability that changes his journey?",45576
"Can you recommend an anime where the heroes travel through hostile territory, build a name for themselves as adventurers, and keep running into unexpected dangers along the way?",45576
Can anyone recommend a sports anime about a young pro boxer defending his featherweight title while rivals try to counter his signature move?,19647
I’m looking for a TV anime based on a manga that follows a boxing gym crew chasing belts and pushing themselves in the ring—any recs?,19647
"Are there any anime with intense professional boxing matches, stubborn rivals, and a main character trying to figure out what it really means to be strong?",19647
"What should I watch if I want a boxing series where one fighter keeps getting challenged after winning a title, while a gym teammate also aims for his own championship shot?",19647
Any anime recommendations that mix hard-hitting sports action with a gritty pro boxing setting and a cast of lovable goofballs training for championships?,19647
Can anyone recommend an anime TV series about a mercenary swordsman who joins a battlefield troupe after a duel and ends up fighting massive armies?,33
"I’m looking for a dark fantasy anime with action, horror, and drama, where a super-strong fighter gets pulled into a brutal war group and trouble starts lurking in the background.",33
Any recommendations for an anime based on a manga about a wandering warrior with a giant sword who keeps taking paid jobs and never stays with one crew for long?,33
"What should I watch if I want a mature adventure anime with a rough, violent tone, a battle-hardened protagonist, and a group that dominates every fight they’re in?",33
"Are there any TV anime from the 90s with a powerful swordsman, military-style battles, and an ominous force threatening to turn his life upside down?",33
Can anyone recommend an action mystery TV anime where a detective team is on the run and has to clear their name by tracking down a terrorist leader?,54898
"I’m looking for a manga-based anime with a fugitive agency, a plan to stop a world-threatening chaos plot, and a lot of tense cat-and-mouse stuff.",54898
Any shows where a smart detective and his partner try to earn amnesty from an elite military-style group while dealing with hidden loyalties?,54898
"What should I watch if I want a dark action mystery with a protagonist team being hunted, violence and profanity, and a conspiracy tied to an old connection between rivals?",54898
"Are there any anime with an agency versus terrorist organization setup, where proving innocence means convincing a dangerous captain and uncovering his real motives?",54898
Any dark adventure movie where kids keep pushing deeper into a mysterious abyss and have to deal with a cruel scientist blocking their path?,36862
"Can you recommend an anime movie with a tragic backstory, emotional character drama, and a journey through a horrifying underground world?",36862
"I’m looking for a fantasy sci-fi movie about a small group traveling through deadly layers of an abyss, with body horror and a really intense tone.",36862
Are there any web manga-based movies where the heroes team up with a child connected to the villain and try to outsmart his twisted lab experiments?,36862
"What should I watch if I want an R-rated adventure film with mystery, dramatic bonding after loss, and a descent into a monstrous subterranean setting?",36862
"Can anyone recommend an anime with a trio exploring a deadly underground abyss, facing weird creatures and ruined landscapes while chasing a long-lost golden city?",41084
"I’m looking for a TV anime based on a web manga where the characters descend deeper into a mysterious world, uncover old secrets, and deal with a really harsh, dangerous environment.",41084
"Any adventure-fantasy anime with a creepy, unsettling atmosphere, strange humanoid beings, and a journey into an unexplored forbidden zone?",41084
"What should I watch if I want a sci-fi fantasy anime with a strong mystery element, brutal survival stakes, and a group searching for the legacy of past explorers?",41084
"Are there any dark adventure dramas where the main cast keeps going deeper into a massive abyss, encounters treacherous terrain, and uncovers hidden settlements and ancient ruins?",41084
Any TV anime recommendations where the main character moves on from revenge and starts focusing on career growth in the entertainment industry?,60058
"I’m looking for a drama anime with an idol group, showbiz success, and some really dark family-related mystery on the side.",60058
Can anyone recommend an anime where a girl climbs the ranks in entertainment and uses ruthless methods to solve a murder case?,60058
"What should I watch if I want a series about variety shows, idols, and a protagonist dealing with lingering memories of a parent?",60058
Are there any teen-rated anime that mix entertainment industry drama with a revenge-to-career shift and a sibling-driven quest for answers?,60058
Can anyone recommend an anime about a dungeon-crawling party that has to survive by cooking and eating monsters while trying to rescue a companion?,52701
"I’m looking for a fantasy anime with a practical adventuring party, monster-based meals, and a quest to save someone before it’s too late.",52701
"Any TV anime where the heroes are stuck deep in a dangerous dungeon, short on supplies, and have to turn defeated monsters into food?",52701
"What should I watch if I want an adventure-comedy with elves, dwarves, halflings, and a dungeon expedition focused on both survival and cooking?",52701
"Are there any anime like this where a group keeps exploring a monster-filled underground maze, learns about gourmet food, and tries to rescue a dragon’s victim?",52701
"Any movie recs with drama, romance, and supernatural stuff where a guy's relationship gets thrown off by a mysterious girl from his past?",38329
I'm looking for an anime movie based on a light novel that mixes emotional relationship drama with weird supernatural events and a hospital setting.,38329
"Can anyone recommend something about a protagonist dealing with conflicting feelings, a girl whose situation seems tied to him, and a life-or-death emotional choice?",38329
"What should I watch if I want a teen-rated romance drama movie with a strange illness, time-bending-feeling supernatural vibes, and a very personal conflict?",38329
"Any recommendations for a film where a high school guy has to navigate love, a past crush reappearing, and supernatural consequences connected to a girl's fate?",38329
Can anyone recommend a sci-fi mystery movie where one guy wakes up in a completely altered school life and has to figure out what changed?,7311
"I’m looking for an award-winning supernatural movie with a high school setting, weird reality shifts, and a protagonist who’s the only one remembering the old world.",7311
"Any light novel-based anime movie where the main character has to choose between staying in a normal life or restoring his bizarre, chaotic reality?",7311
"What should I watch if I want a PG-13 movie with mystery, sci-fi, and supernatural elements, plus a lone protagonist investigating a strange disappearance?",7311
"Are there any movies about a teen discovering his friends don’t remember him anymore after reality changes, and he tries to uncover the truth?",7311
Any anime recommendations with a violent supernatural battle royale where jujutsu users are forced to fight each other across Japan?,57658
"I’m looking for a TV anime about cursed spirit exorcists, with a teen protagonist facing an execution order and a world-threatening mastermind.",57658
Can anyone suggest an action-supernatural anime where the heroes are trying to rescue an incapacitated powerful ally while dealing with clan politics and old grudges?,57658
"What are some anime like one where a young sorcerer teams up with others to hunt cursed beings in abandoned city streets, then gets pulled into a deadly competition?",57658
"Any R-rated shounen-style anime with lots of profanity and violence, plus a dark plot about humans evolving, a secret plan, and sorcerers settling scores?",57658
"Can anyone recommend a TV anime with a gentle slice-of-life vibe, supernatural spirits, and a high schooler who can see youkai?",55823
I’m looking for an anime about a boy who helps return spirit names from a keepsake book and slowly builds bonds with both humans and youkai.,55823
Any finished 12-episode shows about a teen with spirit-seeing powers and a protective cat-like bodyguard?,55823
"What should I watch if I want something calm but emotional, with friendship themes and encounters with different youkai?",55823
Are there any manga-based anime where the main character is tied to a family legacy involving spirits and has to deal with their world?,55823
Can anyone recommend an award-winning sci-fi movie with drama and suspense where a teen pilot has to face the fallout of a failed apocalyptic plan and save what’s left of humanity?,3786
"I’m looking for an anime movie about survivors in a ruined world, where the main character starts building a new life in a settlement but gets pulled back into a battle between rival factions.",3786
"Are there any sci-fi films with a teenager piloting giant mechs, dealing with past trauma, and getting caught in a final conflict over the fate of Earth?",3786
"What should I watch if I want a PG-13 anime movie with heavy drama, broken-world survival, and a showdown over a plan to reshape humanity?",3786
"Can someone suggest a finished original movie where characters from a shattered Earth uncover new secrets, reunite after disaster, and head into one last battle to protect the planet?",3786
Can anyone recommend an anime about a teenage pickpocket who joins a mafia crew in a corrupt city and starts plotting to take down the boss from inside?,37991
"I’m looking for a TV anime with a gang war vibe, a protagonist who has a life-giving supernatural power, and lots of fights against other criminals.",37991
"Any action-adventure anime set in a city run by organized crime, where the main character dreams of climbing the ranks and becoming a powerful gangster?",37991
"What should I watch if I want a manga-based anime with strange supernatural powers, mafia politics, and a team-up with a morally upright gang member?",37991
"Are there any R-17+ anime with violent, stylish battles, a young lead with an unusual ability, and a story about overthrowing a criminal organization?",37991
Any anime movie recs where a calm traveler investigates a strange girl with plants growing out of her body and a mystery tied to a mountain?,28957
"I’m looking for a supernatural mystery with a quiet, atmospheric vibe and folklore-like creatures or phenomena—any anime movies like that?",28957
"What should I watch if I want a PG-13 anime movie based on a manga, with an occult investigation and a slow slice-of-life feel?",28957
Any adventure anime movies about uncovering the truth behind an eerie mountain legend and the people connected to it?,28957
Can you recommend a reflective supernatural series or movie where the main character travels around solving bizarre human-and-nature mysteries?,28957
"Can anyone recommend a TV anime based on a manga about horse girls training and racing, with a rookie trainer and an underdog from a small town?",59636
"I’m looking for a sports drama with a girl who runs with raw talent and no real ambition at first, but then starts chasing bigger goals. Any recs?",59636
"Are there any anime where a regional rival’s pride gets shaken by an unconventional runner, leading to a big competitive rivalry?",59636
"What should I watch if I want a PG-13 TV series about perseverance, recovery from childhood pain, and finding freedom through running?",59636
"Any manga-based anime with horse-girl races, big dreams, and a story that moves from a quiet hometown to the national stage?",59636
Can anyone recommend an anime where a super weak hunter keeps secretly getting stronger and has to hide it while dungeon incidents keep piling up?,58567
"I’m looking for a TV anime based on a web manga with action and fantasy, where a low-ranked fighter levels up fast and gets noticed by guilds.",58567
"Any adventure fantasy anime with a hunter surviving a deadly dungeon, then having to face a looming catastrophe while protecting his family?",58567
"What should I watch if I want a dark action series with violence, profanity, and a protagonist who keeps growing stronger through supernatural powers?",58567
"Are there any anime about low-ranked hunters, dungeon raids, and a guy chasing enough power to save his mother?",58567
Can anyone recommend an anime where humanity is trapped behind giant walls and has to fight off man-eating humanoid monsters?,16498
"I’m looking for a TV anime with brutal survival action, intense drama, and a really dark atmosphere.",16498
Any manga-based anime about a rookie joining an elite military force to battle terrifying giant creatures outside the walls?,16498
What should I watch if I want a post-disaster world where one attack shatters the peace and kicks off a desperate war for survival?,16498
"Are there any anime with a strong revenge-driven lead, huge human-eating enemies, and lots of suspense?",16498
Can anyone recommend a drama-romance TV anime about two young women with the same name who move to Tokyo and end up living together?,877
I’m looking for an anime based on a manga where a cheerful but naive girl and a lone punk singer both try to start over in the city and support each other.,877
"Any TV anime with a grounded story about heartbreak, chasing love or music dreams, and two women becoming roommates by chance?",877
"What should I watch if I want a romance-drama anime about ambitious young women, one aiming for love and the other for a music career, set around Tokyo life?",877
"Are there any anime with a mature, emotional tone where two contrasting female leads build a new life together after leaving their hometowns?",877
Can anyone recommend an anime movie that's a dark sci-fi drama with a depressed teen at the center and a huge world-ending conflict?,32
"I'm looking for a movie where giant humanoid robots are used in a desperate battle during a military invasion, with lots of suspense and psychological tension.",32
"Any recommendations for an original anime film about humanity facing a radical transformation plan, with a bleak and emotional tone?",32
What should I watch if I want an anime movie where a shaken pilot is forced back into a massive robot while society is collapsing around him?,32
"Are there any sci-fi dramas with an avant-garde feel, featuring rival factions, catastrophic stakes, and intense character angst?",32
Can anyone recommend an anime where the main character can see invisible youkai and keeps that ability secret while trying to live a calm everyday life?,32983
"I’m looking for a TV anime about a kind teen who returns the names of friendly spirits from a book inherited from a grandparent, with a gentle supernatural vibe.",32983
"Are there any anime with exorcist clans pressuring a protagonist with strong spirit-seeing powers to join them, but he refuses because he doesn’t agree with their harsh methods?",32983
What should I watch if I want a slice-of-life supernatural series about a boy caught between humans and youkai who believes peace between the two sides is possible?,32983
Any recommendations for an anime where a blackmail plot pulls the lead into a gathering of powerful exorcist families and dangerous spirits?,32983
Can anyone recommend a supernatural action anime movie where the main character is already half monster and has to fight vampire hunters to recover stolen body parts?,31757
"I’m looking for a light novel–based movie with vampires, a human trying to stay human, and a dark battle against three powerful hunters.",31757
Are there any action-mystery anime films where a protagonist keeps losing humanity while hunting down missing pieces of a vampire’s body?,31757
"What should I watch if I want a violent 17+ supernatural movie with a vampire, a half-vampire mist user, and a priest as major enemies?",31757
"Any recommendations for a movie where every fight pushes the lead closer to becoming a vampire again, and the story has both mystery and supernatural elements?",31757
Can anyone recommend an anime movie about a single mom raising two kids who can turn into wolves while trying to keep their secret hidden from society?,12355
"I’m looking for a heartfelt slice-of-life film with supernatural elements, especially one about family, loss, and raising unusual children alone.",12355
Are there any original anime movies where a human woman falls in love with a wolf-like man and has to raise their half-wolf children after he dies?,12355
What should I watch if I want a story about moving from the city to the countryside so kids with animal traits can grow up away from judgment and pressure?,12355
"Any PG-13 anime films that focus on the struggles and emotional side of single parenthood, with a mix of everyday life and shapeshifting?",12355
"Can you recommend a TV anime based on a manga where a boy can see spirits, travels with a protective youkai companion, and keeps helping release yokai from old contracts?",10379
I’m looking for a supernatural slice-of-life anime about someone who sees youkai and slowly accepts that gift instead of treating it like a curse.,10379
Any anime with a calm vibe where the main character has both human and spirit friends and has to balance those two worlds?,10379
What should I watch if I want a PG-13 anime about a teen who works through spirit-related problems with a bodyguard-like yokai companion?,10379
"Can anyone recommend a finished TV series with a gentle tone, supernatural elements, and a story centered on friendship between humans and youkai?",10379
Can anyone recommend a sports anime TV series about a high school volleyball team fighting through nationals and facing a really tough rival match?,40776
"I’m looking for an anime where an underdog school team has to stay motivated despite loud hecklers and pressure from a packed crowd, any recs?",40776
"What should I watch if I want a volleyball series with intense tournament games, clever team attacks, and standout twin opponents causing trouble?",40776
Any anime based on a manga that focuses on a teens-rated high school sports team pushing toward the top during a major championship run?,40776
"Are there any sports shows with a strong team-vs-team rivalry feel, where loyal supporters help turn things around during a high-stakes match?",40776
Can anyone recommend a TV special that’s basically a romantic comedy looking back on a couple’s goofy high school days after graduation?,61903
"I’m looking for a manga-based comedy romance with wholesome, silly flashbacks and a really lovey-dovey couple vibe.",61903
Any anime special about former student council members reminiscing about their school life and an early relationship that was full of teasing?,61903
"What should I watch if I want something short, PG-13, and centered on a sweet romance mixed with nostalgic memories from school?",61903
Are there any romance comedies where the main hook is an adult character finding an old photo album and remembering their past love story?,61903
Can anyone recommend an ONA where an ordinary person keeps pushing through a long fantasy cultivation journey?,60557
"I’m looking for an action-adventure fantasy web novel adaptation with a serious progression vibe, any recs?",60557
Any anime or ONA about a mortal trying to rise in an immortal cultivation world over multiple seasons?,60557
What should I watch if I want a finished fantasy series with a lot of action and adventure?,60557
Are there any teen-rated cultivation stories in animated form that follow a determined protagonist on a journey to immortality?,60557
"Can anyone recommend a TV anime about a gentle-looking guy from a rough public school who gets close to a cheerful girl from a prestigious all-girls academy, with the romance pushing against social expectations?",59845
"I’m looking for a romance/drama anime where two students from totally different school worlds connect, especially if one of them is judged for his intimidating appearance but is actually kind.",59845
Any recommendations for a web manga adaptation turned TV anime that focuses on a wholesome romance between an outcast boy and a girl who doesn’t judge him by looks?,59845
"What should I watch if I want a teen romance with class differences, school rivalry vibes, and a relationship that crosses the line between a strict private academy and a delinquent public school?",59845
"Are there any drama-heavy romance anime with a sweet but tense meet-cute at a family shop, followed by a relationship that challenges what their schools expect from them?",59845
Any cute all-ages anime like a TV series with small characters wandering a surreal world and getting into funny little antics?,50250
"Can you recommend a slice-of-life anime based on a web manga that’s light, weird, and mostly just charming everyday humor?",50250
"I’m looking for a currently airing TV anime with a playful vibe, sharp humor, and super adorable main characters. Any suggestions?",50250
"What should I watch if I want something G-rated and surreal, but still full of clever comedy and cute character interactions?",50250
Are there any anime where tiny mysterious creatures just explore their odd world and keep things fun and low-stakes?,50250
Can anyone recommend a drama romance movie about a detached bookworm who gets pulled into spending time with a bubbly classmate with a terminal illness?,36098
I’m looking for an anime film where an aloof loner slowly opens up through a relationship with a cheerful girl who has limited time left.,36098
Any PG-13 anime movies about two polar opposite classmates forming a close bond while dealing with a serious illness?,36098
"What should I watch if I want a one-episode movie based on a novel, with a quiet protagonist and an emotional coming-of-age romance?",36098
"Are there any romance dramas where a secret diary kicks off a story about living fully before death, with lots of emotional character growth?",36098
"Can anyone recommend a TV anime with time travel, a depressed lead, and a lot of sci-fi suspense?",30484
I’m looking for an anime where someone who gave up on his eccentric mad-scientist persona gets pulled back into disturbing the timeline.,30484
Any sci-fi drama anime that deals with an AI simulating a lost person’s memories and personality?,30484
"What should I watch if I want a college-setting TV series with research forum vibes, AI tech, and emotional consequences from the past?",30484
Are there any suspenseful anime about trying to move on after trauma while still being dragged back into time travel and impossible choices?,30484
Can anyone recommend an ONA where a guy trains for years after a broken engagement and comes back to prove himself in a serious showdown?,49701
"I’m looking for a fantasy adventure with cultivation, alchemy, and a protagonist who pushes through brutal trials to grow stronger.",49701
Any action series about a humiliated young man making a three-year pact and then climbing his way back through nonstop training and setbacks?,49701
"What should I watch if I want a teens-rated web novel adaptation with martial arts-style progression, strange fire absorption, and a determined underdog lead?",49701
"Are there any fantasy anime where a family stands together, the main character keeps evolving, and the story focuses on revenge, pride, and proving potential?",49701
"Can anyone recommend an anime with a surreal time-loop-ish college story, where a lonely student keeps getting another shot at campus life and romance?",7785
"I’m looking for a TV anime with a mind-bending, artistic vibe about a university guy trying to redo his past choices and find a better college life.",7785
"Any recommendations for an anime where a shy college student gets sent back to the start of his university years and has to deal with friendship, love, and regret?",7785
"What’s a good anime if I want something comedic but also mysterious and suspenseful, with a weird campus setting and a protagonist stuck re-living college life?",7785
"Are there any TV anime based on a novel that feel surreal and introspective, with a young man chasing the ideal college experience after blowing his first chance?",7785
"Can anyone recommend an anime movie about a pop idol who quits to become an actress, then gets stalked by an obsessive fan while losing her grip on reality?",437
I’m looking for a psychological horror movie where an ex-idol takes on a crime drama role and starts blurring the line between fantasy and real life.,437
"Any award-winning drama movies with suspense and horror about fame, identity, and a performer being harassed by a fan and a mysterious website?",437
"What should I watch if I want a dark anime film about a young woman leaving an idol group, struggling in acting, and becoming increasingly unhinged?",437
"Are there any anime movies with a showbiz setting, mild nudity, and a tense descent into paranoia after an idol tries to reinvent herself?",437
Can anyone recommend a TV anime based on a sports manga where a hotheaded high school delinquent gets pulled into basketball because he wants to impress a girl?,170
"I’m looking for an anime about a huge, red-haired teen with a bad reputation who starts out hating basketball but ends up getting drawn into the team camaraderie and competition.",170
Any sports anime set in high school where the main guy is trying to get a girlfriend and discovers he’s got crazy athletic ability?,170
"What should I watch if I want a 90s TV anime from a manga source about basketball, school life, and a reluctant rookie joining the team?",170
"Are there any anime with a rough-around-the-edges protagonist, romantic motivation, and intense basketball matches at the center?",170
"Can you recommend an anime about the dark side of the entertainment world, with idols hiding their real lives and a lot of drama?",52034
I’m looking for a TV anime where a fan’s life gets tangled up with a famous teenage pop idol who shows up pregnant with twins—anything like that?,52034
"Any manga-based anime that digs into celebrity lies, public image, and the struggles behind a polished idol career?",52034
What’s a good PG-13 anime with a mix of showbiz intrigue and emotional drama around a rising idol group?,52034
"Are there any award-winning dramas about fame, fandom, and a doctor getting pulled into an idol’s secret personal life?",52034
Can anyone recommend a TV anime about a former yakuza who tries to turn his life around by learning traditional Japanese storytelling from a strict master?,28735
"I’m looking for a drama with a past-and-present structure, centered on apprentices, rivals, and the emotional lives behind a traditional performing art. Any recs?",28735
Are there any anime where a passionate young man gets into a classic stage performance tradition after prison and ends up training under a famous practitioner?,28735
"What should I watch if I want a serious TV anime about mentorship, rivalries, and keeping an old storytelling art alive across generations?",28735
"Any dramas featuring an abrasive young woman, old regrets between rival performers, and a performance art that shapes the characters’ relationships?",28735
"Can you recommend an action TV anime where humanity is stuck behind massive walls, giant humanoid monsters keep attacking, and the story gets into dark secrets and political-style mysteries?",25777
"I’m looking for a dark, high-stakes anime with soldiers fighting giant predators, lots of suspense, and a strong focus on protecting the last safe human territory.",25777
"Any manga-based anime like this one where a new military team faces a monster invasion, but the real tension comes from uncovering hidden truths about the attackers and their own side?",25777
"What should I watch if I want a violent, suspenseful series with training corps members becoming full soldiers and then immediately getting thrown back into a desperate defense against giant enemies?",25777
"Are there any TV anime with a grim survival setting, giant mysterious monsters, and a plot that keeps peeling back secrets about both the creatures and the humans fighting them?",25777
Can anyone recommend a TV anime with brutal action and fantasy where a deadly war among mages and summoned fighters turns into a tense temporary alliance?,11741
"I’m looking for an anime about a high-stakes battle royale for a magical wish-granting prize, where the remaining contestants start making desperate and pretty nasty moves to win.",11741
"Any recommendations for a dark fantasy series with heavy violence and profanity, plus a clash between a pragmatic fighter and a chivalry-driven ally over what it means to be a hero?",11741
"What should I watch if I want a war story where a city is at risk of total destruction, and the final stretch forces enemies to team up before everything falls apart?",11741
"Are there any action fantasy anime based on a light novel that focus on masters and their summoned warriors, with shifting loyalties, moral compromise, and a grim tone?",11741
"Can anyone recommend an anime movie about two orphaned siblings trying to survive the end of World War II, with a really heavy drama focus?",578
"I’m looking for a film where war leaves two kids homeless and starving, and they have to keep going despite the adults around them being cold or indifferent. Any recs?",578
"Any Studio Ghibli movie recommendations that are more heartbreaking drama than fantasy, especially one centered on sibling survival during wartime Japan?",578
What should I watch if I want a tragic war movie about a brother and little sister drifting through the countryside after losing their family and home?,578
"Are there any anime films about civilians caught in wartime devastation, with themes of loss, illness, and fragile hope in impossible conditions?",578
Can anyone recommend an action-supernatural anime movie about demon slayers fighting a demonic threat on a train full of passengers?,40456
I’m looking for a manga-based movie where a group of swordsmen has to stop mysterious disappearances and save civilians during a train ride.,40456
"Any R-rated anime films with violent battles, demons, and a determined young fighter whose resolve gets tested in a crisis?",40456
What should I watch if I want a movie centered on a squad from a demon-hunting corps facing a powerful evil presence and a rescue mission?,40456
"Are there any anime movies with intense sword fights, supernatural enemies, and a train setting where the heroes are outmatched at first?",40456
"Can anyone recommend an anime set in early-1900s London about an art student trying to make it at a prestigious academy, with a strong romance angle too?",63019
I’m looking for a drama ONA about a Japanese exchange student studying painting in England and dealing with heavy family pressure — any recs?,63019
"Any romance series where two students bond over art at an elite academy, especially if one is a gifted but distant aristocrat?",63019
"What should I watch if I want a coming-of-age story about an ambitious young painter, academy rivalries, and a relationship that grows through shared creativity?",63019
"Are there any anime with a historical European setting, art school life, and a serious but tender romance between two very different students?",63019
Can anyone recommend an anime about a boy who can see yokai and spends his time returning names from an inherited book to them?,5300
"I'm looking for a TV anime with a calm slice-of-life feel, but also supernatural encounters with friendly and hostile spirits.",5300
Any anime where the main character has a yokai bodyguard and keeps getting pulled into strange village adventures?,5300
What should I watch if I want a PG-13 supernatural series about learning about yourself through meeting mysterious non-human beings?,5300
"Are there other manga-based anime like this one where the hero deals with spirits that may help him, steal from him, or try to kill him?",5300
"Can anyone recommend a TV anime with drama, romance, and supernatural family secrets where the heroine gets pulled deeper into a group’s dark past?",40417
"I’m looking for a manga-based anime about a girl living with a complicated family, where close relationships start bringing up old trauma and hidden truths.",40417
"Any PG-13 anime with a warm-but-tense vibe, focused on a girl growing closer to two boys and a large family while an uneasy tradition approaches?",40417
What should I watch if I want a character-driven romance drama where supernatural ties and resurfacing feelings make a peaceful summer feel unstable?,40417
"Are there any finished TV anime about an outsider who becomes part of a cursed or secretive family, with emotional conflict, romance, and some darker mysteries?",40417
"Any TV anime recommendations where a science-driven team builds new cities, races to uncover a petrification mystery, and keeps getting chased by dangerous enemies?",61322
"I’m looking for an adventure comedy anime with lots of scientific inventions, a tense race against time, and a journey through North and South America.",61322
"Can anyone suggest a manga-based anime where rival factions reach a ceasefire, then the heroes head into the Amazon to push a spaceship project forward?",61322
"What should I watch if I want a PG-13 survival adventure with clever science, unexpected allies, and a mystery about why people were petrified?",61322
"Are there any finished TV anime that mix comedy and adventure with smart inventors, advanced rivals, and a quest to solve a world-changing phenomenon?",61322
"Can anyone recommend an anime like a stage adaptation drama where the cast has to deal with script changes, fan expectations, and tension with the original author?",55791
"I’m looking for a TV anime with a show-business setting, strong drama, and a lead who’s more focused on uncovering a personal family mystery than on the production itself.",55791
"Any anime about young actors on a theater production where romantic relationships, role immersion, and behind-the-scenes conflicts all cause problems?",55791
"What should I watch if I want a manga-based TV series that mixes acting, creative disagreements, and a protagonist trying to get closer to a director for answers about his mother?",55791
"Are there any dramatic anime with an entertainment-industry focus, where a popular stage play adaptation creates friction between performers and the source material’s author?",55791
Can anyone recommend a TV special about a lone supernatural investigator helping a rural village deal with a strange darkness after a solar eclipse?,21329
"I’m looking for an anime with a quiet adventure-mystery vibe, where eerie nature-like beings threaten a farming community and not everyone wants the problem solved.",21329
"Any manga-based anime with a wandering healer/exorcist type lead, supernatural folklore creatures, and a calm slice-of-life tone?",21329
"What should I watch if I want a PG-13 supernatural story set in the countryside, with awe, mystery, and a village trapped in perpetual shadow?",21329
"Are there any episodes or specials where a rare eclipse reveals hidden beings, and the main character has to figure out why the sun disappears again afterward?",21329
"Can anyone recommend an action-comedy anime movie set in a futuristic city with aliens, where a messy odd-jobs crew gets pulled into a bigger conspiracy?",7472
I’m looking for a sci-fi movie adaptation where a small freelance team ends up investigating a missing rebel leader and a stolen powerful sword at the same time.,7472
Any R-rated anime movies with violence and profanity that mix goofy humor with a serious mission to uncover an assassin and stop a dangerous plot?,7472
"What should I watch if I want a movie about a broke trio taking random jobs in alien-infested Edo, then stumbling into an enemy headquarters raid?",7472
"Are there any manga-based anime films with a samurai-ish vibe, weird futuristic tech, and a story that starts with casual work but turns into a high-stakes rescue and conspiracy?",7472
Can anyone recommend a TV anime about manga creators chasing an anime adaptation while fighting to stay near the top of the rankings?,12365
I’m looking for a comedy-drama romance anime where a writer-artist duo keeps pushing through rival pressure and deadline stress in the manga industry.,12365
"Any anime with creators working on their third serialization, new assistants joining in, and a race to avoid cancellation?",12365
What should I watch if I want a teen-rated TV series about the hard side of making manga and competing with other ambitious rivals?,12365
"Are there any manga-adaptation anime that focus on two partners striving for success in publishing while juggling friendship, romance, and career pressure?",12365
"Can anyone recommend a TV anime with an alternate Edo-period Japan setting, lots of sword fights, and a hip-hop vibe?",205
I’m looking for an action-comedy about a clumsy girl traveling with two very different samurai while searching for a mysterious warrior.,205
Any anime where two rival fighters with clashing sword styles are forced to team up on a road trip style quest?,205
"What should I watch if I want a historical adventure with wild, flashy combat and a pretty profane, violent tone?",205
Are there any original anime series about an odd trio protecting a girl’s search for someone from her past while constantly bickering along the way?,205
"Can anyone recommend an ONA with a virtual world, streaming, and a girl who helps a mysterious princess grow into a singer?",62896
I’m looking for an anime where a busy high school girl in Tokyo gets pulled into a virtual space and ends up managing a streamer with supernatural origins.,62896
"Any sci-fi supernatural stories with a virtual realm, battle games, and a duo that becomes closer through music and streaming?",62896
What should I watch if I want a playful action anime about an adorable infant who rapidly grows up and might be taken back to the moon?,62896
"Are there any original web anime with an online world for creativity and self-expression, plus ominous forces threatening a girl from the moon?",62896
"Any TV anime recommendations about a fake holy grail-style war where mages summon heroic spirits to fight for them, but the whole ritual is secretly not what it seems?",55830
"I’m looking for a light novel adaptation with summoned myth-and-history warriors, hidden agendas, and a battle between a fake war and a real one—anything like that?",55830
Can anyone recommend an action-fantasy anime set in a modern U.S. city where sorcerers and heroic spirits are dragged into a dangerous conflict with lots of deception?,55830
"What should I watch if I want a 17+ fantasy series with servant summoning, class-based fighters, and a master-protector relationship in the middle of a chaotic war?",55830
"Are there any currently airing anime with a dark tournament-like conflict, powerful summoned heroes, and the sense that nobody fully understands the rules yet?",55830
Any ONA recommendations where a woman escapes prison and has to chase a powerful enemy across Florida with her allies?,53273
I’m looking for an action-adventure anime based on a manga where a group fights enemy Stand users while racing to stop a doomsday plan.,53273
"Can anyone recommend something with a jailed heroine, bizarre supernatural battles, and a final showdown that could decide the fate of the whole world?",53273
"What are some anime with a comatose father, a determined daughter, and a conflict against a villain trying to take away human free will?",53273
"Are there any finished action-heavy series where the story involves prison escape, a trip to a space center, and a battle against fate and destiny?",53273
"Can anyone recommend a TV anime that mixes sci-fi action with shameless parody and weird odd-jobs comedy, but still has some emotional moments too?",35843
I’m looking for a finished 13-episode anime about a close-knit trio getting into ridiculous situations while dealing with family drama and overprotective parents.,35843
Any anime like a spacey comedy where a father returns to Edo angry about his daughter’s boyfriend and blames the guy looking after her?,35843
"What should I watch if I want a manga-based TV series with risqué humor, lively camaraderie, and lots of offbeat parodies?",35843
Are there any PG-13 comedy-action shows that balance goofy everyday antics with heartfelt character interactions and a sci-fi setting?,35843
Can anyone recommend a sci-fi mystery TV anime about a cyber-terrorism task force investigating attacks and political conspiracies in a near-future Japan?,801
"I’m looking for an anime where a special-ops team has to deal with terrorism, government intrigue, and a refugee crisis all at once—any suggestions?",801
"What are some R-rated action mystery series with a cyberpunk feel, where an elite unit keeps getting pulled into a case that seems tied to a bigger national plot?",801
Any TV anime about a re-established government team hunting down a terrorist group while suspecting a high-level intelligence official is involved?,801
"Can you recommend a sci-fi anime with serious themes, violence, and profanity, where the main conflict mixes cybercrime, refugees, and political instability?",801
Can anyone recommend an anime with a high schooler getting dragged into a world of curses and supernatural combat after swallowing a cursed object?,40748
I’m looking for a TV anime where a guy with newly awakened powers fights monsters born from human malice and negativity.,40748
"Any action-heavy supernatural series with violent fights, profanity, and a student training to become a sorcerer?",40748
"What should I watch if I want an anime about cursed beings, a demonic king, and a protagonist stuck on a path he can’t turn back from?",40748
"Are there any manga-based anime with occult vibes, a school setting, and a dark battle against dangerous curses?",40748
"Can anyone recommend a TV anime that's basically a wild college diving club comedy, with nonstop drinking, partying, and weird situations?",59986
"I'm looking for a manga-based anime about a guy living above a scuba shop, getting pulled into university club chaos while still learning diving skills. Any recs?",59986
"Any funny anime where a sister tries to drag the main guy back home to run the family inn, but he stays hooked on his new friends and club life?",59986
"What should I watch if I want a PG-13 comedy about university life, reckless antics, and a group that still somehow takes scuba diving seriously?",59986
"Are there any anime sequels that keep the same absurd, boozy, slice-of-life club energy but with diving and a family vs. freedom conflict?",59986
"Can anyone recommend a TV anime about quiet solo camping trips, scenic travel, and just enjoying the little things with friends?",38474
I’m looking for a slice-of-life anime where a girl gets stranded by bad weather and ends up spending extra time sightseeing and camping with friends.,38474
"Any anime series that are really laid-back and focus on camping, outdoor adventures, and wholesome friendships?",38474
"What should I watch if I want a campy, peaceful show about New Year travel, sea sunrises, and new experiences on the road?",38474
Are there any manga-based anime that keep following a group of friends as they explore the joys of camping and casual road trips?,38474
"Can anyone recommend a PG-13 anime movie with magical girls, a really uneasy mystery, and a dark, suspenseful tone?",11981
I’m looking for an original anime film where one girl suspects something is wrong with a seemingly happy everyday life and starts digging into the truth.,11981
"Any movies about a magical girl fighting desperately for someone she loves, with lots of drama and a bleak emotional vibe?",11981
What should I watch if I want an anime film that mixes peaceful slice-of-life moments with hidden danger and a disturbing twist?,11981
"Are there any award-winning suspense anime movies centered on a group of magical girls and a painful, tragic conflict?",11981
Can anyone recommend an anime about high school girls who team up for an expedition to Antarctica and end up chasing their own dreams together?,35839
"I’m looking for a TV anime with a coming-of-age vibe, where a shy girl overcomes her fear and anxiety to do something bold with friends.",35839
Are there any adventure-comedy shows about four very different girls bonding over a frozen-south journey and a serious personal goal?,35839
"What anime should I watch if I want a story about a girl searching for her missing mother in Antarctica, with drama and a hopeful tone?",35839
"Any recommendations for an original 13-episode anime that mixes friendship, self-discovery, and a trip to the ends of the earth?",35839
Can anyone recommend a dark mystery anime movie where a man on the run hides out after a murder and starts doubting what’s real?,4282
"I’m looking for a supernatural thriller film with a creepy apartment complex, a missing murder report, and a really unsettling investigation.",4282
"Any light novel-based movies with a serious tone, psychic or supernatural elements, and a mystery that gets psychologically intense?",4282
What’s a good anime movie if I want a suspenseful story where two people dig into a strange homicide and uncover a disturbing truth?,4282
"Are there any fantasy mystery films with drama and romance that feel dark, violent, and thought-provoking?",4282
Can anyone recommend an action-adventure anime set in a quiet town that turns out to be full of strange disappearances and other creepy incidents?,31933
I’m looking for a TV anime based on a manga where a small group of guys use supernatural powers to investigate bizarre things happening around town.,31933
"Any recommendations for a 1990s-set adventure anime with a mild-mannered student, a tough fighter, and a more boisterous friend working together to solve a mystery?",31933
"What should I watch if I want a violent, profanity-heavy anime with flashy supernatural battles and a mystery unfolding in a peaceful-looking town?",31933
Are there any anime where a returning adult and a younger town local team up to uncover hidden secrets before more bad stuff happens?,31933
Can anyone recommend a drama movie about stage girls at a performing arts academy who are preparing for a bittersweet graduation play?,40664
I’m looking for an anime movie where a cheerful girl has to figure out her future after keeping a promise to perform with her ambitious childhood friend.,40664
Any recommendations for a teen-rated original movie about students in an actor training department dealing with graduation and what comes next?,40664
"What should I watch if I want a drama centered on performance, self-discovery, and the pressure of moving on after school?",40664
Are there any movies about a young performer searching for her own path after the person who inspired her is no longer by her side?,40664
Can anyone recommend a Boys Love drama movie that’s the second part of a larger story?,58222
I’m looking for an anime film based on a manga that leans into emotional drama and Boys Love themes.,58222
Any recommendations for a PG-13 movie with Boys Love and serious relationship drama?,58222
What are some finished anime movies that continue an existing story and focus on emotional conflict?,58222
Can you suggest a drama movie in anime form that’s aimed at teens and has Boys Love elements?,58222
Can anyone recommend an action-comedy TV anime about a middle school psychic who tries to keep his powers under control while dealing with supernatural spirits?,32182
I’m looking for a supernatural anime where a quiet teen works for a fake psychic and ends up exorcising evil spirits as part of his everyday life.,32182
"Any web manga-based anime with a teen who has huge psychic power, suppresses his emotions, and risks going berserk if he loses control?",32182
"What should I watch if I want a PG-13 anime that mixes psychic powers, comedy, and a mentor-student dynamic with a con artist?",32182
"Are there any anime where the main character uses psychic abilities mostly for small personal reasons, but the story also builds toward a dangerous emotional breakdown?",32182
Can anyone recommend an ONA about a kind-hearted former ascended figure and his companion telling stories about recent adventures at a shrine?,44070
I’m looking for a fantasy anime special where the lead is still optimistic about people even after multiple ascensions and a lot of ridicule.,44070
"Any short animated series with action, adventure, and drama, plus a calm night-time conversation between two close characters about their past?",44070
"What should I watch if I want a web novel adaptation with gods, devoted followers, and a protagonist who keeps believing the good in others?",44070
Are there any teen-rated fantasy adventure shows that mix emotional character reflection with a few embarrassing memories and supernatural travel?,44070
Can anyone recommend an action fantasy movie where two spirits are trying to get their bodies rebuilt before they disappear?,60544
I’m looking for a comedy-drama anime movie with mythical vibes and a story about surviving after a heavenly disaster.,60544
Any fantasy movies where rebuilding mortal bodies is a big part of the plot and the characters keep running into obstacles?,60544
"What should I watch if I want a PG-13 action movie with spirits, a magical reconstruction process, and some humor mixed in?",60544
"Are there any original anime movies about fate, survival, and two characters fighting to stay alive after a lightning disaster?",60544
"Can anyone recommend a TV anime about an adult who loses his job and suddenly gets a shot at astronaut selection, with a strong sibling rivalry/bond driving it?",12431
"I’m looking for a comedy anime where two brothers are inspired by a childhood UFO sighting and grow up aiming for space, with one trying to catch up to the other.",12431
Any manga-based anime about an underdog older brother who doubts himself but still pursues a long-shot dream of becoming an astronaut?,12431
What should I watch if I want a grounded space-themed series about applying to a national space agency and chasing a promise made years ago?,12431
"Are there any PG-13 anime with a serious but funny tone about space dreams, family competition, and training for astronaut life?",12431
Can anyone recommend an action-comedy anime about a ridiculously overpowered hero who’s bored because every fight ends too fast?,30276
"I’m looking for a TV anime where a guy trains insanely hard, gets absurdly strong, and then joins a hero organization with a cyborg apprentice type companion.",30276
"Any web manga adaptations turned anime with brutal fights, goofy humor, and a protagonist who wants the thrill of battle but can beat enemies in one hit?",30276
"What should I watch if I want a sarcastic, overpowered main character taking on monsters and villains while trying to become a certified hero?",30276
"Are there any anime with a super-strong lead, flashy action, and a deadpan comedy tone where the main problem is being too powerful for his own good?",30276
Can anyone recommend an anime about a deaf and mute young prince who's underestimated by everyone but still wants to become a great ruler?,40834
"I’m looking for a fantasy TV series with an unlikely friendship between a boy and a shadow-like creature, plus a journey about overcoming insecurity.",40834
"Any adventure anime where the main character is looked down on as useless, but keeps pushing toward becoming the best king he can be?",40834
"What should I watch if I want a PG-13 fantasy show with a small, emotionally driven royal protagonist and a lot of heart?",40834
"Are there any anime based on a web manga that mix kingdom politics, personal growth, and an underdog story with a shadow companion?",40834
Any ONA recommendations for short fantasy episodes about a couple’s early meetings and little relationship moments?,60988
"I’m looking for an action-adventure fantasy series where the leads spend time in a ghost market and a ghost city, with a romantic vibe.",60988
Can anyone suggest a teen-rated web novel adaptation with drama and fantasy that focuses on supernatural encounters between two characters?,60988
"What should I watch if I want short films with action, adventure, and an underwater supernatural scene before heading back to a ghost city?",60988
"Any recommendations for a fantasy ONA built around a first encounter, a lantern festival, and other relationship-focused moments between two leads?",60988
"Can anyone recommend an anime with a creepy orphanage setting, daily tests, and a hidden dark secret behind a happy family vibe?",37779
I’m looking for a suspense anime where smart kids start uncovering the truth about their caretaker and the fate of the children in their home.,37779
"Any TV anime based on a manga that mixes mystery and suspense with an isolated house, a forested setting, and a really unsettling premise?",37779
What should I watch if I want a story about three older siblings figuring out a cruel secret in a seemingly peaceful orphanage?,37779
"Are there any anime with a twisted family atmosphere, children trying to escape a dangerous situation, and a dark, violent tone?",37779
Can anyone recommend an anime where a class has to keep trying to assassinate their super-competent teacher while also dealing with a world-ending threat?,30654
"I’m looking for a TV anime with action and comedy set in a school, where one group of students are basically training to kill their own teacher.",30654
"Any manga-based anime about a skilled student balancing school life, constant assassination attempts, and pressure from a ruthless principal?",30654
"What should I watch if I want a teen-rated series where classmates are competing, plotting, and trying to survive against impossible odds in an academy setting?",30654
"Are there any finished anime with a clever, optimistic teacher, a bunch of creative would-be assassins, and a lot of chaotic classroom conflict?",30654
Can anyone recommend an anime about young apprentices training to become professional gondolier tour guides in a peaceful sci-fi setting?,3297
"I’m looking for a slice-of-life TV anime set on a terraformed Venice-like world with a calm, everyday feel—any suggestions?",3297
Any anime where three girls work toward a professional goal and are mentored by highly skilled older guides?,3297
"What should I watch if I want a gentle sci-fi series about everyday life, training, and overcoming small hardships?",3297
"Are there any manga-based TV anime with an all-ages tone, set in a futuristic city on an ocean planet, focusing on friendship and personal growth?",3297
Can anyone recommend a TV anime comedy about ordinary school life that keeps spiraling into absurd randomness?,10165
"I’m looking for a manga-based anime with three childhood friends, a young genius, a robot caretaker, and a talking cat—anything like that?",10165
Any PG-13 comedy series where everyday stuff like walking to school turns into totally insane gags and over-the-top moments?,10165
"What should I watch if I want a slice-of-life feel mixed with surreal humor, talking animals, and weirdly chaotic school days?",10165
Are there any funny anime about a group of girls and their friends where the tone swings between calm daily life and complete nonsense?,10165
Can anyone recommend an ONA based on a web novel about a smart kid with average talent who tries to become immortal through hard work and breakthroughs?,55809
I’m looking for an action-adventure fantasy with a young protagonist overcoming being underestimated by his family and relatives while pursuing immortality. Any recs?,55809
Are there any series where the main character starts off with mediocre talent but keeps pushing toward power and immortality in a cultivation-style fantasy world?,55809
"What should I watch if I want a currently airing fantasy ONA with a determined boy, family support, and a climb from ordinary to immortal?",55809
Any recommendations for an adventure-heavy action fantasy about someone breaking through their lack of talent to reach greatness and immortality?,55809
Any ONA recs where a guy is pretending to be a lunatic while staying at a cultivation sect and working with an old classmate to contain a dangerous demonic body part?,38450
"I’m looking for an action-fantasy mystery with cultivation, dark spiritual energy, and two former classmates teaming up to deal with a supernatural threat.",38450
"Can anyone recommend something with a mischievous ex-outcast who’s trying to prove he’s not a forbidden dark sorcerer anymore, with violence and a pretty serious tone?",38450
"What should I watch if I want a web novel adaptation about spiritual tensions, demonic cultivation, and restoring order while a strange dark force spreads through the mountains?",38450
Any drama-heavy fantasy ONA where a fallen cultivator’s past is slowly revealed and he has to keep up a fake identity while facing supernatural danger?,38450
Can anyone recommend an action-fantasy anime movie about a brutal magical war where fighters battle for a wish-granting artifact and the city itself is getting swallowed by darkness?,33049
"I’m looking for a film adaptation of a visual novel with a hero who wants to save everyone, but gets pulled into a deadly war and a mysterious shadow killing people. Any recs?",33049
"Any movies where the main conflict mixes servant-versus-master battles, family abuse, and a guy trying to protect a girl caught in the middle?",33049
"What should I watch if I want a dark fantasy movie with lots of violence, secret backstories coming out, and a sacred war that starts falling apart?",33049
"Can someone suggest an anime movie about rival mages fighting over a holy prize, with a protagonist chasing the truth behind a murder spree and a heavy, tragic tone?",33049
"Can anyone recommend an ONA where a cultivator uses a forbidden demonic path, gets reincarnated years later, and ends up solving a supernatural mystery with another man?",37208
"I’m looking for a fantasy mystery with cultivation clans, demons and ghosts, and a strong bond between two men while they investigate strange spiritual events.",37208
"Any web novel-based anime about a powerful cultivator who falls from grace, comes back in a new body, and has to deal with other cultivators after years of chaos?",37208
"What should I watch if I want action and drama in a supernatural setting where clans, spirits, and dark cultivation powers are all part of the conflict?",37208
"Are there any finished series with an adult cast, violence and profanity, and a plot about unraveling mysteries in a spiritual world while fighting monsters and rival cultivators?",37208
Can anyone recommend a TV anime based on a manga about teenagers locked in a brutal reform school and trying to survive together under abusive staff?,6114
I’m looking for a drama-suspense anime with a close-knit group of inmates supporting each other through harsh prison conditions and humiliation.,6114
Any anime set in 1950s Japan where delinquent boys bond with an older ex-boxer inmate and keep each other hopeful after getting sentenced?,6114
"What should I watch if I want a dark, R-17+ series about corruption, violence, and a group of prisoners fighting to make it out alive?",6114
"Are there any manga-based anime with a strong friendship theme, serious tone, and a story about surviving a hellish detention facility?",6114
Can anyone recommend a 90s TV anime based on a manga where a teenage delinquent gets a second chance and ends up working with the spirit realm to fight evil on Earth?,392
"I’m looking for an action-supernatural anime with a teen spirit detective, a lot of training, and battles against threats to humanity—any suggestions?",392
"Are there any anime where the main cast is a former delinquent, an ex-rival, and two demons with criminal pasts who team up to protect the human world?",392
"What should I watch if I want a finished TV series with spirit-world missions, deadpan humor around the afterlife, and lots of combat-focused teamwork?",392
"Any recommendations for an older shonen-style anime where a kid cheats death, gets guided by a spirit-world helper, and has to complete tasks to earn his life back?",392
"Can anyone recommend an anime with a mystery about a suspicious death on a small island, plus supernatural disappearances and a really tense atmosphere?",47194
I’m looking for a TV anime where the lead comes back home after a family tragedy and starts digging into a possible murder instead of accepting the obvious answer.,47194
"Any manga-based anime with old folktale-style supernatural entities, people vanishing, and a protagonist fighting to protect a close friend or sister-like figure?",47194
"What should I watch if I want a suspenseful supernatural story set on an isolated island, with bruising clues, eerie incidents, and a dark murder investigation?",47194
"Are there any 2022 anime series where the main character has to face a grim fate, deal with mysterious doubles or shadows, and protect someone important?",47194
Can anyone recommend a TV anime based on a light novel where a high school mystery leads to supernatural weirdness and forgotten memories?,31181
"I’m looking for a comedy mystery anime with a creepy supernatural vibe, especially one set around a private high school and a strange classroom that shouldn’t exist.",31181
Any anime recommendations where two students get pulled into investigating an impossible school anomaly and uncover a buried past event?,31181
"What should I watch if I want a dark-ish 17+ anime with profanity and violence, but also mystery, comedy, and supernatural elements?",31181
"Are there any anime like this with a new transfer student, an unsettling school setting, and a protagonist trying to solve an apparition-related enigma?",31181
Can anyone recommend a sci-fi drama movie where time travel starts causing memory glitches and someone suddenly disappears from everyone else’s life?,11577
I’m looking for an anime movie about a scientist who has to choose between saving the person she cares about and protecting the timeline—any recs?,11577
"Any PG-13 movies based on a visual novel with a tense reunion, timeline consequences, and a character who’s the only one remembering someone vanished?",11577
"What should I watch if I want a drama-heavy sci-fi film with alternate timelines, time travel fallout, and a really emotional choice between duty and friendship?",11577
"Are there any anime movies where the main conflict is whether to meddle with time again, after past time travel has already started breaking reality?",11577
Any TV anime recs about a teenage gang boss in New York who gets pulled into mafia trouble while chasing a mystery tied to his brother?,36649
"I’m looking for an action drama with street gangs, the mafia, and a dark suspense plot centered on rescuing kidnapped friends.",36649
"Can anyone recommend a manga-based anime with a runaway protagonist, crime-world politics, and a serious 17+ tone?",36649
What should I watch if I want an urban adventure where Japanese photographers get caught up with American street gangs and organized crime?,36649
"Any gritty suspense anime with violence and profanity, where the lead has a troubled past with the mafia and is trying to uncover a hidden conspiracy?",36649
"Can anyone recommend a TV anime comedy about a college freshman who moves to a coastal town and gets dragged into a wild, booze-filled diving club?",37105
I’m looking for an anime where the main character joins an eccentric scuba diving shop crowd while trying to survive normal university life and make friends.,37105
"Any comedy anime based on a manga that mixes college misadventures, diving lessons, and a really chaotic group of upperclassmen?",37105
"What should I watch if I want a PG-13 school-life comedy set around university, with awkward family drama and an absurd party vibe?",37105
Are there any funny anime about a guy chasing the ideal college experience but ending up learning to scuba dive with a bizarre club?,37105
"Can anyone recommend a short anime special that mixes action and comedy with a war-torn city rebuilding after a conflict, but still throws in absurd disguises and chaotic fights?",44087
"I’m looking for a PG-13 anime special where a returning fighter tries to keep his identity hidden, gets pulled into a mess at his old office, and the whole thing stays really goofy and chaotic.",44087
Any recommendations for a manga-based special about a weird diplomatic marriage to an alien princess that turns into a comedy of misunderstandings and unexpected support from the aliens?,44087
"What’s a good 2-episode anime special with samurai-style street fights, a reunion with old teammates, and a lot of ridiculous humor around the main conflict?",44087
"Are there any action-comedy anime specials where Earth’s rebuilding era, an alien mother ship, and a wedding ceremony all collide in one ridiculous plot?",44087
Can anyone recommend a TV anime based on a manga about high school karuta players who keep pushing for bigger individual goals after a team win?,37379
I’m looking for a sports drama with romance where the cast is focused on getting stronger and chasing the top title in a competitive card game-like setting.,37379
"Any anime with a determined girl aiming for the top female title, while her teammates are still grinding to improve and face old rivals?",37379
"What should I watch if I want a teen-rated anime about a school club, personal growth, and intense one-on-one competition after a tournament victory?",37379
"Are there any drama-heavy sports series where former teammates keep improving, old friendships turn competitive, and the story has a strong romantic side?",37379
Can anyone recommend an ONA with an android detective investigating a string of murders among retired war robots?,35737
"I’m looking for a sci-fi mystery where the killer might be human or robot, and the evidence keeps pointing to both.",35737
"Any anime with a robot rights angle, a tense murder case, and a threat to society as more powerful machines get targeted?",35737
What should I watch if I want a suspenseful story about a cutting-edge android teaming up with a police investigator to track down a rogue killer?,35737
Are there any action-heavy mystery series where elite battle robots are being picked off one by one and the main lead is an android cop?,35737
Can anyone recommend a TV anime based on a manga where a group of Stand users heads to Egypt for a final showdown against an immortal villain?,26055
"I’m looking for an action-adventure anime with a cursed family member to save, a race against time, and over-the-top supernatural battles.",26055
"Any anime with a dog companion who fights using a Stand, alongside a team taking on enemies tied to ancient Egyptian gods?",26055
"What should I watch if I want a violent, profanity-heavy battle anime with weird powers, nonstop pursuit, and a big final arc in Egypt?",26055
Are there any manga-based TV series where a hero and his allies fight to end a villain’s reign of terror and break a family curse once and for all?,26055
"Can anyone recommend a TV anime with supernatural battles, aliens, and urban legends, but still a lot of comedy and weird energy?",57334
"I’m looking for an anime where a popular high school girl and a socially awkward boy clash over aliens vs the occult, then end up teaming up.",57334
Any action-comedy anime with two teens who get superhuman powers and fight paranormal stuff while their rivalry turns into a close bond?,57334
"What should I watch if I want a finished 12-episode anime full of bizarre encounters, bullies, and over-the-top supernatural chaos?",57334
"Are there any manga-based TV anime with a strange friendship, occult themes, and violent, profanity-heavy battles against paranormal creatures?",57334
Any ONA recs about a high school couple dealing with self-doubt and emotional strain as their relationship gets more serious?,56538
Can you recommend a romance drama where friends are also juggling messy feelings and relationship dilemmas during their second year of high school?,56538
"I’m looking for an anime based on a manga that focuses on quiet, intimate romance plus the awkwardness of meeting each other’s parents and spending summer together.",56538
"What are some teen drama romances with a lot of insecurity, indecision, and inner turmoil around new love?",56538
Any short anime series with a wholesome but emotionally tense high school romance and strong focus on the couple’s friends too?,56538
Can anyone recommend a fantasy TV anime based on a light novel where the main guy keeps having to push through brutal new threats while protecting his friends and a key heroine?,54857
"I’m looking for a suspenseful drama with a dark fantasy vibe, a city under threat, and a protagonist who has to rally allies against fanatical enemies.",54857
"Any recommendations for an isekai anime with violence and profanity, where the cast gets pulled into a dangerous political meeting and everything spirals into a city-wide crisis?",54857
"What should I watch if I want a TV anime sequel that follows a guy training after a big event, then getting dragged back into another intense conflict with old allies and new foes?",54857
"Are there any light novel-based fantasy shows with a strong emotional tone, rival factions, and a fight to stop ruthless people from carrying out a dangerous plan?",54857
Can anyone recommend a TV anime based on a light novel where the main guy gets trapped in a weird mirror world with everything reversed and has to find a way home?,36999
"I’m looking for a supernatural mystery with comedy, bizarre dimension stuff, and a protagonist dealing with strange reversed versions of familiar people — any recs?",36999
"Any anime for adults that mixes odd otherworldly relationships, school-life aftermath, and a surreal escape-from-an-alternate-world plot?",36999
What should I watch if I want a short TV series about a high school graduate ending up in a distorted reality and trying to figure out what’s going on?,36999
"Are there any light-novel-based anime with a creepy but funny tone, mirror imagery, and a protagonist stuck in an unreal world full of weird twists?",36999
Can anyone recommend a TV anime where a broke teen gets fused with a devil and can turn parts of his body into chainsaws?,44511
"I’m looking for an action-fantasy anime with a dark, violent tone and a protagonist who fights devils for money.",44511
"Any anime about a guy whose desperate wish for a normal, happy life gets complicated after he gains dangerous devil powers?",44511
"What should I watch if I want a show about devil hunters, a shady yakuza deal, and a protagonist dragged into a public safety group?",44511
"Are there any R-rated anime with lots of violence and profanity, plus a weird hybrid hero trying to chase simple dreams and a girlfriend?",44511
"Can anyone recommend an anime about a spy who has to build a fake family for an undercover mission, but everyone in the family is hiding their own secrets too?",50265
"I’m looking for a TV anime with action and comedy where a secret agent, an assassin, and a mind-reading kid end up living as a family.",50265
"Are there any manga-based anime with a cold-war-ish country rivalry, espionage, and a mission centered on getting a child into a prestigious school?",50265
What should I watch if I want a PG-13 comedy-action series about pretending to be a normal family while keeping a secret identity?,50265
"Any anime where the main emotional hook is a fake household slowly becoming a real family, even though the adults are a spy and an assassin and the kid has psychic powers?",50265
Can you recommend an action-adventure anime where a kid joins a deadly exam to become a special kind of hunter and search for his missing dad?,136
I’m looking for a fantasy TV anime with a small group of young companions taking on a dangerous test for their own goals and dreams.,136
"Any manga-based anime about people who get rare privileges and info through an unusual profession, then risk everything to qualify for it?",136
"What should I watch if I want a teen-friendly adventure series with revenge, a quest for family, and a high-stakes trial with awful odds?",136
"Are there any 90s TV anime with four young leads, lots of adventure, and a world where hunting can mean treasure hunting, cooking, or other weird specialties?",136
Can anyone recommend an action-adventure fantasy ONA that’s currently airing and based on a web novel?,51039
I’m looking for a long-running fantasy series with lots of episodes and a strong focus on action and adventure — any suggestions?,51039
Any web-novel adaptations where the story keeps going in a sequel season format and stays in the fantasy action lane?,51039
"What should I watch if I want a PG-13 fantasy ONA with adventure, combat, and an ongoing release schedule?",51039
Are there any animated series like a continued fifth season that’s part of a bigger martial-arts-style fantasy adventure?,51039
Can anyone recommend a sports anime where a short but super determined guy tries to prove himself in volleyball and make it as a pro?,20583
I’m looking for a TV anime about a comeback-minded high school volleyball team with a washed-up reputation and lots of teamwork growth.,20583
"Any anime where a talented player has to team up with the opponent who once crushed him, and they have to learn to work together?",20583
"What should I watch if I want a volleyball series that’s really about perseverance, rivalry, and earning a place on the team?",20583
"Are there any manga-based anime centered on high school volleyball, with underdog energy and a push toward the top?",20583
Can anyone recommend a TV anime with action and adventure where a group heads into freezing northern territory to track down a missing girl?,40059
"I’m looking for a manga-based anime about multiple factions hunting tattooed clues to a lost treasure, with a race to protect the girl those clues depend on.",40059
"Any recommendations for an R-rated adventure series with violence and profanity, set in harsh Russian-like wilderness and full of backstabbing between rival groups?",40059
What should I watch if I want a story where a determined guy chases after his ally across dangerous frontier lands while trying to keep her out of greedy hands?,40059
"Are there any action-adventure anime with a mystery tied to old family history, secret schemes, and a journey through the far north?",40059
Can anyone recommend an anime about a novice figure skater and her coach trying to make it through tough qualifying tournaments?,61335
"I’m looking for a sports anime with a young skater who improves fast, faces more experienced rivals, and has to perform under pressure in front of a big crowd.",61335
Any TV anime based on a manga where a mentor trains a teen figure skater with big Olympic dreams and the competition keeps getting harder?,61335
"What should I watch if I want a drama-heavy sports series about figure skating, rivalries, and chasing a spot in a prestigious national tournament?",61335
Are there any anime where the main goal is to beat the odds in figure skating while aiming for the Olympics with a coach by your side?,61335
"Can anyone recommend an anime with a cursed house investigation, folklore mysteries, and a trio using weird supernatural powers to survive?",60543
"I’m looking for a TV anime that mixes action, comedy, and supernatural stuff in a creepy town full of legends and strange entities.",60543
"Any recommendations for an anime where the main cast gets pulled into a cursed estate, faces an unsettling family of landlords, and has to uncover hidden town secrets?",60543
"What should I watch if I want a manga-based TV series with abduction attempts, ambushes, and a lot of violence plus profanity?",60543
"Are there any anime about three characters working together against supernatural threats, with exorcism vibes, mystery, and a dark but funny tone?",60543
"Can anyone recommend a TV special with a calm mystery vibe, where a traveler investigates strange supernatural phenomena caused by mysterious creatures?",24687
"I’m looking for an adventure-mystery anime about an abandoned village where dead wood and even buildings turn into living plants, does anything like that exist?",24687
Any slice-of-life supernatural series about an investigator who follows a clan tied to a sealed ancient threat and uncovers their secret duty?,24687
"What should I watch if I want an anime with eerie, rare creatures, a hidden path full of danger, and a quiet but unsettling tone?",24687
"Are there any manga-based TV specials with a supernatural setting, a lone supernatural investigator, and a story centered on curiosity about a peculiar clan and their strange behavior?",24687
Can anyone recommend a slice-of-life supernatural movie about a teen who can see spirits and helps return their names from a book left by his grandmother?,36538
I’m looking for an anime movie where the main character explores a town tied to his grandmother’s past and slowly learns more about her life through old acquaintances. ,36538
"Any movies with a gentle supernatural vibe, a spirit companion who gets split into multiple versions after eating a mysterious fruit, and friends helping fix it?",36538
"What should I watch if I want a teen-rated manga adaptation movie with spirits, family history, and a calm but emotional story?",36538
Are there any supernatural slice-of-life films where a curious boy teams up with a spirit companion and uncovers secrets hidden in an old town?,36538
"Can anyone recommend a TV anime based on a light novel where the main guy keeps trying to save everyone through a brutal, high-stakes timeline and won’t give up hope?",42203
"I’m looking for an anime with a fantasy setting, lots of drama and suspense, and a protagonist trying to help a distrustful girl work through her past.",42203
"Any recommendations for a mature isekai series with violence and profanity, where the story focuses on a desperate fight to save people in a dangerous place?",42203
"What’s a good anime for someone who wants emotional character conflict, especially a heroine who struggles to trust others after feeling betrayed?",42203
Can you suggest a TV adaptation of a light novel that mixes fantasy and suspense with a tense rescue story and a lead who keeps pushing to protect everyone?,42203
Can anyone recommend a TV anime about a high school traditional music club trying to recover from a bad performance and qualify for nationals?,38889
I’m looking for a drama anime where a group of teens keeps practicing to improve a rare string instrument and push through school club setbacks.,38889
"Any anime with a dedicated school club, slow skill improvement, and some budding romance mixed into the competition arc?",38889
"What should I watch if I want a teen ensemble story about refining a traditional instrument, dealing with rival schools, and chasing a winter qualifier goal?",38889
"Are there any manga-based TV dramas about a club of students building experience, fixing their teamwork, and facing graduation pressure while aiming for a big tournament?",38889
Can anyone recommend a PG-13 anime movie that mixes sci-fi action with comedy and has a cursed sword causing a serious cop to turn into an otaku?,21899
"I’m looking for a movie where a police force gets tangled up in a power struggle, and the whole thing turns into a weird mix of action and comedy. Any recs?",21899
Are there any anime films about a cheerful newcomer with a violent side who ends up triggering a civil war in a city district?,21899
"What should I watch if I want a comedy-action movie with a squad of oddball characters, a curse that changes someone’s personality, and a big organization in danger?",21899
"Any recs for an anime movie based on manga that jumps between a police-related crisis and a district-wide conflict, while still keeping a funny tone?",21899
"Can anyone recommend an action OVA about a ruthless survivor from the underground who gets dragged into a mission to assassinate a military leader, with violence and a bleak tone?",25781
"I’m looking for something set in a harsh world where a criminal crew is promised citizenship in exchange for a dangerous assassination, but ends up facing the cost of freedom. Any recs?",25781
"Are there any short anime with a grim backstory, underground criminals, and a tense clash between a skilled fighter and a survey team leader?",25781
What should I watch if I want an OVA based on a spin-off manga that explores a famous character’s past before joining an expedition force?,25781
Any recommendations for an action story where the main character’s agility and combat skill get him offered a choice between redemption and punishment in a violent military setting?,25781
"Can anyone recommend an ONA with a fallen former crown prince turned lowly heavenly official, a mysterious ghost king, and a lot of uncovering secrets from the past?",40730
I’m looking for a fantasy series where a once-beloved martial god gets sent back to the heavenly realm with no followers and ends up traveling with someone who knows way too much about him—any recs?,40730
"Are there any adventure stories with gods, demons, and a feared ghost king, but with a more emotional and mysterious vibe rather than just nonstop fighting?",40730
"What should I watch if I want a teens-rated fantasy ONA about an apologetic immortal protagonist, supernatural politics, and a strange red-clad stranger who turns into silver butterflies?",40730
"Any recommendations for a web novel adaptation that mixes action, drama, and fantasy with a journey through the heavenly realm and a slow reveal about an important past connection?",40730
Can anyone recommend a sci-fi TV anime about cybernetic cops investigating crimes in a future where people can swap flesh for machine bodies?,467
I’m looking for an award-winning mystery anime with a police unit chasing a dangerous hacker in a high-tech future.,467
Any 2000s anime series where a special government team handles cybercrime and gets pulled into a cat-and-mouse hunt with an elite hacker?,467
"What should I watch if I want a mature sci-fi show with body augmentation, online crime, and a tough independently operating police squad?",467
Are there any TV anime based on manga that mix mystery and sci-fi with a futuristic Japanese setting and lots of cybercrime investigations?,467
Can anyone recommend an action mystery anime with a detective agency getting framed as terrorists and forced to clear their names?,50330
"I’m looking for a TV anime where a sharp detective chases a criminal tied to the perfect crime, while a bigger plot threatens to wipe out his team.",50330
"Any manga-based anime with violent, profanity-heavy action, bizarre murder mysteries, and a cast that has to team up with enemies to survive?",50330
"What should I watch if I want a story about gifted people, a deadly conspiracy against a detective group, and lots of расследation under pressure?",50330
Are there any finished 13-episode anime that mix crime solving with a manhunt for innocent protagonists trying to prove they didn’t do it?,50330
Any anime movie recommendations about a sheltered noble girl at an all-girls academy who slowly opens up to her tutor and starts reconnecting with her feelings?,39741
"What’s a good light novel-based drama movie with a cold first impression, gentle character growth, and a strong focus on writing heartfelt letters?",39741
Can you recommend a PG-13 movie where a young woman tutoring someone helps bridge a painful family separation and brings two sisters back into contact?,39741
I’m looking for an emotional animated film about a girl who feels trapped by her school and learns to trust someone who seems perfect but has their own struggles.,39741
"Any recommendations for a drama movie centered on personal bonds, class expectations, and the power of words to reach someone far away?",39741
"Can anyone recommend an ONA that mixes action, adventure, and comedy with a guy traveling to uncover the truth about his own identity while trying to save his island home?",45556
"I’m looking for an animated series where a small team goes on a journey to protect a peaceful island, with lots of mystery, danger, and weird adventures along the way.",45556
"Any recs for something with a reluctant hero, his partners, and a trip to a kingdom that’s tied to his past, but still keeps a funny tone despite the violence?",45556
"What should I watch if I want an original ONA about saving a community, chasing identity clues, and dealing with unknown threats in a fantasy-ish adventure setting?",45556
Are there any action-comedy shows with drama and mystery where the main plot is a journey to find out who the protagonist really is and stop a disaster at home?,45556
"Can anyone recommend a TV anime based on a manga where the main guy has tons of psychic powers but just wants a normal, low-key school life?",33255
I’m looking for a comedy anime about a student with telepathy and other supernatural abilities who tries to keep them secret from his classmates.,33255
Any PG-13 anime with a super-powered protagonist who sees his abilities as a curse and keeps getting dragged into weird situations by odd people around him?,33255
"What’s a good finished anime series where an overpowered psychic just wants an ordinary life, but the chaos of school and eccentric classmates keeps ruining it?",33255
"Can you suggest a school comedy with a deadpan protagonist, a bunch of bizarre side characters, and lots of supernatural powers causing everyday problems?",33255
"Can anyone recommend a TV anime comedy about a psychic who just wants a normal, hassle-free life but keeps getting dragged into weird chaos by his friends?",34612
I’m looking for a manga-based anime where the main gag is a gifted psychic dealing with troublesome friends and new oddballs who keep ruining his peace.,34612
Any PG-13 comedy anime with a deadpan psychic protagonist who’s constantly trying to blend in and avoid attention?,34612
What should I watch if I want a fast-paced school comedy with a super-powered lead and a bunch of eccentric people making everyday life a mess?,34612
Are there any anime like this where the humor comes from a psychic’s attempts to live quietly while the people around him make that basically impossible?,34612
Can anyone recommend an anime set in feudal Japan where a mysterious exorcist has to investigate spirits before he can fight them?,2246
"I’m looking for a horror mystery TV anime with a supernatural detective vibe and a really eerie, suspenseful tone.",2246
"Any anime where the main character travels around hunting malevolent spirits, but has to uncover the truth behind them first?",2246
What should I watch if I want a dark 17+ supernatural series about psychological investigation and exorcisms?,2246
Are there any finished TV anime about a mysterious medicine seller dealing with deadly spirits in an old inn setting?,2246
Any anime movie recs about two middle schoolers with a teasing romance who end up caring for an abandoned kitten together?,49722
"I’m looking for a sweet romance movie based on a manga, set during the final summer of junior high, with a really wholesome vibe. Any suggestions?",49722
What’s a good PG-13 movie with a low-key school romance and an unexpectedly heartwarming story about finding a lost kitten’s mother?,49722
"Can anyone recommend an anime film where a girl keeps teasing the boy she likes, but the story stays cute and emotional instead of dramatic?",49722
Are there any romance anime movies about childhood-classroom-style flirting and a gentle summer coming-of-age feel?,49722
"Can anyone recommend a romance comedy movie about making a dating sim, where the lead has to choose between helping his friends and finishing the project?",36885
"I’m looking for an anime movie based on a light novel, with a game-dev club trying to finish one last visual novel while dealing with relationship drama.",36885
Any PG-13 romance/comedy movies where a guy has to make a final choice in both his love life and his game project?,36885
"What should I watch if I want a story about a small team developing a dating sim, with setbacks, new members joining, and lots of romantic tension?",36885
"Are there any anime movies that wrap up a series with a bittersweet creative project, friendship issues, and a main character picking his final route?",36885
"Can anyone recommend a TV anime where a kid loses his family, teams up with a mysterious demon-hunting group, and fights to save his demon-turned sister's humanity?",38000
"I'm looking for an action anime with supernatural enemies, a revenge-driven protagonist, and a strong sibling bond at the center. Any suggestions?",38000
What are some manga-based shows about a poor boy from a mountain village who has to take on demons after a family tragedy?,38000
"Are there any dark fantasy series with flesh-eating demons, lots of violence, and a main character who's determined to protect one remaining family member?",38000
"Can you recommend an anime that mixes revenge, monster-slaying, and emotional sibling drama in a world where demons hunt humans at night?",38000
Any recommendations for an anime special that just recaps a previous drama series and is based on a light novel?,53672
"I’m looking for a short, finished anime recap with a pretty emotional drama tone and no long-running storyline, any picks?",53672
Can anyone suggest a PG-13 anime special that serves as a recap and comes from a light novel adaptation?,53672
What are some one-episode anime specials that are basically recollections of an existing series and lean into drama?,53672
"Looking for an anime special that’s more of a recap than a new story, with a serious drama vibe and high-quality production?",53672
"Can anyone recommend a special episode with a calm slice-of-life feel, where a boy who can see spirits helps a dying tree spirit with one last wish?",36275
I’m looking for an anime special about a teen and his talking cat companion getting pulled into supernatural encounters with youkai in everyday life—any recs?,36275
Are there any short anime specials where a girl finds a hidden forest world full of invisible spirits and has to trust a human-and-cat duo to understand it?,36275
"What should I watch if I want a PG-13 supernatural slice-of-life special about spirits, quiet emotional moments, and small one-off stories?",36275
"Any anime specials based on manga that mix gentle, mysterious spirit stories with a modern setting and a boy who can see the unseen?",36275
"Can anyone recommend a fantasy anime movie about an immortal, long-lived girl who ends up raising a human baby after her homeland is attacked?",35851
"I’m looking for a drama movie with a lonely orphaned protagonist, a war-torn fantasy world, and a found-family kind of story.",35851
Any anime films where a mystical race that lives for centuries gets caught up in a human kingdom’s invasion and all-out conflict?,35851
What should I watch if I want a movie about a woman from a secluded race learning to care for a child who grows up much faster than she does?,35851
"Are there any fantasy dramas with dragons, a destroyed homeland, and a heavy focus on loneliness, loss, and motherhood?",35851
"Can anyone recommend an OVA with a human shrine god traveling back in time to stop her fox spirit familiar from being cursed, with a strong romance angle?",30709
I’m looking for a supernatural romance where a girl tries to save her familiar by going into the past and ends up learning their bond is deeper than she thought.,30709
"Any comedy-tinged romance anime OVA about a shrine setting, fox youkai, and a dangerous curse tied to past love?",30709
"What should I watch if I want a short OVA with time travel, a human-and-yokai relationship, and emotional stakes about rewriting the past?",30709
"Are there any supernatural romance stories where a goddess-like heroine tries to prevent a beloved familiar’s curse, even if it means they might never meet?",30709
Can anyone recommend an anime movie that's a goofy fantasy adventure about a party traveling to a clan of absurdly powerful magic users?,38040
"I'm looking for a light-novel-based movie with comedy, adventure, and a demon village where a prank turns into a real threat.",38040
Any anime movies where a mage from a proud magic clan gets worried about her hometown and goes there with her friends?,38040
"What should I watch if I want a fantasy comedy movie with overpowered magic, a weird misunderstanding, and a possible disaster in a remote village?",38040
Are there any PG-13 adventure comedies that follow a chaotic party sightseeing in a magic-filled hometown while an actual danger might be lurking?,38040
Can anyone recommend a TV anime where two genius student council leaders are secretly in love but turn every interaction into a pride-filled battle to make the other confess first?,37999
I’m looking for a romance comedy with high-achieving rich kids at a prestigious academy who act like the perfect couple while stubbornly hiding their feelings from each other.,37999
"Any anime based on a manga that focuses on a slow-burn romantic standoff, where both leads are equally determined not to be the first to admit they like the other?",37999
"What should I watch if I want a teen-rated comedy-romance set in a school, with student council politics and a lot of clever mind games over love confession?",37999
"Are there any romantic comedies with two top-tier students who are admired by everyone, but behind the scenes they’re basically in a contest of wit and pride over who’ll confess first?",37999
"Can anyone recommend an isekai TV anime where the reincarnated guy goes to a magic university, reunites with his childhood friend, and the story leans into romance and personal drama?",55888
"I’m looking for a fantasy anime with an adult-ish feel, some ecchi, and a protagonist who has to deal with relationships, family issues, and stuff from his past life.",55888
"Any light-novel-based anime about a former shut-in reincarnated into a fantasy world, trying to live seriously while juggling magic research and a budding wedding arc?",55888
"What should I watch if I want an adventure-fantasy series with a main character growing up in a new world, facing emotional problems, and balancing everyday life with magical studies?",55888
"Are there any 17+ anime with a reincarnation premise, a magic-school setting, and a lot of drama around love, secrets, and complicated friendships?",55888
"Can anyone recommend an anime movie with a dark underground descent, dangerous monsters, and a creepy curse that gets worse as the heroes go deeper?",37515
I’m looking for a fantasy adventure movie where a girl and her robot companion keep pushing into a mysterious abyss and run into brutal survival problems.,37515
"Any anime movies with a bleak but emotional journey, where the cast faces severe injuries, poison, and a lot of sacrifice while exploring an unknown world?",37515
"What are some sci-fi fantasy movies about exploring layered depths, uncovering strange creatures, and teaming up with an immortal character with a tragic backstory?",37515
"Can someone suggest a mature adventure movie based on a web manga that mixes mystery, drama, and a descent into a terrifying place full of deadly threats?",37515
"Can anyone recommend an all-ages anime movie about a prince who gets exiled, then has to search the world to rescue his kidnapped wife?",4921
"I’m looking for an adventure film with a royal exile, forest survival, and a husband trying to save his wife from a demon king.",4921
"Any animated movies based on a classic epic with princes, demons, and a long rescue journey after a family betrayal?",4921
What should I watch if I want a family-friendly movie about a rightful heir forced into exile and separated from his wife?,4921
Are there any adventure anime movies where a banished prince and his brother face a demon ruler who steals his wife?,4921
Can anyone recommend an anime with crystal-based nonhuman characters fighting off moon attackers in a broken future world?,35557
I’m looking for a TV anime about a fragile outsider who wants to help their people but ends up doing a different kind of task instead.,35557
"Any manga-based anime with a weird post-apocalyptic setting, mystery vibes, and a focus on protecting a group of fantastical beings?",35557
What should I watch if I want a dramatic fantasy series where rejected characters try to find a place they can actually be useful?,35557
Are there any action-fantasy anime where the main character teams up with another outcast and tries to support their community while dealing with a dangerous enemy?,35557
Can anyone recommend a sports anime where a talented pitcher has to fight his way onto the national team before a big international tournament?,5028
I’m looking for a TV anime about baseball with an underdog player trying to prove himself as a practice pitcher against older veterans and younger prospects.,5028
"Any manga-based anime with a strong rivalry, where the main guy is aiming for a long-awaited rematch on the world stage?",5028
What should I watch if I want a baseball series centered on a country’s team selection drama and a major global championship?,5028
Are there any PG-13 sports anime about a determined teen athlete chasing a spot on the roster and earning respect through his performance?,5028
Any ONA recommendations for a sci-fi fantasy action series with adventure elements and a big ongoing story?,56523
"I’m looking for an anime based on a web novel that mixes action, adventure, fantasy, and sci-fi—any suggestions?",56523
What’s a good PG-13 series with 30+ episodes if I want a finished action-adventure ONA with fantasy and sci-fi vibes?,56523
Can anyone recommend a long-running animated series that keeps building on an existing story from a web novel and leans into high-stakes action?,56523
Any recommendations for something like a third-season sci-fi fantasy adventure with lots of action and a serialized plot?,56523
Can anyone recommend an anime promo or short video that celebrates a long-running shonen series with newly reworked scenes and fresh animation?,53236
"I’m looking for a PG-13 action-fantasy anime PV made from a manga series, ideally something like an anniversary compilation. Any recs?",53236
Are there any short anime videos that mix older scenes with new animation to commemorate a major milestone for a popular battle fantasy series?,53236
What should I watch if I want a one-episode promotional video from an anime studio that revisits a classic action-fantasy manga?,53236
Any recommendations for an anniversary-style anime PV that’s basically a recap compilation but with upgraded animation and a nostalgic feel?,53236
Can anyone recommend a sports anime about a former fast runner who gets pulled into training a bunch of total beginners for a university relay race?,37965
I’m looking for a drama TV anime where a run-down student dorm turns out to be a track club house and the group is aiming for a big marathon relay.,37965
"Any anime with a reluctant university student joining a track team, lots of novice runners, and a long-shot dream of qualifying for a major relay event?",37965
"What should I watch if I want a PG-13 sports series that focuses on teamwork, training, and chasing an ambitious running goal at university?",37965
Are there any dramas about an uneven group of college guys living together and trying to become a real running team despite barely knowing how to race?,37965
Can anyone recommend an anime about an AI singer who gets pulled into a century-spanning mission to stop a future war between humans and advanced machines?,46095
"I’m looking for a TV anime with sci-fi action and suspense, where a futuristic AI goes back to help prevent a catastrophic conflict that was set in motion long ago.",46095
"Any recommendations for a 13-episode original anime about autonomous AI trying to change a violent future, with a lot of tension and a serious tone?",46095
What should I watch if I want an anime centered on an artificial singer in a human-run world who gets thrown into a time-travel mission to save mankind?,46095
"Are there any sci-fi suspense anime with AI characters, time travel, and violent battles against an emerging machine uprising?",46095
Can anyone recommend an anime movie where magical girls are forced to face the darker consequences of their powers and the story turns into a psychological drama?,11979
"I’m looking for a suspenseful anime film about a girl whose wish has terrible fallout, with despair, betrayal, and the threat of becoming something monstrous.",11979
"Any anime movies with a time-looping protector trying to stop a doomed future, while a powerful witch threat hangs over everyone?",11979
"What should I watch if I want a dark magical girl movie about soul gems, witch transformations, and a group of girls trapped between saving the world and saving each other?",11979
"Are there any original anime movies that mix emotional drama with a bleak battle against fate, especially where humanity is at risk from a hidden cosmic agenda?",11979
Can anyone recommend an anime movie that mixes drama and romance with a caring-but-awkward relationship between a caretaker and a wheelchair user who wants to see the outside world?,40787
"I’m looking for a movie based on a novel where a university student with big academic dreams ends up helping a rude, stubborn girl chase her own freedom and adventures. Any recs?",40787
Are there any romance dramas about two people from very different situations who slowly help each other grow while exploring the world together?,40787
"What should I watch if I want a heartfelt anime movie about disability, independence, and two leads whose bond changes both their futures?",40787
"Can you recommend a teen-rated drama romance film with a shy life-path contrast, part-time work struggles, and a relationship built around supporting each other’s dreams?",40787
"Can anyone recommend an anime TV series where ordinary middle school girls get magical powers by making a wish, but the deal has a dark catch?",9756
"I’m looking for a short, original anime with magical girls, suspense, and a really heavy hope-versus-despair vibe.",9756
"Any anime about a cat-like familiar offering wishes in exchange for becoming a magical girl, with another magical girl warning them not to trust it?",9756
What should I watch if I want a teen-rated magical girl story that explores the price of getting your dream fulfilled?,9756
"Are there any drama-suspense anime with friendship at the center, but where being a magical girl turns out to be much more dangerous than it first seems?",9756
Can anyone recommend a manga-based movie about a young saxophonist chasing his dream of becoming the best in the world and moving to Tokyo to break into the music scene?,50183
I’m looking for an anime movie where a self-taught jazz player teams up with a classically trained pianist and starts a band with a fresh sound.,50183
Any coming-of-age music movies about a teen with only a few years of practice who’s trying to make it big in jazz?,50183
"What should I watch if I want a film about forming a small jazz trio, dealing with experience gaps, and trying to shake up a stagnant music scene?",50183
"Are there any PG-13 anime movies centered on jazz, ambition, and a scrappy group of young musicians building their own path?",50183
Any OVA recommendations where a whole red-light district gets hit by a love-inducing incense and everyone starts falling for the first person they see?,32366
I’m looking for a comedy with a strong-willed female warrior who gets affected by a strange romance drug and has to team up with a shady crew to fix things.,32366
"Can you recommend a short anime special about a chaotic city district, a forbidden aphrodisiac-like smoke, and a plot that turns into absurd relationship drama?",32366
"What are some anime OVAs where hidden feelings get amplified by magic-like perfume or incense, causing a cold character to act completely unlike herself?",32366
Any manga-based comedy anime where a rough-and-ready team has to deal with an entire neighborhood going off the rails because of a love potion-style curse?,32366
Any action sci-fi anime movie about a ragtag crew of bounty hunters chasing leads after an explosion and a deadly outbreak?,5
"I’m looking for a spacey sci-fi film with bounty hunters, a huge reward, and a conspiracy tied to a pharmaceutical company.",5
"Can anyone recommend an R-rated anime movie with violent, profanity-heavy action and a noir-ish crew solving a cover-up while hunting a suspect?",5
What’s a good original sci-fi movie where a team splits up across a city to investigate an outbreak and unravel a bigger plot?,5
"Are there any anime films with a tough bounty-hunting crew, a disaster on Mars, and a mystery that turns into a major corporate scheme?",5
"Any ONA recommendations for a 4th-season continuation with action, adventure, and sci-fi vibes?",56524
I’m looking for a web-novel adaptation that mixes fantasy and sci-fi with lots of adventure—any suggestions?,56524
Can anyone recommend a long-running animated series that’s currently airing and has a big action-adventure focus?,56524
What should I watch if I want a PG-13 ONA with fantasy elements and a sci-fi setting?,56524
Any recommendations for an anime sequel season that continues a web-novel-based story with action and adventure?,56524
Can anyone recommend a sports anime about a former athlete who becomes a coach and helps a shy kid chase a dream in figure skating?,55318
I’m looking for a TV anime where a young beginner with real potential is guided toward competitive skating and aims for the Olympics.,55318
"Any anime based on a manga that focuses on figure skating, self-doubt, and a mentor-student bond?",55318
What should I watch if I want a drama-heavy sports series about someone starting too late but still trying to rebuild their dream through coaching?,55318
"Are there any anime with a shy elementary school skater, overprotective family pressure, and tough rival competition on the road to becoming a medalist?",55318
"Can you recommend a TV anime about a young professional shogi player dealing with pressure, loneliness, and mental strain while trying to live on his own?",31646
I’m looking for a drama anime where a reclusive teen slowly opens up through meeting a warm family and learning how to handle his emotions.,31646
"Any anime set around the world of professional shogi, but with a strong focus on personal growth, family bonds, and everyday life?",31646
What should I watch if I want a coming-of-age story about an isolated 17-year-old balancing a competitive career with school and a difficult home life?,31646
"Are there any manga-based TV anime with a quiet, emotional tone, a caring group of sisters, and a protagonist trying to overcome depression and isolation?",31646
Can anyone recommend a supernatural action movie about a bullied high school kid who’s cursed with a dangerous spirit and gets trained to fight with other exorcists?,48561
I’m looking for an anime movie where a timid teen teams up with classmates at a school for sorcerers and has to control a deadly curse power.,48561
"Any action anime films with a dark, violent vibe, cursed spirits, and a protagonist trying to turn a tragic burden into something useful?",48561
"What should I watch if I want a manga-based movie with students using supernatural powers, weapons, and curses to stop a genocidal villain?",48561
"Are there any R-rated supernatural action movies where the main character struggles to fit in at a special school, fights alongside friends, and deals with a powerful curse from his past?",48561
Any sports anime about a high school volleyball team pushing toward nationals and trying to fix their weak points?,38883
Can anyone recommend a TV anime based on a manga where an energetic player sneaks into a training camp to learn by watching from the sidelines?,38883
Looking for an anime with a talented setter going to a top youth training camp while the rest of his team keeps preparing for a big tournament.,38883
Are there any school sports series where a frustrated underdog turns not making the cut into motivation and gets more serious about improving their game?,38883
"What should I watch if I want a teen volleyball anime focused on intense practice, team growth, and aiming to be the best?",38883
Can anyone recommend a sports anime about a high school club pushing for a national championship and trying to grow its roster?,14397
"I’m looking for a TV anime based on a manga where the focus is on competitive card play, hard training, and big tournament goals.",14397
Any drama-romance anime where the main cast is chasing top-level success in a niche game and facing strong rivals along the way?,14397
"What should I watch if I want an anime about teammates balancing club recruitment, practice, and personal ambition during high school?",14397
"Are there any finished TV anime with a teen rating that mix sports competition, friendship, and a childhood friend reconnecting with a game he once loved?",14397
Can anyone recommend a slice-of-life anime movie about adult friends reunited to build a campground and bring new life to an abandoned piece of land?,38475
I’m looking for a movie based on a manga where former high school camping buddies are now working adults and team up on a community project. Any recs?,38475
"Any anime films with a laid-back vibe that focus on friendship, camping memories, and creating a place for future generations to enjoy the outdoors?",38475
What should I watch if I want a PG-13 movie about grown women balancing careers and responsibilities while working on a tourism-related camping project?,38475
Are there any slice-of-life movies where a group comes together in their home prefecture to revive a neglected area by building a campground?,38475
"Can anyone recommend an anime where a traumatized teen is forced to pilot a giant humanoid robot against monstrous invaders, and the fights come with a lot of psychological baggage?",30
"I’m looking for a TV anime with a dark sci-fi setup, a mysterious defense organization, and giant mechs battling alien-like beings in a ruined world.",30
"Any shows about a lonely 14-year-old getting pulled into a robot defense program, dealing with emotional neglect, and having to protect a city from repeated attacks?",30
"What’s a good anime if I want giant robot battles mixed with heavy drama, suspense, and a protagonist who really struggles mentally while fighting?",30
"Are there any 90s sci-fi anime with advanced military tech, protective energy barriers, and a strong focus on trauma, family issues, and inner conflict?",30
"Can anyone recommend a TV anime about a teenage girl starting over in Tokyo, getting pulled into a band, and chasing music dreams?",55102
I’m looking for a drama anime where a group of girls form a band and have to deal with both music industry pressure and personal struggles.,55102
"Any anime with a determined high school-age girl, street performances, and a story about building a band from scratch?",55102
"What are some original TV anime that focus on female band members, friendship, and not giving up on your goals?",55102
Can you recommend a teen drama anime about musicians who keep pushing through setbacks while trying to make it in the music world?,55102
"Can anyone recommend an anime movie about a high school music club taking a trip abroad before graduation, with lots of friendship and comedy?",9617
"I’m looking for a PG-13 anime film where a group of schoolgirls visit famous landmarks, play live music, and enjoy a fun overseas adventure. Any recs?",9617
What’s a good movie based on a 4-koma manga that mixes slice-of-life humor with the end of high school and a heartfelt farewell vibe?,9617
"Are there any anime movies about a close-knit girls’ band dealing with graduation, traveling overseas, and making the most of their last days together?",9617
"Can you recommend a comedy anime movie with a school club road trip, food adventures, live performances, and an emotional goodbye at the end?",9617
Can anyone recommend an action-fantasy movie with a murder mystery where the heroine is suspected because of a past killing and the guy closest to her tries to prove her innocence?,5205
"I’m looking for a light novel–based anime movie that mixes suspense, romance, and расследation into a story about a string of murders linked to events from years earlier.",5205
Any anime movies about a woman struggling with a dark murderous side while her partner investigates a case to protect her from herself?,5205
"What should I watch if I want a mysterious urban thriller with occult-feeling fantasy, police involvement, and a couple working together to uncover a killer’s identity?",5205
Are there any single-episode anime movies where a fresh set of murders triggers a repeat of an old case and the main focus is on saving someone from their own violent impulses?,5205
Can anyone recommend an R-rated supernatural mystery movie about a high school boy who gets pulled into helping a dismembered vampire after following a trail of blood?,9260
"I’m looking for a light novel adaptation film with action and mystery, where a normal student’s life changes after a chance encounter with a dangerous vampire rumor.",9260
"Any anime movies with a curious teen protagonist, a blonde vampire, and a creepy blood-soaked setup that turns into a supernatural conflict?",9260
What should I watch if I want a dark supernatural story at school that starts with a friendly conversation and then spirals into vampire trouble?,9260
"Are there any finished one-episode films about a high school setting, violent supernatural events, and a decision that could change the hero’s life forever?",9260
Can anyone recommend a TV anime about a troubled street kid who gets taken in by a washed-up boxing coach and tries to become a pro boxer?,2402
"I’m looking for a sports anime with a rough-around-the-edges underdog, lots of boxing training, and a hard path toward the top.",2402
"Any manga-based anime with a rebellious main guy, an alcoholic mentor, and a serious drama about climbing the boxing world?",2402
What should I watch if I want an older TV series where a delinquent uses raw fighting talent and has to learn discipline through boxing?,2402
Are there any PG-13 sports dramas about a self-taught brawler who turns his life around through a tough mentor and professional boxing?,2402
"Can anyone recommend a TV anime with baseball, a slow-burn rivalry between two teens, and a romance angle tied to family friends?",5941
I’m looking for a sports anime where a boy who isn’t that into baseball still has strong batting talent and gets pulled into personal drama around the game.,5941
"Any anime based on a manga that mixes drama, romance, and baseball while following two opposites who keep clashing over the sport?",5941
"What should I watch if I want a teen sports story with pitching, batting, and a love triangle-ish setup between close families?",5941
"Are there any finished anime with a grounded baseball setting, emotional personal struggles, and a cast that has to grow through competition?",5941
"Can anyone recommend a romance movie with a troubled delinquent girl, a gentle teacher trainee, and a really emotional backstory?",49310
"I’m looking for an anime film that focuses on a tragic character’s past, family rejection, and finding hope through a supportive relationship.",49310
"Any dramas or romance movies where a young woman turns her life around after meeting a calm, caring guy at school?",49310
"What should I watch if I want a bittersweet movie about hardship, growing trust, and a love story that changes someone’s future?",49310
Are there any anime films based on manga that dig into a character’s painful past before the main series and still feel heartfelt?,49310
Any movie recommendations for a post-apocalyptic fantasy with a toxic jungle full of giant insects and a young princess trying to protect her people?,572
I’m looking for an anime film where a peaceful farming kingdom gets dragged into a conflict after a crashed airship brings danger to their doorstep.,572
Can anyone recommend an adventure-drama with a strong heroine trying to stop a military power from reviving an old world-ending weapon?,572
"What should I watch if I want something set long after a catastrophic war, with humanity surviving while nature has become poisonous and hostile?",572
Any award-winning fantasy movies about defending a fragile kingdom from both an invading army and an encroaching deadly wilderness?,572
"Can anyone recommend a TV anime about underground street racing on mountain passes, where a quiet delivery guy unexpectedly turns out to be a gifted driver?",185
I’m looking for a manga-based anime with action and drama about a rookie getting pulled into the world of car enthusiasts and local racing crews.,185
Any recommendations for a series where a mysterious driver in an old sports car keeps beating famous racers on familiar roads?,185
"What should I watch if I want a show centered on a family business delivery routine, but with serious driving skill and tense night races?",185
Are there any teen-friendly racing anime with rival teams trying to prove they’re the fastest in the region and a lot of high-speed competition?,185
"Can you recommend a TV anime comedy-romance where two classmates keep teasing and competing with each other, but it also slowly turns sweet?",49721
"I’m looking for a manga-based anime about a boy who keeps trying to prank a clever girl and always loses, with a light romantic vibe. Any recs?",49721
"Any shows set around everyday school life where the whole fun comes from playful teasing, failed attempts at one-upmanship, and the two leads getting closer over time?",49721
What should I watch if I want a teen-friendly romantic comedy with lots of fun daily strategy battles between classmates and a teasing female lead?,49721
"Are there any anime like that one where summer break, pranks, and constant back-and-forth teasing slowly reveal deeper feelings between two students?",49721
"Can anyone recommend an ONA with action, adventure, and fantasy vibes that’s set up as a sequel season to a novel adaptation?",37822
"I’m looking for a long fantasy action series with adventure elements and a teen-friendly rating, preferably an animated web release.",37822
Any recommendations for a sequel-style fantasy adventure with plenty of action and a huge episode count?,37822
What should I watch if I want an animated adaptation of a novel that continues into a second season and leans into action and adventure?,37822
"Are there any ONA series with a fantasy world, lots of action, and an ongoing sequel feel rather than a standalone story?",37822
Can anyone recommend an anime about a talented but arrogant artist who gets sent to the countryside and has to rethink his work and himself?,22789
I’m looking for a slice-of-life TV anime where a city guy ends up living in a rural island community with loud kids and quirky neighbors. ,22789
Any anime based on a web manga about a calligrapher trying to find his own style after being told his work is unoriginal?,22789
"What should I watch if I want a warm comedy with an isolated island setting, lots of community chaos, and a protagonist learning self-reflection?",22789
Are there any PG-13 anime where a young artist is forced out of his comfortable life and slowly grows through everyday interactions with eccentric locals?,22789
"Can anyone recommend an anime movie about two boys bonding over sprinting and training for the hundred-meter dash, with a strong sports-drama vibe?",58919
"I’m looking for a sports story where a naturally gifted runner helps train a slower transfer student, and they both keep pushing themselves over the years.",58919
"Any anime movies about elementary school runners, where speed and competition are a big part of the story and the tone is more dramatic than goofy?",58919
"What should I watch if I want a drama about track racing, childhood rivals, and the idea that being the fastest runner can solve everything?",58919
"Are there any sports anime films about dedicated runners who separate and reunite later, with a focus on personal growth and chasing speed?",58919
"Any ONA recs for a web novel adaptation with action, adventure, and fantasy vibes?",57067
I’m looking for a finished 48-episode series that continues a cultivation-style journey toward immortality.,57067
Can anyone recommend an action-adventure fantasy where the story follows a long-running progression arc and is already in a later season?,57067
What should I watch if I want a PG-13 fantasy ONA based on a web novel and packed with adventure?,57067
"Are there any anime series with a mortal-to-immortal cultivation premise, lots of action, and an ongoing quest feel?",57067
"Can anyone recommend an action-adventure TV anime with a treasure hunt, shifting alliances, and violent rival factions all chasing the same prize?",55772
"I’m looking for a manga-based anime where an ex-convict, a young girl, and a quirky crew keep getting dragged into a deadly hunt across the city and beyond.",55772
"Any recommendations for a historical-feeling adventure with a map hidden on someone’s skin, a serial-killer-like threat, and lots of betrayals between competing groups?",55772
"What should I watch if I want a dark TV anime with a final showdown vibe, Ainu-related stakes, and characters constantly teaming up with enemies to survive?",55772
"Are there any action anime where the plot mixes a gold hunt, a copycat killer stalking the streets, and a race between factions with very different motives?",55772
Can anyone recommend a sports-style anime movie where high school tank crews are fighting through a tournament and have to improvise when their main squad gets taken out early?,39167
"I’m looking for an original anime movie with intense armored-vehicle battles, girl teams, and lots of tactical teamwork under tournament pressure.",39167
Any movies about a girls’ academy team trying to survive a semifinal match by changing commanders and coming up with a new strategy on the fly?,39167
"What should I watch if I want a PG-13 military competition anime with school teams, sharp tactical rivalries, and desert battlefield showdowns?",39167
"Are there any action anime movies where multiple high school teams clash in a championship bracket, with clever tactics, leadership changes, and a comeback against stronger opponents?",39167
Can anyone recommend a TV anime based on a light novel that mixes comedy and romance with a very bittersweet high school vibe?,39547
I’m looking for an anime about a student council graduation prom project where the characters have to work through awkward feelings and personal growth. Any recs?,39547
What should I watch if I want a series about high school students trying to become more independent while handling club drama and graduation stress?,39547
"Any anime where a volunteer club gets pulled into planning a prom, and the event ends up making everyone confront their relationships?",39547
"Can someone suggest a PG-13 anime with a close-to-graduation setting, emotional character interactions, and a romance-comedy tone?",39547
"Can anyone recommend a short anime special that's basically a funny fake movie trailer, but still has action and sci-fi vibes?",6945
I'm looking for a comedy anime special from a manga source that mixes action with sci-fi and has a playful parody feel.,6945
"Any PG-13 anime specials with a loud mix of comedy, action, and sci-fi, especially ones that feel like an imaginary movie promo?",6945
"What should I watch if I want a one-episode anime special that’s more of a tongue-in-cheek trailer than a full story, but still has action and humor?",6945
Are there any anime specials based on manga that lean into absurd comedy while still throwing in sci-fi action and a cinematic gimmick?,6945
Can anyone recommend a slice-of-life TV anime about four girls making everyday life in a quiet rural town feel fun and full of little adventures?,39808
I’m looking for an anime set in a countryside school life where a new school year brings fresh faces but the vibe stays super peaceful and relaxed.,39808
Any manga-based series where a close group of girls spend their days in a laid-back rural setting and turn ordinary moments into something entertaining?,39808
"What should I watch if I want a calm slice-of-life show with seasonal changes, small-town life, and a friendly group of girls hanging out together?",39808
"Are there any teen-friendly anime with a slow, cozy countryside atmosphere, no big drama, and a focus on everyday fun with a small cast?",39808
Can you recommend an anime about an immortal being that keeps taking different forms and experiences human life across many places and times?,41025
"I’m looking for a TV anime with adventure, drama, and supernatural elements where a lonely boy leaves home to search for his people’s promised paradise.",41025
Any anime where a strange being learns consciousness after copying a dying animal and then travels with a human companion?,41025
"What should I watch if I want a sad, reflective story about mortality, memory, and meeting lots of different people over time?",41025
"Are there any finished anime series with a wandering, transformation-based protagonist and a heavy emotional tone, plus violence and profanity?",41025
"Can anyone recommend a TV anime with idol groups, backstage drama, and rivals using shady tactics to sabotage each other?",46654
I’m looking for a drama anime where a successful music group gets dragged into scandals and has to fight off a new threatening idol group.,46654
Any anime about the entertainment industry where old secrets from a missing legendary idol start causing trouble in the present?,46654
"What should I watch if I want a teen-rated TV series about rival idol teams, betrayal, and trying to protect a ruined reputation?",46654
"Are there any game-based anime that focus on idols, alliance-building between groups, and a bigger conspiracy behind the scenes?",46654
"Can anyone recommend a TV anime with a non-linear story about immortality, alchemy, and several seemingly separate events that all connect?",2251
"I’m looking for an action mystery with mafia conflict, a bloody train journey, and a dark 1930s setting—any recs?",2251
Any supernatural anime where kindhearted thieves get caught up with people hiding secret motives and big consequences?,2251
"What should I watch if I want a light novel adaptation with violence, profanity, and multiple timelines across different time periods?",2251
"Are there any anime about scientists, immortality elixirs, and a messy web of survival and betrayal?",2251
Can anyone recommend a TV anime based on a manga that follows palace politics around Marie Antoinette in pre-revolution France?,338
I’m looking for a drama-romance anime about a woman raised as a man who serves as commander of the royal guard and struggles with gender roles.,338
"Any anime with a spoiled young queen, court intrigue, and rising resentment from the poor class?",338
"What should I watch if I want a historical anime with political marriage, royal duty, and a protagonist torn between status and living as a woman?",338
"Are there any older teen-friendly anime that mix aristocratic drama, romance, and social unrest leading up to a revolution?",338
Can anyone recommend an anime special where a letter writer has to turn someone’s complicated feelings into a love letter?,37095
"I’m looking for a drama special based on a light novel, especially one about writing a love letter for a famous opera singer.",37095
Any anime with a quiet emotional tone where a professional letter transcriber keeps trying to capture love in words?,37095
What should I watch if I want a short special about understanding romance through different attempts at writing letters?,37095
Are there any drama specials where the main conflict is figuring out how to express someone’s feelings honestly on paper?,37095
"Can anyone recommend a TV anime about a teen trying to become a vampire by falling in love with one, with a romance-heavy supernatural vibe?",58390
I’m looking for an anime sequel where a human detective hunts vampires while the main couple’s relationship gets deeper and more complicated—any recs?,58390
"Any manga-based anime with vampires, nighttime hangouts, and a protagonist digging into a love interest’s past to protect her?",58390
What should I watch if I want a PG-13 supernatural romance where human friends gradually accept vampires and the story involves a deadly vampire weakness tied to memories?,58390
"Are there any teen anime series with a human cast, a vampire coven, and a mix of romance, danger, and emotional backstory?",58390
"Can anyone recommend a mystery action anime movie about a kid detective getting pulled into a case involving a high-tech offshore facility, a new face-recognition system, and a criminal organization?",53540
"I’m looking for a PG-13 detective movie where a murder, a kidnapping, and a stolen data drive all tie into a bigger conspiracy. Any picks like that?",53540
"Are there any anime films set around a seaside operation with worldwide police surveillance tech, where the hero sneaks in to investigate a Black Organization plot?",53540
"What should I watch if I want an action mystery movie from a manga with Conan-style investigation, a tech-centered setting, and danger closing in on a young female scientist?",53540
"Any recommendations for a theatrical anime with a tense cat-and-mouse story, an international police tech project, and a shadowy group threatening the main cast?",53540
"Any TV anime like a serious high school concert band drama, with summer training and a push toward a regional competition?",31988
"Can you recommend a drama anime about students in a music club trying to win gold, while old tensions between members start resurfacing?",31988
I’m looking for a PG-13 anime based on a novel where a school band gets coaching from professional musicians and has to stay committed under pressure.,31988
"Are there any anime with a determined ensemble cast, competition goals, and emotional fallout when a former member wants back in?",31988
"What should I watch if I want a music-focused TV series about hard work, teamwork, and chasing nationals after a big qualifying round?",31988
Can anyone recommend a TV anime with a sci-fi war setting where a government hides the truth about casualties and forces a discriminated group to fight?,41457
"I’m looking for a light-novel adaptation with heavy drama, military conflict, and a protagonist who stands against inhumane discrimination.",41457
"Any anime about a squad of young soldiers, an AI-controlled enemy, and a commander who keeps surviving after losing every previous unit?",41457
"What should I watch if I want a serious war story about people from two different sides forced into a command-and-control relationship, with a lot of tragedy and despair?",41457
"Are there any anime where outsiders are treated as expendable fighters, the battles are against autonomous machines, and the tone is dark and emotional?",41457
Any anime about a reincarnated adventurer and his chaotic party who keep getting into debt and derailed by their own stupidity?,49458
Can you recommend a fantasy comedy TV anime where a former NEET tries to avoid fighting the Demon King while stuck with a ridiculous crew?,49458
"I’m looking for an anime with a useless-but-funny adventuring party, a princess invitation, and lots of awkward consequences from their reckless choices.",49458
"Are there any adventure-comedy series where the team includes a self-centered goddess, a one-trick arch-wizard, and a masochistic crusader?",49458
What should I watch if I want a TV anime based on a light novel that mixes fantasy quests with absurd party dynamics and nonstop bad luck?,49458
Can anyone recommend an OVA with a vampire fighting for a human organization against supernatural monsters and other enemies?,777
I’m looking for something dark and violent where a military-style group hunts the undead and other creatures of the night. Any recs?,777
Any anime about a powerful vampire working as an exterminator for an organization trying to protect humanity?,777
"What should I watch if I want an action-horror story with supernatural battles, bloodshed, and a really grim tone?",777
"Are there any OVAs where the main conflict is humanity’s survival against monsters, with a vampire and his new servant in the middle of it?",777
"Can anyone recommend an anime movie arc with a demon threat on a train, where a top demon slayer and a few allies have to protect the passengers?",49926
"I’m looking for a TV anime based on a manga that’s full of supernatural action, especially with demons invading a crowded train and messing with people’s minds.",49926
"Any recommendations for a violent shonen anime with a small team of monster hunters, a flame-themed swordsman, and a mission that turns into a train nightmare?",49926
What should I watch if I want an action-heavy anime where heroes board a train to investigate disappearances and fight a powerful demon with a dark plan?,49926
"Are there any anime with a high-stakes battle against demons, a confined setting like a train, and a tense tone with lots of violence?",49926
Can anyone recommend an action-comedy fantasy TV anime where a super-powered slime ruler has to deal with tense negotiations and then rush back to protect his kingdom from invading humans?,39551
"I’m looking for a TV anime based on a manga that mixes fantasy and comedy, with a reincarnated slime protagonist who manages a kingdom and gets caught up in political trouble and battles.",39551
"Any anime with a non-human main character who has a bunch of magical powers, gets his abilities restricted by a mysterious enemy, and has to save his people from an attack?",39551
"What should I watch if I want a PG-13 fantasy series about a kingdom-building slime leader, peaceful talks with another nation, and a sudden crisis back home?",39551
"Are there any action fantasy anime where the vibe shifts from funny kingdom life to a serious invasion threat, with the hero trying to get back in time before it’s too late?",39551
Can anyone recommend an all-ages fantasy movie about a young monster who can turn into a small black cat and gets forced into a journey with a human?,40211
I’m looking for an original animated movie where a monster in cat form has to find a new home after forests disappear and humans keep expanding.,40211
"Any adventure-drama fantasy films about humans and monsters being pushed together in a changing world, with a reluctant partnership at the center?",40211
"What should I watch if I want a movie about a black cat-like monster, a hidden island of monsters, and a conflict with a human pursuer?",40211
"Are there any family-friendly fantasy movies that deal with monster survival, human development, and new perspectives on humans vs. monsters?",40211
Can anyone recommend a sci-fi anime with a corrupt justice system and a rookie who starts questioning whether the law is actually right?,13601
"I’m looking for a TV anime where police work is paired with mystery and suspense, and the system judges people based on their mental state.",13601
Any action anime with a young idealist working alongside a veteran enforcer in a grim future society?,13601
"What should I watch if I want an original 22-episode anime about crime prevention, moral gray areas, and a government system that can be wrong?",13601
Are there any mature sci-fi thrillers where enforcing the law means dealing with latent criminals and a hidden corruption behind public order?,13601
Any good children’s adventure movies with comedy and fantasy where a kid ends up assembling a mysterious giant robot from parts that fell from the sky?,10534
Can you recommend an anime movie based on a manga where a boy gets jealous of a friend’s robot toy and accidentally uncovers a much bigger robot weapon?,10534
I’m looking for a family-friendly fantasy adventure movie with a robot invasion plot and a mysterious girl searching for the robot—any suggestions?,10534
What are some anime movies about kids teaming up with a robot companion to stop a robot army from enslaving humanity?,10534
"Any lighthearted adventure-comedy movies with a sci-fi-style giant robot, an Earth invasion threat, and a PG-for-children tone?",10534
Can anyone recommend an anime where a former shut-in gets reincarnated into a fantasy world and starts over as a baby with his old memories intact?,39535
I’m looking for a TV anime based on a light novel about a reincarnated guy who learns magic fast and also trains in swordsmanship—any recs?,39535
"Are there any fantasy anime with a second-chance-at-life vibe, a protagonist dealing with past trauma, and a mix of adventure and drama?",39535
"What should I watch if I want an isekai where the main character has exceptional magical talent, mentors helping him grow, and a more mature rating?",39535
"Any anime with a reincarnated adult protagonist, close childhood friendships, and a slow build toward romance in a fantasy setting?",39535
Can anyone recommend a TV anime about two teens trying to make it as manga creators while competing with other ambitious artists and chasing an anime adaptation?,10030
I’m looking for a comedy-drama romance anime where a writer-artist duo has to keep their manga serialization going and climb to the top of a weekly magazine.,10030
"Any shows about young manga creators dealing with rival artists, a new editor, and a big career push toward getting their work adapted?",10030
"What’s a good anime for the struggle of breaking into the manga industry, with lots of competition, teamwork, and a bit of romance on the side?",10030
"Are there any TV anime with hard-working aspiring mangaka, professional rivalry, and a promise tied to making it big in the manga world?",10030
"Can anyone recommend an OVA with a calm slice-of-life feel, supernatural spirits, and a gentle winter atmosphere?",20651
"I’m looking for an anime where a boy helps a mysterious yokai find something it’s searching for, with a soft and cozy vibe.",20651
"Any manga-based anime about everyday life mixed with friendly spirit encounters and a peaceful, reflective tone?",20651
"What should I watch if I want a teen-friendly supernatural story centered on a quiet walk, a snowy setting, and helping a yokai?",20651
"Are there any short anime specials with a warm homey mood, snow, and a protagonist who deals with yokai in a low-key way?",20651
Can anyone recommend a slice-of-life anime movie about dragons whose peaceful daily life gets thrown into a conflict between two worlds?,59897
I’m looking for a supernatural movie where a human tries to help a dragon family mend a broken bond while a war is brewing.,59897
"Any anime films with dragons, found-family vibes, and a story about choosing between friends and a parent’s demands?",59897
What should I watch if I want a PG-13 anime movie with cute everyday moments but also a big dragon-world conflict and hidden manipulation behind the scenes?,59897
"Are there any manga-based anime movies about dragons torn between loyalty, friendship, and stopping a war from destroying both worlds?",59897
"Any sci-fi movie recommendations with big interstellar war strategy and political intrigue, where both sides are pushing hard for control of the galaxy?",51805
I’m looking for an anime movie about a military genius trying to unify humanity while an opposing alliance keeps escalating the conflict—any recs?,51805
"What should I watch if I want a drama-heavy space war story with ambitious leaders, shifting alliances, and lots of tactical battles?",51805
"Are there any movies based on a novel that focus on fleet warfare, imperial vs. alliance conflict, and a scheming third party taking advantage of the chaos?",51805
"Can anyone recommend a serious sci-fi film with ruthless politics, large-scale battles, and a revenge-driven or legacy-driven conflict between rival powers?",51805
"Can anyone recommend an OVA that follows a young noble caught in political turmoil after his father is assassinated, with his life turning into a path of revenge and war?",10937
"I’m looking for a sci-fi story about siblings separated after a violent coup, where one of them grows into a soldier during an intergalactic conflict.",10937
"Any recommendations for a war-focused anime where a rebel ideal becomes militarized, and the main character ends up becoming a legendary mobile suit pilot?",10937
"What should I watch if I want a finished OVA adaptation of a manga with space warfare, family tragedy, and a protagonist driven by vengeance?",10937
"Are there any mecha series with a coming-of-age angle, where a boy loses his home, gets pulled into a larger conflict, and rises through the chaos of a spacefaring war?",10937
"Can anyone recommend a TV anime with a brutal battle royale between Masters and Servants, where everyone’s fighting over a wish-granting Grail?",28701
"I’m looking for an action fantasy anime where a wounded guy keeps fighting even after losing his Servant, because he wants to protect people.",28701
"Any series about a war where a witch-like enemy captures a powerful Servant, and the balance of power starts shifting fast?",28701
"What should I watch if I want a violent 17+ anime with lots of sacrifice, shifting alliances, and hidden motivations in a magical war?",28701
"Are there any visual-novel-based TV anime that focus on a Grail war, powerful magic users, and a determined hero forced to prove his resolve?",28701
Can anyone recommend a sports anime where baseball games turn into high-stakes psychological battles and the main character is obsessed with gambling and money?,5040
I'm looking for a TV anime based on a manga about a genius pitcher who uses one-on-one baseball duels and has to outsmart a shady team owner.,5040
"Any series with a ruthless negotiator vibe, where a pro baseball player is forced into a struggling team and gets paid based on each run or out?",5040
"What should I watch if I want an anime that mixes baseball with suspense, mind games, and a protagonist who only cares about making quick cash?",5040
Are there any sports anime where the lead has a record of tons of wins in a special pitching showdown format and ends up fighting to survive through a crazy contract?,5040
Can anyone recommend an anime with a time-looping protagonist who gets dragged into a dark fantasy rescue story full of despair and violence?,39587
"I’m looking for a TV anime based on a light novel where past sins, broken contracts, and intense emotional drama all collide in a suspenseful fantasy plot.",39587
Any recommendations for a series where the main character keeps trying to save his loved ones but his power to redo events stops feeling useful?,39587
"What should I watch if I want an isekai with a creepy mystery vibe, a dangerous sanctuary setting, and mysterious enemies closing in on trapped people?",39587
"Are there any fantasy anime with unrequited love, heavy stakes, and a protagonist forced to confront past and future through an encounter with a mysterious witch?",39587
Can anyone recommend an anime about a high school guy dealing with supernatural curses and helping other students with weird spiritual problems?,5081
I’m looking for a TV anime where a former vampire victim still has strange powers and keeps getting pulled into mystery-heavy supernatural cases.,5081
Any romance-heavy supernatural anime about a normal-seeming student trying to fix bizarre things affecting girls around him?,5081
"What should I watch if I want a series with gods, demons, and a moody mystery vibe centered on a cursed high schooler?",5081
"Are there any light novel adaptations with occult troubles, sharp dialogue, and an oddball cast helping people facing supernatural illnesses?",5081
Can anyone recommend a TV anime where a high school student ends up sharing his body with a parasite and has to survive against other hostile alien parasites?,22535
"I’m looking for a dark sci-fi horror anime with body horror, violent fights, and a tense human-versus-monster survival setup.",22535
"Any anime about an uneasy partnership between a teen and a creature controlling part of his body, especially if it turns into action against invading aliens?",22535
What should I watch if I want a finished 24-episode anime with a creepy parasitic invasion plot and lots of suspense?,22535
Are there any manga-based anime with a mature tone where a normal student has to protect himself after an alien parasite fails to fully take over his brain?,22535
"Any recommendations for an action-fantasy ONA with a dark, violent tone and only a few episodes?",50407
I’m looking for an original animated series that keeps the fantasy battles intense and gritty—any suggestions?,50407
"What should I watch if I want a short finished ONA with action, fantasy, and plenty of violence?",50407
Are there any animated fantasy series with a sequel-season feel and a heavy dose of combat and profanity?,50407
"Can anyone recommend a fast-paced original ONA that’s basically all action and fantasy, but not too long?",50407
Can anyone recommend an anime about a single guy unexpectedly raising a young girl and figuring out fatherhood from scratch?,10162
"I’m looking for a slice-of-life TV anime with a gentle, heartwarming focus on family and everyday childcare.",10162
Any anime based on a manga where an adult bachelor takes in a neglected child and forms a close parent-child bond?,10162
What should I watch if I want a quiet PG-13 story about an awkward family situation turning into something warm and supportive?,10162
Are there any TV anime that explore a lonely adult’s life changing after he starts caring for a shy little girl from his family?,10162
"Can you recommend a sci-fi drama movie about two opposing sides in a long bloody war, where the bigger threat is corruption and disloyalty from within?",42886
"I’m looking for an anime movie with military strategy, political corruption, and a conflict between rising commanders during an ongoing space war.",42886
"Any drama-heavy sci-fi movies where the leaders on both sides realize their real enemy is internal betrayal, not just the opposing army?",42886
"What should I watch if I want a serious, violent space war movie with admirals, fortress assaults, and a lot of political tension?",42886
"Are there any anime movies like a novel adaptation that focus on a never-ending interstellar war, corruption in a government, and a chain of command breaking down?",42886
Can anyone recommend a comedy anime movie that’s a theatrical compilation of a slice-of-life rock story?,55357
I’m looking for a PG-13 movie adaptation of a 4-koma manga with a musical band vibe and awkward comedy.,55357
Any recommendations for an anime movie that condenses a popular school band comedy into a compilation format?,55357
What should I watch if I want a funny teen-friendly movie based on a 4-koma manga about performing music together?,55357
Are there any comedy movies that are basically a theatrical recap of a rock band anime?,55357
Can anyone recommend a Boys Love movie about high school seniors dealing with graduation and university entrance exams while figuring out their future as a couple?,51440
"I’m looking for an anime movie based on a manga where a newly official boyfriend pair has to balance school stress, graduation, and their relationship getting more serious.",51440
Any BL movies with a sweet high school romance that turns into worries about what comes after graduation and how to handle a public relationship?,51440
"What should I watch if I want a teen-rated romance movie about two boys in school, one of them struggling to study because he’s thinking about his boyfriend all the time?",51440
"Are there any manga-based movies about a closeted-or-public-sounding same-sex relationship in high school, with a focus on romance, future plans, and family or friend scrutiny?",51440
"Can anyone recommend a special episode anime with a calm slice-of-life feel, supernatural youkai encounters, and a gentle focus on everyday experiences?",34534
I’m looking for a manga-based special where a human who can see spirits gets pulled into a youkai banquet and learns more about their world.,34534
"Any short anime specials about a boy wandering into a forest, meeting traveling youkai, and dealing with magical objects that change how people experience food and drink?",34534
"What should I watch if I want a supernatural slice-of-life special with a loyal cat-like protector, eerie mansion vibes, and a hide-and-seek style youkai game?",34534
"Are there any PG-13 anime specials that blend relaxing life moments with mysterious spirit interactions, banquet scenes, and a slightly eerie but warm tone?",34534
Can anyone recommend an OVA with a desperate space voyage to save Earth from being turned into a wasteland?,12029
I’m looking for a sci-fi action series where a crew on a powerful battleship has to travel across space to retrieve a technology that can restore a ruined planet.,12029
"Any anime about a mixed crew of young officers and seasoned veterans trying to survive a long, dangerous mission for humanity’s last hope?",12029
What should I watch if I want a drama-heavy space war story with an expansionist alien empire and a battered Earth fighting back?,12029
"Are there any original sci-fi OVAs with a huge interstellar journey, a high-stakes rescue mission, and a battleship powered by advanced energy technology?",12029
"Any recommendations for a music video anime made for a single original song, with a moody emotional vibe?",39112
"What are some short music anime clips that are basically just a visual piece for one track, especially if they feel dramatic?",39112
Can anyone suggest an anime music video that’s centered on a song and has a crying-in-the-rain kind of emotional tone?,39112
I’m looking for a one-episode music title rather than a full series—something original and more about atmosphere than plot.,39112
"Are there any teen-rated music shorts that focus on strong feelings and a somber, expressive presentation?",39112
Can anyone recommend a sports anime where a young pitcher heads to America for his pro debut but has to fight through serious mental and career setbacks?,7655
"I’m looking for a TV anime based on a manga about baseball, especially one where the main character has to rebuild his drive after crushing personal problems.",7655
Any anime about a teen baseball player in the final stretch of his career who has to overcome major hardship to keep playing at a high level?,7655
What should I watch if I want a finished baseball series with a strong focus on a player’s struggle against both external setbacks and his own mind?,7655
Are there any PG-13 sports anime that follow a determined pitcher trying to save his career after the end of a big tournament and a move to the majors?,7655
Can anyone recommend a sports anime where a high school baseball team rebuilds after a big tournament and pushes toward the top again?,30230
"I’m looking for an anime about intense high school baseball training, rival teams, and two young pitchers competing to become the ace.",30230
"Any manga-based TV anime with a team dealing with past losses, a new captain, and a tough new season ahead?",30230
"What should I watch if I want a grounded baseball series with lots of competition, practice, and pressure on the veteran players?",30230
Are there any anime where a high school team is trying to grow stronger step by step while fresh faces join the starting lineup?,30230
Can anyone recommend a TV anime based on a novel about a brave boy from a Swiss village who ends up sold into chimney sweeping in Milan and has to survive a lot of hardship?,2559
"I’m looking for an adventure drama with a kindhearted kid who leaves home to work as a chimney sweep, makes a deep friendship on the way, and has to deal with abuse and dangerous street gangs.",2559
"Any anime where two boys get separated after being sold to different masters, swear to meet again, and later form a close brotherhood while fighting back against bullies?",2559
"What should I watch if I want a historical-feeling drama about poor children working as chimney sweeps, family sacrifice, and a boy trying to help his injured father?",2559
"Are there any PG-13 TV anime with a serious, emotional tone about child labor, friendship, and surviving in a harsh city setting?",2559
"Can anyone recommend a TV anime about horse girls competing in racing, with a cheerful lead aiming for a Triple Crown-style undefeated run?",42941
I’m looking for a sports anime where the main girl faces old and new rivals while chasing a big unbeaten racing goal. Any recs?,42941
"What should I watch if I want an anime about a popular racing team, intense competition, and tough choices affecting a runner’s career?",42941
Any TV series based on a game that focuses on teen-friendly horse-racing action and character rivalry?,42941
"Can someone recommend an anime with a determined, fast runner, multiple G1 race goals, and a strong competitive but hopeful tone?",42941
"Can anyone recommend a short music anime based on a game that feels like a colorful, nostalgic trip through a fantasy world?",42984
"I’m looking for something set in a bright, grand city where young characters search for their partners while running into champions, rivals, professors, and villains — any recommendations?",42984
"Are there any PG kids’ anime or music specials with an adventurous, technicolor vibe and lots of familiar fantasy-world faces?",42984
"What should I watch if I want a one-episode music release with a big, flashy city setting and a quest-driven plot about finding companions?",42984
"Any recommendations for a fantasy music title that captures the energetic, iconic feel of a game franchise and centers on teens on a journey?",42984
Can anyone recommend a sci-fi music video about a lonely girl with blurred memories who escapes into a tablet that can create any world she wants?,34240
I’m looking for an all-ages animated short where a girl is alone in a strange future and keeps building dreamlike worlds to deal with isolation.,34240
Are there any music anime or shorts with a single character trying to uncover the truth about her own existence while living inside self-made utopias?,34240
"What should I watch if I want something sci-fi and emotional about loneliness, memory gaps, and imagining whole worlds through a device?",34240
Any recommendations for a one-episode original music anime where the setting feels futuristic and the story centers on coping with being totally alone?,34240
Can anyone recommend an OVA with action and adventure where the heroes go after a dangerous enemy group because one member could be the one who finally beats them?,137
"I’m looking for an anime based on a manga that mixes fantasy with a revenge-driven side story and a team tracking down a deadly foe, any suggestions?",137
Any short anime series where a main character is dealing with the risks of special powers while searching for someone’s lost eyes and facing old enemies?,137
What should I watch if I want a PG-13 OVA about a group of friends reuniting and then heading back into a high-stakes hunt against a powerful threat?,137
"Are there any adventure-fantasy OVAs with a small group chasing a single elite opponent, with real danger hanging over one of the main characters?",137
"Can anyone recommend an anime about a shut-in college dropout dealing with isolation, conspiracy theories, and trying to get his life together?",1210
I’m looking for a psychological dramedy TV anime where the main character is a hikikomori who struggles to leave his apartment and face society.,1210
"Any anime with comedy, drama, and romance that centers on a NEET trying to escape self-imposed isolation and find a job?",1210
What should I watch if I want a story about a lonely guy whose encounter with a mysterious girl might push him toward reentering the world?,1210
Are there any TV anime based on a novel that mix dark humor with social anxiety and the fear of interacting with other people?,1210
Can you recommend a music anime video that’s basically built around a single song and its visuals?,48653
"I’m looking for a short, one-episode music piece from the teens-rated side of anime — any recs?",48653
Any recommendations for an animated music video that focuses on a song rather than a full story?,48653
What should I watch if I want a finished music anime that’s just one episode long?,48653
Are there any teen-friendly music videos in anime form that are made as a standalone song project?,48653
"Can anyone recommend an ONA with time travel, a murder-driven rescue mission, and a tense drama vibe?",56752
I’m looking for an anime where the main character goes back in time after losing his friends and has to outsmart a dangerous enemy.,56752
"Any short series about investigating a missing parent, with weird timeline changes and no longer being able to trust future predictions?",56752
What should I watch if I want a drama-heavy time-manipulation story set around a photo studio and a high-stakes past mission?,56752
"Are there any original web anime with a desperate do-over plot, personal revenge stakes, and a protagonist forced to improvise when his power stops working the way it used to?",56752
Can anyone recommend an adventure comedy anime where a science-savvy protagonist has to outsmart an enemy faction and turn a rival warrior into an ally?,55644
"I’m looking for a TV anime with a post-apocalyptic feel, where rebuilding civilization through science is a big part of the story and the cast is sneaking around enemy territory.",55644
"Any manga-based anime about a secret infiltration mission that goes wrong, forcing the heroes to deal with a dangerous leader and a powerful warrior?",55644
"What should I watch if I want a PG-13 adventure series with comedy, strategic alliances, and a battle over a petrification weapon?",55644
Are there any anime where a scientist and his team rely on invention and clever planning to survive a war against a kingdom that uses petrification?,55644
"Can anyone recommend a TV anime about a traveling merchant and a wolf goddess on a journey full of business deals, romance, and supernatural stuff?",5341
I’m looking for a light-novel adaptation where a sharp merchant keeps making risky trade decisions while traveling with a powerful nonhuman companion.,5341
"Any anime with an older, business-minded protagonist and a witty female partner, where their relationship gets tested during a long trip?",5341
"What should I watch if I want an adventure-drama with economics, road travel, and slow-burn romantic tension between the leads?",5341
Are there any PG-13 fantasy anime where the main characters are searching for a lost homeland and dealing with competition from another merchant?,5341
Can anyone recommend a TV anime about a lonely teen who can see spirits and slowly starts connecting with both humans and supernatural beings?,4081
"I’m looking for a slice-of-life supernatural anime where the main character inherits a book that can summon or control spirits, but he cares more about protecting them than using it.",4081
"Any anime with a shy foster kid, a cat-like spirit bodyguard, and a story about making peace with the spirits tied to a family legacy?",4081
What should I watch if I want a gentle supernatural series where a boy who sees youkai helps free the names his grandmother once collected?,4081
"Are there any manga-based TV anime with a bittersweet, emotional tone, centered on youkai, loneliness, and building friendships across human and spirit worlds?",4081
"Any TV anime recommendations for intense street racing drama, especially with mountain pass battles and a final showdown between rival teams?",22507
I’m looking for an action series where a skilled teen driver faces a tough newcomer who knows the home course really well.,22507
"Can anyone recommend an anime based on a manga that has serious car racing, a bit of drama, and a last-stage faceoff with a matching car model rivalry?",22507
"What should I watch if I want a short TV anime about underground racing, competitive drivers, and a protagonist pushed to his hardest match yet?",22507
"Are there any anime with teen street racers, one-on-one mountain road races, and a tense underdog-vs-veteran kind of matchup?",22507
"Can you recommend an anime with time travel, a murder mystery, and a guy trying to save people before tragedy hits?",31043
I’m looking for a suspenseful series where the lead gets sent back to childhood and has to prevent a classmate’s abduction or death—any suggestions?,31043
Any TV anime based on a manga about a detached adult who uses a strange rewind ability to uncover a linked crime from the past?,31043
"What should I watch if I want a mystery with danger, a wrongful accusation, and a protagonist trying to protect people in both the past and present?",31043
"Are there any dark anime with violence and profanity, plus a story centered on solving an old case by changing events in 1988?",31043
"Any anime special where a science-fiction cast reunites months later for a gaming event abroad, with a mix of comedy and leftover memories from earlier timeline weirdness?",10863
"I'm looking for something short that follows a group of friends traveling to the US for a competition, then getting pulled into questions about past world-line events and dreams. Any recs?",10863
Can you recommend a sci-fi comedy about a guy and his friends running into an old colleague who remembers bits of alternate timelines and starts confronting him about what really happened?,10863
"What are some anime specials based on a visual novel that keep the time-travel aftermath, but lean more into humor and character interactions than heavy drama?",10863
"I want an anime with fragmented memories of different world lines, a reunion with an old acquaintance, and a playful tone around past sci-fi events. Any suggestions?",10863
Can anyone recommend an action TV anime based on a manga where a young commander keeps rising through brutal wars and fights for recognition on the path to unifying China?,17389
"I’m looking for a historical war anime with a low-ranked soldier turned commander, lots of battlefield strategy, and a bigger goal of conquering rival states. Any recs?",17389
"Any anime where the main cast is dealing with invasions abroad and political turmoil back home at the same time, with plenty of violence and power struggles?",17389
What should I watch if I want a manga adaptation about ambitious military leaders competing against higher-status rivals during a major campaign?,17389
"Can someone suggest a serious action series set in ancient China with ongoing state conflict, faction drama in the royal court, and a protagonist chasing fame through war?",17389
Any action sci-fi movie recommendations about a no-rules intergalactic race where the drivers are pushed to the limit?,6675
I’m looking for an anime movie with a daredevil racer who enters a dangerous competition and has to rely on pure driving skill.,6675
Can anyone recommend something set around a high-stakes race on a hostile planet with a trigger-happy military and criminals interfering?,6675
Any sci-fi action films where two standout human racers compete in the biggest event of their lives and the race is as much about thrill as survival?,6675
"What should I watch if I want a fast-paced racing movie with a bold, adrenaline-fueled tone and huge competition stakes?",6675
Can anyone recommend a TV anime about a young girl who ends up separated from her home and has to start over in a new place while dealing with rising conflict between two regions?,5420
I’m looking for a drama-fantasy anime where the story centers on caring for powerful beasts and the fallout when something goes wrong with them. Any suggestions?,5420
Are there any anime with a bright female lead who grows up around beast care and has to learn the truth about both animals and people?,5420
"What should I watch if I want a long TV series with political tension, family tragedy, and a heroine forced into a completely different life?",5420
"Any recommendations for an anime where humans raise war beasts, peace starts breaking down, and the main character gets caught in the middle?",5420
Can anyone recommend a sci-fi movie about teens piloting giant mechanized suits to fight off monster attacks and stop the apocalypse?,3784
I’m looking for an anime film where a small team of young pilots has to protect humanity from escalating monstrous threats and dark secrets start coming out.,3784
"Any recommendation for a suspenseful drama movie with mecha battles, a looming apocalypse, and a plot that makes you question whether the bigger enemy is the monsters or people?",3784
"What should I watch if I want an original sci-fi movie with female and male teen pilots, military defense forces, and high-stakes fights against alien-like creatures?",3784
"Are there any anime movies with a tense, serious tone, mechanized units built for combat, and a story about defending loved ones from a world-ending threat?",3784
Can anyone recommend a sports anime series about a high school basketball team trying to win a big tournament against freakishly talented rivals?,24415
"I’m looking for a TV anime based on a manga where teamwork matters more than flashy individual skill in basketball, any recs?",24415
"Any anime with a protagonist who uses a subtle, team-focused style to challenge former teammates with overpowered basketball abilities?",24415
What should I watch if I want a tense high school basketball show centered on a team pushing toward a championship and facing elite opponents?,24415
Are there any sports anime where a school team has to take on multiple rival teams led by standout players with near-superhuman talent?,24415
"Can anyone recommend an anime set in Edo-era Japan with sword fights, where the main fighter uses his own body like a blade?",6594
I’m looking for a TV anime where a quiet exiled swordsman teams up with a bold strategist on a quest to collect a set of unique legendary weapons.,6594
"Any action-adventure series with a strong romantic undercurrent, where two leads have to work together against powerful enemies?",6594
What are some anime based on light novels that feature unusual sword styles and a journey full of dangerous battles?,6594
Can you suggest a 12-episode historical fantasy anime about tracking down multiple special blades while building an unbreakable partnership?,6594
Can anyone recommend an anime movie about a rough trio who find an abandoned baby on Christmas Eve and end up searching for her mother?,759
"I’m looking for a short, award-winning comedy-drama movie with a winter setting, found-family vibes, and a bittersweet holiday journey.",759
"Are there any anime films where three mismatched adults get pulled into a chaotic search based on a baby’s clues, like a key and a note?",759
What should I watch if I want a heartfelt Christmas story about homeless characters trying to protect a baby and make things right?,759
"Any dramatic comedy movies with a lonely, cold-night atmosphere, a rescue mission, and a little bit of miracle-at-Christmas energy?",759
"Can anyone recommend an ONA that's a mix of action, adventure, fantasy, and sci-fi?",49571
I'm looking for a web novel adaptation where the second season keeps the action-heavy adventure going in a sci-fi fantasy setting.,49571
Any recommendations for a PG-13 animated series with fantasy and sci-fi elements plus lots of action and adventure?,49571
What should I watch if I want a sequel season in an ONA format that continues a web novel-based story?,49571
Are there any finished anime series with a high-stakes sci-fi fantasy vibe and a strong adventure focus?,49571
Can anyone recommend an anime about a shy classical pianist who gets pulled into jazz and makes his first real friend at a new school?,12531
"I’m looking for a TV anime with music, friendship, and a bit of romance, especially something set around high school students bonding over jazz.",12531
Any anime based on a manga that follows an introverted top student starting over in a new place and slowly opening up through music?,12531
"What should I watch if I want a heartfelt drama about delinquent-and-quiet-student friendship, with after-school jam sessions and piano?",12531
Are there any teen-rated romance dramas where jazz brings together a small group of students and changes their lives?,12531
"Can you recommend a TV anime about high school boys forming a band, with a strong focus on music and drama?",39533
I’m looking for an anime where a shy student learns guitar and gets pulled into a jam session with other band members—any suggestions?,39533
"Any boys-love anime with an emotional story about a beautiful singing voice, new friendships, and music?",39533
What should I watch if I want a high school music anime where a guitarist also becomes the lead singer of a band?,39533
"Are there any short TV anime based on a manga that mix band life, coming-of-age feelings, and a mysterious past tied to a guitar?",39533
"Can anyone recommend an anime movie with a virtual reality game, a locked-in mystery, and a race against time to save trapped kids?",1365
I’m looking for a mystery adventure where a detective enters a historical simulation to solve a murder and catch the culprit before it’s too late.,1365
"Any PG-13 movies based on a manga that mix detective work, AI trouble, and a 19th-century London setting inside a game?",1365
"What should I watch if I want a story about children getting trapped in a VR showcase, with a murder clue hidden in the game world?",1365
"Are there any anime movies with a famous detective vibe, a simulated Victorian-era setting, and a hunt for a notorious serial killer?",1365
Can anyone recommend an anime where a nation of monsters is dealing with the fallout of an invasion and then turns around to go on the offensive?,41487
"I’m looking for a TV anime with action, comedy, and fantasy where a reincarnated ruler uses powerful allies to take on enemies one by one.",41487
"Any anime about a newly awakened True Demon Lord leading a monster nation, with dragons, demons, and big alliance politics?",41487
"What should I watch if I want a sequel season that focuses on revenge after an attack, secret scheming, and a growing monster country?",41487
Are there any anime with a laid-back but hype fantasy vibe where the main character builds up a nation and fights major threats with overpowered skills?,41487
Can anyone recommend an anime about a shy teen who gets pulled into forming a rock band and chasing fame across Japan?,57
I’m looking for a TV anime where a guy starts learning guitar and gets into western rock culture—any recs?,57
Any manga-based anime about a band’s struggles and successes as they try to make it big in the rock scene?,57
"What should I watch if I want a drama with teenage musicians, friendship, and the rise of an underground band?",57
"Are there any 26-episode anime with a music-focused coming-of-age story, guitar skills, and a lot of band drama?",57
"Can you recommend an anime TV series about childhood friends reconnecting after a death, with a ghost asking them to fulfill a forgotten wish?",9989
I’m looking for a drama-heavy supernatural anime where a shut-in starts seeing the spirit of a deceased friend and has to face old guilt.,9989
Any TV anime recommendations about a group of estranged friends being pulled back together by a dead classmate’s unfinished business?,9989
"What’s a good anime with a quiet, emotional story about grief, regret, and trying to help a ghost move on?",9989
"Can you suggest a short, finished anime series that mixes supernatural elements with a very bittersweet coming-of-age friendship story?",9989
"Can anyone recommend a TV anime based on a manga where an older, more determined ninja keeps fighting to protect his friends and home?",1735
"I’m looking for an action-adventure fantasy with elite rogue ninjas, a growing threat to the whole shinobi world, and a main guy who’s still goofy but much more confident.",1735
Any anime recommendations where the hero comes back after intense training and keeps pushing himself past his limits for the people he cares about?,1735
"What should I watch if I want a long-running shonen-style TV series about ninja battles, secret organizations, and chasing a big dream of becoming the leader?",1735
"Are there any PG-13 fantasy action anime with a rambunctious protagonist, a hidden village ninja setting, and a serious looming conflict?",1735
Can anyone recommend an anime TV series with a criminal mastermind group going after corrupt nobles in a gritty mystery/suspense setting?,43325
I’m looking for a TV anime where a clever detective keeps getting pulled into a cat-and-mouse battle with a hidden enemy working from inside society.,43325
"Any manga-based anime with a stylish Victorian-era vibe, political corruption, and a ruthless game of wits between a criminal side and Sherlock Holmes?",43325
What should I watch if I want a suspense anime where a woman caught in a huge scandal has stolen classified documents that could shake an empire?,43325
"Are there any R-17+ mystery anime with violence and profanity that focus on intelligent schemes, hidden identities, and outsmarting the police or detective?",43325
"Can anyone recommend an ONA about a fearless young guy raised by a group of mysterious elders, with action and adventure in a dangerous fantasy world?",59953
"I’m looking for a web novel adaptation where cows start speaking, the land is abandoned by gods, and the main character has to survive all kinds of monsters and ruins. Any recs?",59953
Any fantasy series with a teen hero who inherits skills from older mentors and sets out to carve out his own path in a world filled with demons and strange ancient remnants?,59953
"What should I watch if I want something set in a harsh abandoned land with divine bones, dragon bones, and a big mythic adventure vibe?",59953
"Can someone recommend a PG-13 fantasy ONA with a bold protagonist, mythical creatures, and a strong underdog-to-powerful-hero feel?",59953
Can anyone recommend a supernatural drama romance movie where the main guy gets caught up in weird puberty-related anomalies and has to deal with them while juggling his relationship?,54870
I’m looking for an anime movie about a high schooler who runs into a younger version of someone important to him and then gets pulled into another strange supernatural mystery.,54870
"Any light novel–based movie recommendations with emotional family stuff, strange unexplained events, and a teen lead trying to fix supernatural abnormalities?",54870
What should I watch if I want a PG-13 romance drama with an eerie supernatural twist and a protagonist dealing with bizarre changes around his body and memories?,54870
"Are there any anime movies about a boy, his sister, and a sick parent, with a quiet but weird supernatural mystery at the center?",54870
Can anyone recommend an OVA sports series about a pitcher chasing a World Series title after an accident makes the road tougher?,11917
I’m looking for a sports anime with a determined main character who keeps pushing his dream through high-speed pitching and big-match pressure.,11917
Any recommendations for an adaptation where a baseball team is fighting for a championship and a rivalry turns even more intense after an unexpected injury?,11917
What should I watch if I want a short sports OVA about a team’s run toward the World Series and a player refusing to give up on his future?,11917
"Are there any baseball anime that focus on a tense title chase, a rival matchup, and a protagonist who keeps throwing with everything on the line?",11917
"Can anyone recommend a sci-fi drama movie about opposing galactic factions dealing with coups, civil war, and political intrigue?",36371
I’m looking for an anime movie where a brilliant commander and his rival are both dealing with the fallout of war and the cost of leadership.,36371
"Any recommendations for a war-focused space movie that’s heavy on strategy, betrayal, and moral compromise within rival empires?",36371
"What should I watch if I want a mature sci-fi movie with violence and profanity, plus a lot of military and political power struggles?",36371
"Are there any anime movies about two equal opponents on opposite sides of a galaxy-wide conflict, with a bittersweet tone and a lot of leadership drama?",36371
Any anime recommendations about a high school baseball team chasing a shot at the national title after finally making it to Koshien?,38731
What are some sports anime with a determined pitcher trying to earn jersey No. 1 and outcompete a rival ace for the top spot?,38731
I’m looking for a TV anime based on a manga where a team has to balance veteran players and newcomers while aiming for the big tournament. Any recs?,38731
"Can anyone recommend an anime about intense high school baseball rivalry, especially with teammates fighting to lead the team to glory?",38731
"What’s a good sports anime with a serious, competitive tone and a big focus on the road to the Summer Koshien?",38731
Can anyone recommend a TV anime based on a light novel about a young traveler and a talking motorcycle wandering from country to country and just observing weird local customs?,486
"I’m looking for an adventure drama with a quiet, detached vibe, where the main characters travel through different places and never really try to change the world around them.",486
"Any anime suggestions for something fantasy-based with episodic journeys, morally gray societies, and a lot of reflection on how people choose to live?",486
What’s a good 13-episode travel anime with violence and profanity that follows a 15-year-old and their talking bike as they explore unfamiliar lands?,486
"Are there any shows where the focus is on meeting different people and learning from each nation’s values, with more of an observer tone than a big overarching plot?",486
Can anyone recommend a TV anime that's a gentle fantasy slice-of-life about woodland creatures going on low-key adventures in a valley?,2150
I'm looking for an all-ages adventure series where a curious main character and friends deal with a mysterious magical object that causes strange transformations.,2150
"Any anime based on a book that has a calm, whimsical vibe, with springtime village life and small adventures among a quirky cast?",2150
"What should I watch if I want a fantasy TV series with forest-dwelling characters, a found magical item, and a light, playful tone?",2150
Are there any family-friendly adventure anime where a character accidentally changes form after messing with a mysterious hat and everyone tries to figure it out?,2150
"Can anyone recommend an ONA with action, mystery, and supernatural stuff where the lead goes back to a country to recover lost memories and find a cherished partner?",59150
"I’m looking for an adventure series with sci-fi and comedy, but also a heavy emotional side, where the main character is dealing with forgotten memories and making a big life choice.",59150
"Any 17+ anime with violence and profanity that mixes drama, action, and supernatural elements while the protagonist searches for someone important from his past?",59150
"What should I watch if I want a finished original ONA about facing painful truths from the past, with mystery, sci-fi, and a protagonist who isn’t alone anymore?",59150
"Are there any action-comedy series with a dark tone, memory fragments, and a quest centered on lost relationships and the meaning of power?",59150
Can you recommend a sports anime movie about a high school volleyball team fighting for a spot in the national tournament against the reigning prefectural champions?,35111
I’m looking for an anime film where a scrappy underdog team has to face nationally ranked players and overcome a huge skill gap in a big volleyball match.,35111
"Any volleyball anime with intense tournament pressure, a strong rivalry, and a team aiming to represent their prefecture at nationals?",35111
What should I watch if I want a teen sports movie centered on freshmen players challenging an elite academy led by one of the country's top aces?,35111
Are there any anime movies based on a manga that focus on a decisive high school volleyball final with a lot of determination and comeback energy?,35111
"Can anyone recommend a TV anime about a guy settling into an agricultural high school, dealing with everyday tasks, and figuring out what he wants to do with his life?",19363
"I’m looking for a manga-based anime with comedy, school life, and a lot of realistic farm-related problems rather than big battles. Any suggestions?",19363
"Any anime where the main character grows through club responsibilities, friendships, and personal conflicts while trying to find his dream in a school setting?",19363
"What should I watch if I want a teen-friendly slice-of-life series set at an agricultural school, with students learning practical skills and helping each other out?",19363
"Are there any finished TV anime with a light, comedic tone where the protagonist keeps pushing through school and work challenges to build a future with his friends?",19363
Can anyone recommend a boys’ love anime movie about two total opposites in the same class who get closer while preparing for a chorus festival?,30346
"I’m looking for a manga-based movie with a carefree guy in a rock band and a straight-laced honor student, where their bond grows over time.",30346
Any BL movies where classmates start out helping each other for a school singing event and the relationship slowly turns romantic?,30346
"What should I watch if I want a PG-13 anime movie about high school students, music practice, and a tender relationship between two boys?",30346
"Are there any anime films with a quiet, emotional coming-of-age feel, centered on schoolmates facing the future and growing closer through a shared event?",30346
"Can anyone recommend a short anime special that's basically a gag-heavy comedy with sci-fi and action vibes, where the characters spend time just joking around and poking fun at reused footage?",9735
I’m looking for an action-comedy anime special adapted from manga that leans hard into absurd running jokes and fourth-wall-style humor. Any suggestions?,9735
Are there any PG-13 anime specials where the cast mostly hangs out in a casual setting and the whole thing is built around silly banter and pointless announcements?,9735
"What should I watch if I want a sci-fi comedy special with action elements and a very self-aware, parody-heavy tone?",9735
Any recommendations for a one-episode anime special that’s mostly a hilarious meta gag with a recurring ensemble just chatting and complaining about the show itself?,9735
"Can anyone recommend an anime about a former assassin who’s trying to live peacefully, protect the weak, and still has old enemies coming back to haunt him?",45
"I’m looking for a TV anime based on a manga with sword fights, a cheerful wandering swordsman, and a strong vow not to kill.",45
Any action romance anime set in the Meiji era that mixes comedy with a reformed killer trying to atone for his past?,45
What should I watch if I want a story where a wandering swordsman stays at a kendo dojo and gets pulled into protecting the people there?,45
"Are there any old-school anime with a samurai-style hero, past-and-present conflicts, and a tone that balances action, comedy, and romance?",45
"Can anyone recommend a sci-fi movie about a cybernetic future, a police unit chasing a mysterious hacker, and a case that gets really philosophical?",43
I’m looking for an anime film where a strong female security officer tracks a memory-wiping cybercriminal in a heavily networked future city.,43
"Any recommendations for a mystery/suspense movie set in a world of robotic body parts, corruption, and terrorism?",43
"What should I watch if I want a cyberpunk movie with a government security team, a powerful mostly robotic hacker, and big questions about identity?",43
"Are there any sci-fi anime movies based on a manga that mix futuristic tech, public security investigations, and existential themes?",43
"Can anyone recommend a PG-13 anime movie about a runaway high school guy and an orphaned girl who team up in rainy Tokyo, with a romance and supernatural vibe?",38826
I’m looking for a drama-romance movie where a girl can pray for the sun to appear and someone starts using that power to help people in a city stuck in nonstop rain.,38826
"Any anime films about two struggling teens running away together, living on their own, and dealing with a strange ability that comes with a serious price?",38826
"What are some original anime movies set in modern Tokyo with heavy rain, a small-time publishing job, and a bittersweet supernatural love story?",38826
"Can you suggest a coming-of-age movie where weather, survival, and an unusual sun-summoning power drive the main conflict between two teens?",38826
Any horror mystery movies set in a royal inner court where supernatural deaths force a mysterious exorcist-type investigator to step in?,59408
Can you recommend an R-rated supernatural suspense anime movie about political scheming in a noble household and a concubine caught in the middle?,59408
I’m looking for a dark mystery film with an outsider who investigates strange deaths inside a closed-off palace and has to uncover a woman’s role in it all.,59408
"Are there any original anime movies with horror and supernatural elements, plus a tense court setting where social status and power struggles matter?",59408
"What should I watch if I want a suspenseful movie about hidden spirits, murder, and a tense clash between nobles and a merchant-born concubine?",59408
Can anyone recommend an anime about a guy who gets really into a super popular VR game and starts taking on nearly unbeatable monsters?,58572
I’m looking for a TV anime where the main character teams up with a rabbit-like guide and goes on a quest to find a key item in an ancient workshop.,58572
Any action-fantasy series about a skilled gamer exploring the hidden systems of a virtual world while fighting powerful enemies with his clanmates?,58572
"What should I watch if I want a manga-based anime set in an immersive game world, with adventure, party teamwork, and big boss fights?",58572
Are there any PG-13 fantasy anime where the hero keeps challenging insanely hard foes and slowly gains important allies and knowledge in-game?,58572
Can anyone recommend an action-comedy fantasy TV anime where a guy tries to stay low-key while secretly setting up a dramatic heroic entrance and grabbing loot on the side?,54595
"I’m looking for a light-novel-based anime set in a dangerous city ruled by powerful figures, with vampires, a vampire hunter, and a big clash building under a red moon.",54595
"Any anime with a brother-sister trip gone wild, where the sister is chasing a real fight and the brother keeps sneaking off to do his own secret shadowy stuff?",54595
"What should I watch if I want a fantasy series with a dormant vampire queen awakening, a city thrown into chaos, and multiple groups converging on a fortress for a showdown?",54595
"Are there any TV anime where a hidden mastermind-type protagonist works around a chaotic city, while allies and rivals all move toward one huge confrontation?",54595
"Can anyone recommend a TV special with sci-fi suspense, time travel, and a guy who hits an emotional breaking point and stops helping prevent a future war?",32188
"I’m looking for an anime where a university student is still traumatized after trying to save someone, and the story deals with a diverging timeline and fate getting heavier.",32188
"Any recommendations for a tense time-travel story where a former mad scientist gives up that persona and tries to act normal, but something is clearly still wrong?",32188
"What should I watch if I want a sci-fi anime about a close friend noticing someone’s emotional recovery, while the plot keeps circling around changing the past and saving someone?",32188
"Are there any short anime specials with suspense, alternate timelines, and a protagonist who abandons a desperate mission after losing hope?",32188
Can anyone recommend a TV anime that’s a sci-fi comedy about a flashy space adventurer hunting rare aliens with his robot and alien sidekicks?,23327
I’m looking for a finished 13-episode anime where each episode follows an eccentric space traveler exploring weird planets and chasing bounties on unknown alien species.,23327
"Any recommendations for an original anime with a goofy, stylish lead, lots of space travel, and a fast-paced hunt across the galaxy?",23327
What should I watch if I want a comedy sci-fi show with a crew of misfits exploring bizarre worlds and running into all kinds of aliens?,23327
"Are there any space-themed anime with a light, adventurous tone and a main character who’s always racing other hunters to discover new life forms?",23327
Can anyone recommend an anime where a mutilated protagonist uses prosthetics and weapons to hunt demons and gradually reclaim parts of his body?,37520
"I’m looking for a dark adventure series with a demon-infested world, lots of violence, and a wandering survivor trying to get his humanity back.",37520
"Any anime about a child abandoned after a deal with demons, then raised to fight the creatures that took everything from him?",37520
"What should I watch if I want a fantasy TV anime about a blind, deaf, and limbless fighter traveling with an orphan companion?",37520
"Are there any manga-based anime with a grim samurai-era vibe, demonic pacts, and a main duo just trying to survive?",37520
Can anyone recommend an anime where a girl who likes camping alone ends up unexpectedly bonding with another girl during a trip by Mount Fuji?,34798
"I’m looking for a slice-of-life TV anime about girls camping outdoors, eating simple food by the campfire, and just having a cozy, laid-back vibe.",34798
Any anime based on manga that’s all about a quiet solo camper and a spontaneous overnight meetup at a campsite?,34798
"What should I watch if I want a calm camping show with teen girls, chilly nights, ramen, and lots of scenic outdoor atmosphere?",34798
"Are there any PG-13 slice-of-life anime that focus on camping trips, friendly conversations, and a very relaxed pace?",34798
Can anyone recommend an anime about five friends trying to make it in the animation industry after starting out in a school club?,25835
I’m looking for a TV anime with comedy and drama that follows young women pursuing different jobs in anime production and related creative fields.,25835
"Any original anime about the behind-the-scenes side of making a show, especially with aspiring animators, voice acting, and story writing?",25835
What should I watch if I want a story about chasing a dream career in anime production while dealing with setbacks and uncertainty?,25835
"Are there any PG-13 anime with an uplifting, hardworking vibe about friends aiming to create a mainstream animated series together?",25835
Can anyone recommend a TV anime about a guy drowning in debt who gets pulled into a high-stakes gambling game full of strategy and betrayal?,3002
I’m looking for a suspense anime where losing a game means forced servitude and the stakes keep escalating into life-or-death survival.,3002
Any manga-based anime about an apathetic guy with no real prospects who has to outsmart loan sharks and survive dangerous bets?,3002
"What should I watch if I want a dark 17+ series with gambling, financial desperation, and constant psychological tension?",3002
Are there any anime where the main conflict is surviving a series of risky games by choosing allies and using your wits carefully?,3002
Any OVA recs where a traveling group gets dropped into a war-torn world and ends up caught between rival factions fighting over resources?,2685
"I'm looking for an action-fantasy series with a shocking betrayal, high stakes, and a journey that changes the characters forever.",2685
"Can anyone recommend something with adventure, drama, and romance where the cast lands in a violent country and has to survive a full-on conflict?",2685
"What should I watch if I want a manga-based OVA with a dark, bloody setting, faction warfare, and a lot of serious revelations?",2685
"Are there any fantasy action stories with a reluctant group, survival under pressure, and a battle that puts everyone's lives on the line?",2685
"Can anyone recommend a PG-friendly adventure movie with planes and airships, a girl on the run, and a quest to find a legendary flying castle?",513
I’m looking for an original fantasy anime film where two kids team up on a sky-high journey while being chased by government agents.,513
"Any movie recs with a mysterious crystal amulet, airship pirates, and a race to uncover a lost castle in the sky?",513
"What should I watch if I want an award-winning adventure story about friendship, danger, and chasing a dream in a world of airships?",513
Are there any animated films about a boy and girl searching for a fabled sky fortress while a greedy organization hunts for it too?,513
Can anyone recommend an anime where science is used to rebuild civilization after everyone on Earth gets turned to stone?,38691
"I’m looking for a TV anime with a post-apocalyptic world, but with a fun adventure-comedy tone and a big focus on science and invention.",38691
"Are there any manga-based anime about two survivors teaming up, one using brains and the other using strength, to revive humanity?",38691
What should I watch if I want a series about awakening in a world where nature has taken over and the goal is to bring back civilization?,38691
"Any adventure anime with a mysterious mass petrification event, a science-driven protagonist, and conflict with other people who wake up?",38691
"Can anyone recommend a TV anime that's a dark action-fantasy battle royale, with multiple fighters summoning ancient familiars and competing for a wish-granting prize?",10087
I'm looking for a light-novel-based anime where a hired mercenary gets pulled into a brutal survival war and ends up in a serious conflict with a priest chasing salvation.,10087
"Any recommendations for a fantasy series where the central conflict is a deadly tournament-style war between seven participants, each driven by their own ideals and desires?",10087
"What should I watch if I want an R-rated action anime with lots of violence and profanity, plus a cutthroat fight where nobody seems safe?",10087
"Are there any anime with a morally gray protagonist, a summoned partner, and a war fought over an omnipotent artifact that can grant any wish?",10087
"Can you recommend a short anime movie that mixes romance, drama, and supernatural elements with a bittersweet forbidden friendship?",10408
"I’m looking for a manga-based film about a girl who keeps meeting a mysterious spirit boy in a forest, and they slowly get closer even though they can’t touch each other. ",10408
"Any all-ages movie recommendations with a quiet summer setting, a masked spirit, and a relationship that grows more emotional over time?",10408
What should I watch if I want a beautifully sad supernatural romance where destiny keeps two close friends apart?,10408
Are there any animated movies based on manga that focus on a human and a cursed forest spirit trying to stay connected without crossing a dangerous boundary?,10408
Can anyone recommend an anime where a science-driven team travels across the world to gather resources for a spaceship and face rivals with advanced technology?,57592
"I’m looking for a TV anime with adventure and comedy vibes, where a group is trying to save humanity using modern science after a petrification disaster.",57592
"Any manga-based anime about building a spaceship, sailing on a long transcontinental journey, and clashing with enemies in a science-versus-science battle?",57592
What should I watch if I want a post-apocalypse story where tech and teamwork are used to track down the source of a global petrification phenomenon?,57592
"Are there any teen-friendly adventure anime with a clever protagonist, a crew of new allies, and a race to outthink opponents guarding vital resources?",57592
"Can anyone recommend an ONA with action, comedy, and mystery where the main character has amnesia and gets caught up in a conspiracy while trying to protect his friends and home?",54029
"I’m looking for an original anime series about a carefree guy whose lost identity leads him into a bigger destiny, with adventure, drama, and some darker violence/profanity vibes.",54029
"Any recommendations for a short finished action-adventure ONA where outsiders arrive, secrets start surfacing, and the hero has to head out to confront his fate?",54029
"What should I watch if I want a mystery-driven comedy with lots of action, plus a protagonist who used to live a simple life but now has to protect his homeland?",54029
"Are there any anime ONAs that mix drama and comedy with a central amnesia plot, conspiracies on an island, and a journey tied to destiny?",54029
"Any TV anime recommendations for a light novel-based fantasy adventure with dungeon crawling, action, and a bit of fanservice?",53111
I’m looking for a 2023 action-adventure fantasy series set around a dungeon and aimed at an older teen audience—what should I watch?,53111
"Can anyone recommend an anime where the main focus is exploring dangerous dungeons, fighting hard, and dealing with violence and profanity?",53111
What’s a good light novel adaptation if I want a fantasy TV series with lots of adventure and an ongoing dungeon-based story?,53111
Are there any finished airing action-fantasy anime from 2023 that mix dungeon exploration with a more mature tone?,53111
"Can anyone recommend an ONA where a young fighter goes to the capital for a pill master gathering, gets targeted by people who want to use his power, and still ends up defending his empire's honor?",44412
I'm looking for an action fantasy with a bit of romance where the main character heads to a royal capital to wake up his teacher and has a big showdown he's been preparing for over three years.,44412
"Any web novel adaptations with a determined male lead, cultivation-style power, and a tournament or meeting that tests him in front of powerful people?",44412
"What should I watch if I want a fantasy adventure about proving yourself in the capital, dealing with people scheming over your strength, and building toward a long-awaited confrontation?",44412
Are there any teen-rated action fantasy series where the hero is on a mission to awaken his mentor and ends up becoming a champion while protecting his country's reputation?,44412
"Can anyone recommend a TV anime about classical music students, with a perfectionist prodigy and a chaotic neighbor romance?",1698
"I’m looking for a comedy-romance anime set at a top music university, especially if one lead is obsessive about excellence and the other is an oddly talented pianist.",1698
Any manga-based TV series about a talented musician who wants to study in Europe but is stuck in Japan because of a fear of flying?,1698
"What should I watch if I want an anime where two neighbors from a music school end up in a funny, awkward romance?",1698
Are there any PG-13 romance comedies about a disciplined elite musician meeting a messy but gifted piano player?,1698
Can anyone recommend a Ghibli-style anime movie about two sisters settling into the countryside and stumbling into gentle forest magic?,523
I’m looking for an all-ages film where kids befriend a giant nature spirit and discover other supernatural creatures in the woods.,523
"Any movies set in rural Japan that mix a family dealing with illness with whimsical, cozy supernatural adventures?",523
"What should I watch if I want an original animated movie with a childlike sense of wonder, forests, and magical creatures?",523
"Are there any adventure anime films with a peaceful tone, sisters as the leads, and a fantasy setting rooted in nature?",523
Can anyone recommend an anime OVA about a boxer fighting a champion while dealing with the pressure of feeling left behind by his friends?,265
I’m looking for a sports anime where two boxers go into a high-stakes title match and both have personal reasons driving them to win.,265
Any boxing OVA recommendations with a scrappy underdog training hard to challenge a reigning champion and prove himself?,265
"What should I watch if I want a short boxing story that focuses on rivalry, intense training, and the fight for a championship belt?",265
"Are there any sports anime with a boxer whose goal is tied to helping his family, while his opponent is chasing a better future through boxing?",265
Can anyone recommend a sports anime TV special about a newly crowned boxing champion who has to defend his title against a strategic first challenger?,264
"I’m looking for an anime where the main guy is a featherweight boxing champ, but he’s still nervous about keeping his belt and dealing with romance at the same time.",264
Are there any anime based on a manga that focus on a boxer facing a doctor opponent who fights smart and uses his knowledge of the human body?,264
"What should I watch if I want a teen-rated boxing story with a supportive coach, close friends, and a tense title defense arc?",264
Any recommendations for a boxing special where the champion is under pressure both in the ring and because of his crush on a girl at the hospital?,264
Can anyone recommend an OVA where the heroes keep training inside a dangerous game world and have to watch out for other players trying to kill them?,139
"I’m looking for an action-adventure fantasy based on a manga, with a game-like setting, intense training, and rival players turning hostile.",139
Any anime with a young team improving their abilities under a mentor while pushing through a deadly challenge in a game world?,139
"What should I watch if I want a fantasy story about surviving game activities, fighting dangerous encounters, and dealing with player killers?",139
Are there any teen-rated adventure OVAs where the cast keeps leveling up their skills while continuing a high-stakes game full of threats from other players?,139
"Can anyone recommend a TV anime with action and adventure set in Hokkaido, where people are hunting hidden gold through tattoos on prisoners' bodies?",37989
"I’m looking for an anime where a soldier, a young Ainu girl, and their companions keep chasing tattooed clues while a military faction tries to get ahead in the gold hunt.",37989
"Any action-adventure series with a gritty 17+ vibe, treasure hunting, and a strange mystery involving fake skins and taxidermied human corpses?",37989
"What should I watch if I want a manga-based TV anime about a secret gold stash, escaped prisoners, and a dangerous race to decode body tattoos?",37989
"Are there any anime with a survival-style treasure chase, a military conflict in the background, and a lot of violent, profanity-heavy tension?",37989
Can anyone recommend an anime about a guy drowning in debt who gets forced into an underground labor camp and has to gamble his way out?,10271
"I’m looking for a TV anime with high-stakes gambling, harsh punishment for debt, and a desperate plan to earn one shot at freedom.",10271
Are there any suspense anime where the main character is trapped in a brutal work camp and has to risk everything in dangerous wagers to escape?,10271
"What should I watch if I want a dark, R-17+ anime with violence and profanity, plus a broke protagonist fighting a corrupt system through gambling?",10271
"Any manga-based anime about a desperate man, huge debts, and life-or-death stakes where every decision could push him into another gamble?",10271
"Can anyone recommend a TV anime with comedy, romance, and supernatural stuff where a girl god ends up dealing with divine politics and a missing former shrine god?",25681
"I’m looking for an anime about a newly appointed shrine deity who has to visit a gathering of gods, handle familiars, and keep her personal feelings from getting in the way.",25681
"Any shows where the heroine is a fledgling god, her familiar poses as her at school, and she gets pulled into conflicts with tengu and other supernatural beings?",25681
"What should I watch if I want a romantic supernatural anime with a tengu rebellion, a god-in-training heroine, and some mystery around a character’s past and future?",25681
"Are there any manga-based TV anime with a light comedy-romance tone, where a girl balancing school life and divinity gets caught up in godly errands and dangerous mountain trouble?",25681
"Can anyone recommend an anime about psychic kids at a special school, where people have to deal with strange disappearances and a dark mystery under an apparently perfect society?",13125
"I’m looking for a TV anime with psychokinetic powers, creepy fantasy creatures, and a suspenseful story that slowly uncovers a disturbing past.",13125
Any recommendations for a dark sci-fi fantasy anime where a young girl awakens psychic abilities and starts questioning the world she lives in?,13125
"What should I watch if I want an anime with a school for powered kids, horror-mystery vibes, and a society hiding some ugly secrets?",13125
"Are there any finished anime series that mix drama, fantasy, and sci-fi with psychic abilities, unsettling mysteries, and a really bleak tone?",13125
"Can anyone recommend an action-adventure anime movie set in Sengoku-era Japan, with a wandering ronin protecting a young orphan on a dangerous journey?",2418
"I’m looking for a samurai movie with a reluctant bodyguard, a kid and his dog on the run, and lots of sword-fighting against assassins.",2418
"Any anime films where a lone swordsman gets pulled into escorting a helpless child through a perilous period setting, with a serious violent tone?",2418
"What should I watch if I want a finished original movie with a Japanese historical backdrop, a prophecy-driven chase, and intense battles with a skilled swordsman?",2418
"Are there any adventure movies featuring a battle-hardened ronin, a hunted orphan, and nonstop pursuit by deadly attackers from another country?",2418
Can anyone recommend an anime where a defense agency team has to grind through ranked battles to qualify for an away mission into another dimension?,44940
I’m looking for a TV anime based on a manga that mixes sci-fi action with squad strategy and training under pressure. Any recs?,44940
"Any anime about a small team taking on intense tournament-style fights, developing new tactics, and dealing with internal conflict at the same time?",44940
What should I watch if I want a PG-13 action sci-fi anime with a team pushing past their limits to secure a spot on a mission to another world?,44940
"Are there any anime centered on organized squad combat, new recruit training, and high-stakes competition for a chance to travel to an enemy dimension?",44940
Can anyone recommend a TV anime based on a light novel where the hero is stuck adventuring with a useless goddess and a weirdly dysfunctional party?,32937
I’m looking for a fantasy comedy anime with a reincarnated guy trying to make money in a new world while dealing with a bunch of problematic teammates.,32937
"Any adventure-fantasy shows with a cowardly main character, a one-spell-a-day magic user, and a ridiculously chaotic party dynamic?",32937
What anime should I watch if I want a PG-13 isekai-style comedy where the group’s plans keep falling apart because of their own dumb mistakes?,32937
"Are there any light novel adaptations with an incompetent but hilarious adventuring crew, random side quests for cash, and nonstop character bickering?",32937
Can anyone recommend a movie that blends a documentary-style interview with a surreal journey through an actress’s past and career?,1033
"I’m looking for an original anime film about a retired female star, where memories, films, and real life start to blur together. Any recs?",1033
"Are there any award-winning drama/fantasy movies that mix romance, adventure, and a life story told through shifting realities?",1033
"What’s a good teen-friendly anime movie set around the film industry, with a reclusive actress at the center and a lot of emotional reflection?",1033
Can you recommend a single-episode anime movie where the present and the past get tangled up through an old actress’s recollections and cinematic history?,1033
"Any movie recs for a Victorian-era mystery with a demon butler, a young noble investigator, and a ship full of undead?",31812
I’m looking for an action-supernatural anime movie where a luxury cruise turns into a fight against resurrection experiments and grim reapers.,31812
"Can anyone recommend something based on a manga that mixes mystery, supernatural horror, and a stylish 17+ tone on a passenger ship?",31812
What should I watch if I want a story about an aristocratic detective working with a demonic servant to uncover a secret medical conspiracy?,31812
"Are there any anime films with Victorian London vibes, supernatural investigations, and a big showdown against the undead?",31812
"Can anyone recommend a sci-fi TV anime about a crew removing dangerous space debris in the future, with a grounded everyday-space vibe?",329
I’m looking for a manga-based anime where a cheerful newcomer joins an underfunded space cleanup team and has to work with a weird crew.,329
"Any recommendations for a space-set drama with romance, focusing on ordinary people and their personal lives instead of big battles?",329
"What’s a good anime featuring a rundown spaceship, a poorly funded department, and a hotheaded guy who dreams of having his own ship?",329
"Are there any PG-13 sci-fi series about life in space after colonization of the moon, with themes of ambition, teamwork, and chasing dreams among the stars?",329
Can anyone recommend an anime movie about a high school girl who gets pulled into a journey to close mysterious doors before supernatural evil spreads across Japan?,50594
I’m looking for a supernatural adventure movie where a curious girl accidentally triggers a disaster by opening an abandoned door and then has to fix it with a young man.,50594
"Any recs for a PG-13 anime film with dreamlike otherworldly spaces, a cat-like spirit, and a race to seal dangerous portals?",50594
"What should I watch if I want an original anime movie about abandoned ruins, hidden doorways, and stopping something evil from escaping into the real world?",50594
"Are there any movies about a normal student teaming up with someone who searches for abandoned places, with the main goal of shutting doors and preventing nationwide destruction?",50594
Can anyone recommend a TV anime about an idol group preparing for a big live tour while dealing with a rival group and a major competition?,45577
"I’m looking for a drama anime where a rising idol team has to protect their image, handle a scandal rumor, and keep their friendships together.",45577
Any anime about the entertainment industry where rival idol groups clash and outside pressure starts messing with the main group’s bonds?,45577
"What should I watch if I want a PG-13 idol TV series with backstage drama, packed schedules, and a fight to prove themselves to fans?",45577
"Are there any anime based on a game that focus on idols, competition, and a hidden scheme unfolding behind the scenes?",45577
"Can anyone recommend a TV anime about two girls traveling through a ruined, post-apocalyptic city while scavenging for supplies and trying to stay hopeful?",35838
"I’m looking for an anime with a bleak sci-fi setting, but with a calm slice-of-life feel and a strong friendship between the main characters.",35838
"Any recommendations for a show where the last survivors explore empty wastelands, mess around with old military gear, and wonder about the world that used to exist?",35838
"What should I watch if I want a road-trip style anime with two girls, a desolate frozen landscape, and a surprisingly uplifting tone?",35838
"Are there any anime that mix mystery and adventure with quiet survival, loneliness, and small everyday moments in a dead world?",35838
"Can anyone recommend a TV special that redoes the first case of a famous teen detective story, with mystery, comedy, and adventure vibes?",34036
I’m looking for a detective anime special where a brilliant investigator gets turned small and has to keep solving crimes. Any recs?,34036
What should I watch if I want a one-episode mystery with a youthful detective lead and a lighter comedic tone?,34036
Any manga-based anime specials about a big-name detective franchise that give you the “real” episode 1 experience?,34036
Can someone recommend an adventure-mystery special for teens that follows a small detective tackling cases after an unexpected change?,34036
Can anyone recommend a TV anime from a light novel where a regular guy gets pulled into a fantasy world and keeps looping back after dying?,31240
"I’m looking for a drama-heavy fantasy anime with suspense, brutal violence, and a protagonist who has to survive repeated bad timelines.",31240
"Any isekai series where the main character starts out helpless, gets rescued by a mysterious girl, and then ends up caught in a deadly mystery?",31240
"What should I watch if I want an anime about a stranded teenager in another world who has to deal with thugs, murder, and a repeating day-like curse?",31240
"Are there any dark fantasy anime with a strong suspense vibe and a lot of suffering, where the hero keeps restarting from the same point after death?",31240
Can anyone recommend an action anime with a condemned criminal and an executioner forced to cooperate on a dangerous island full of supernatural threats?,55825
I’m looking for a TV anime based on a manga where a group searches for an immortality elixir while fighting monstrous rulers and trying to escape a deadly island.,55825
"Any recommendations for a dark adventure series with violence, profanity, and an all-out battle between humans and immortals?",55825
What should I watch if I want a supernatural survival story where more reinforcements arrive on an island and an old past connection comes back into play?,55825
"Are there any action-adventure anime where prisoners, executioners, and clan members team up under pressure to survive a brutal mission?",55825
Can anyone recommend an action fantasy movie where a military empire is on the brink of a bigger war with a communist-led enemy and magic users on both sides?,37055
I’m looking for a light novel adaptation movie about a ruthless young soldier in a wartime fantasy setting who gets sent to investigate troop movements before everything escalates.,37055
"Any recommendations for something with armies, battle magic, and a conflict between an expanding empire and an ideologically opposed federation?",37055
"What should I watch if I want a violent, mature fantasy movie centered on military strategy, border tensions, and the risk of a world war?",37055
Are there any movies where a battalion returns from the front and gets pulled into a tense political-military struggle with volunteer magicians and revenge in the mix?,37055
Can anyone recommend a slice-of-life anime movie about a group of schoolgirls going on a short summer trip and just enjoying sightseeing and local activities together?,36990
"I’m looking for a movie based on a manga that’s mostly wholesome, laid-back slice of life, with a final summer getaway and lots of girls hanging out.",36990
"Any anime films where a small rural school group takes a vacation and the story focuses on everyday fun, new friendships, and low-key comedy?",36990
What should I watch if I want a teen-friendly slice-of-life movie about a countryside girls' group on an Okinawa trip with a travel vibe?,36990
"Are there any anime movies with a relaxed summer atmosphere, an inn stay, and a coming-of-age feel as one girl compares herself to a more mature new friend?",36990
Can anyone recommend a drama movie about a kindhearted young woman trying to adjust to married life during World War II while dealing with homesickness and wartime hardship?,15227
I’m looking for an award-winning anime movie based on a manga that follows ordinary Japanese people living through the years before and after World War II.,15227
"Are there any films about a girl who loves drawing, moves into her husband’s household, and has to keep going as the war closes in on everyday life?",15227
"What should I watch if I want a realistic wartime story set in Japan with a focus on family, resilience, and daily survival?",15227
"Can you recommend a PG-13 anime movie with a haunting but colorful tone, centered on civilian life and the strain of war on relationships?",15227
"Can anyone recommend a sci-fi TV anime with giant robot battles, a growing group of allies and enemies, and a big political power struggle in the background?",33051
I’m looking for an original mecha anime where a crew gets pulled deeper into business deals and warfare while fighting for Mars’ independence from Earth. Any recs?,33051
"Are there any drama-heavy anime about a close-knit fighting group trying to survive rising stakes, shifting alliances, and internal pressure?",33051
"What should I watch if I want a space-set anime with corporate politics, armed conflict, and a mission to make another planet financially independent?",33051
"Any 17+ sci-fi series with violence and profanity that focus on a faction’s rise, harsh battles, and a dream of liberation getting harder to protect?",33051
"Can anyone recommend a TV anime comedy about everyday life at an all-boys high school, but with totally ridiculous imagination sequences?",11843
"I'm looking for a web manga–based anime where a trio of ordinary teen guys get into awkward, funny, and super relatable situations. Any recs?",11843
"Any school comedy anime that mixes boring normal days with over-the-top fantasy in the characters' heads, like giant robots and RPG-style antics?",11843
"What should I watch if I want a lighthearted teen comedy with close guy friends, random dramatic misunderstandings, and a lot of silly imagination gags?",11843
"Are there any finished anime series that focus on high school boys just killing time, but make mundane life feel weirdly chaotic and funny?",11843
"Can anyone recommend an anime with supernatural teen problems, a high school setting, and a strong drama-romance vibe?",37450
I’m looking for a TV anime about a guy who gets involved with girls dealing with strange invisible-to-others phenomena at school.,37450
Any light-novel-based anime where a former child actress in high school has to deal with being ignored by everyone?,37450
"What should I watch if I want a school story mixed with supernatural mystery, emotional drama, and romance?",37450
Are there any anime about a quiet high school life disrupted by a rare teen syndrome that affects multiple students?,37450
Can anyone recommend a G-rated anime movie about a young witch-in-training who leaves home to live on her own and figure out independence?,512
"I’m looking for a fantasy adventure movie with a cheerful tone, where a girl starts a small delivery business using a broomstick.",512
Any anime films about a teenage witch and her cat trying to fit into a coastal town while learning responsibility?,512
"What should I watch if I want a family-friendly movie with comedy and drama about growing up, working odd jobs, and making a place for yourself?",512
Are there any magical coming-of-age movies where the main character travels alone to a new town and builds a life from scratch?,512
"Can anyone recommend a TV anime with surreal duels, roses, and a girl who decides to act like a prince to protect someone being treated like an object?",440
I’m looking for an original 90s anime where a student gets pulled into a strange duel system at school and fights over a powerful girl tied to a rose symbol.,440
Any drama anime about a stubborn heroine who challenges a weird academy power structure and tries to rescue a girl from a cruel fate?,440
"What should I watch if I want a teen-rated anime with symbolic romance, rival fighters, and a main character trying to prove herself as a prince?",440
"Are there any TV anime centered on a mysterious school, ring-bearing duelists, and a battle to claim a girl said to hold great power?",440
"Can you recommend an action fantasy anime where a kid from the slums gets falsely accused, dumped into a deadly pit, and then teams up with monster hunters to survive and get revenge?",59062
"I’m looking for a TV anime based on a manga with a trash-filled underground world, huge junk monsters, and a guy who learns to fight with a special weapon after being thrown away.",59062
"Any anime recommendations for a gritty story about revenge, surviving in toxic ruins, and joining a group that battles monsters made from garbage?",59062
"What should I watch if I want a PG-13 shonen-style fantasy series where discarded junk matters, the main character comes from poverty, and the setting is full of danger and weird creatures?",59062
"Are there any finished 24-episode anime about an outcast trying to escape a prison-like pit, fight trash-born monsters, and clear his name after a murder frame-up?",59062
"Can anyone recommend an ONA with action, adventure, and comedy where a clever cultivator gets pulled into being a hostage and has to navigate rival sects?",56215
"I’m looking for a fantasy series based on a web novel where one guy unites multiple sects, challenges stronger ones, and then gets forced into a hostage situation. Any recs?",56215
"What are some shows with a cocky but funny lead, sect politics, and a mix of martial arts-style fantasy and comedy?",56215
Any adventure-fantasy anime or ONA where the story keeps escalating through sect conflicts and a hostage arc after the hero gains a foothold?,56215
Can you suggest something PG-13 with a web-novel source that blends action and comedy in a cultivation world full of sect power struggles?,56215
Can anyone recommend a TV anime about girls trying to form a band while dealing with the fallout from a messy breakup in their old group?,54959
"I’m looking for a drama anime where a transfer student wants to start a new band at school, but most of the members are already carrying a lot of emotional baggage.",54959
"Any teen TV anime with a shy former band member, regret over a disbandment, and lots of character tension between the girls?",54959
"What should I watch if I want a school-set music anime about finding bandmates, rebuilding trust, and awkward relationships after a failed group split?",54959
Are there any mixed-media TV anime with an all-girls band setup and a heavy drama focus on past regrets and trying to move forward?,54959
Can anyone recommend an ONA where a dual knight fights through temple rankings and competition finals to build a team strong enough to take on a demon lord?,52684
"I’m looking for a fantasy anime with knight and assassin factions, where a serious injury sparks revenge and a big conflict after a reincarnated saint is revealed.",52684
"Any web novel adaptations with action and adventure set around a competition between temple-trained fighters, especially with ranking matches and team selection on the line?",52684
What should I watch if I want a teen-rated fantasy series about a young knight trying to place first so he can choose the best teammates for a final showdown?,52684
"Are there any action fantasy shows where a protagonist’s hidden status, plus a sudden revelation about another character, shakes up a tournament and changes the whole battle plan?",52684
Can anyone recommend a TV anime where an older guy working monster cleanup suddenly gains the power to turn into a kaiju and still tries to join the defense force?,52588
"I’m looking for a sci-fi action series with giant monster attacks, a militarized defense organization, and a protagonist who gets a monster transformation ability.",52588
"Any anime about childhood friends who dreamed of becoming heroes, but one of them ends up using kaiju powers to fight for humanity instead?",52588
What’s a good action-fantasy anime where the main character is a 32-year-old underdog chasing a long-abandoned dream of military heroism after a city was ruined by monsters?,52588
"Are there any shows with a rookie fighter and his older coworker teaming up after a freak encounter, especially with a mix of monster battles and personal revenge for lost dreams?",52588
Can you recommend an anime movie that mixes a gentle fairy tale vibe with a serious high school friendship drama?,35677
I’m looking for a PG-13 animated film about two close but drifting friends who have to perform together in a concert band before graduation.,35677
Any movie recommendations where introverted and outgoing schoolgirls are assigned contrasting music roles and start confronting messy feelings about their bond?,35677
"What should I watch if I want an award-winning drama movie centered on a delicate duet, emotional distance, and an important performance?",35677
"Are there any anime films that blend music rehearsal, complicated friendship, and a bittersweet coming-of-age tone?",35677
Can anyone recommend an anime movie about a lonely kid who ends up training under a beast mentor in a fantasy world?,28805
I’m looking for a PG-13 fantasy film where an isolated boy and a tough beast help each other chase different goals.,28805
"Any anime movies with a stray human kid, an intimidating beast teacher, and a story about finding family and belonging?",28805
What should I watch if I want an original fantasy movie with a coming-of-age bond between a boy and a beast in another realm?,28805
"Are there any anime films where combat training, self-discovery, and a mentor-student relationship between a human and a beast are central?",28805
"Can anyone recommend a TV anime about classical music careers, where a rising conductor and a pianist are trying to make it big while their relationship gets strained by success and competition?",5690
"I’m looking for a comedy-romance anime about musicians at a conservatory, with piano competitions, career pressure, and lots of relationship drama between talented students.",5690
"Any anime based on a manga that follows multiple musicians at different crossroads, with a focus on a pianist trying to catch up, a conductor's rising fame, and people dealing with competition and feelings?",5690
"What should I watch if I want a teen-rated TV series set around classical performance, with orchestral work, piano battles, and characters trying to stay true to themselves?",5690
"Are there any anime with a music-school vibe, where romance and comedy mix with rivalries, competition prep, and a story about talented players facing their next step?",5690
"Any music anime about a prison guard judging 10 inmates by digging into their psyches, with a lot of moral ambiguity and suspense?",47794
Can you recommend a PG-13 anime where the main character wakes up in a strange facility and has to decide whether people are innocent or guilty after deaths were involved?,47794
"I’m looking for a suspenseful music series with a talking animal, prisoners, and a setup that questions whether intent matters more than the result.",47794
Are there any anime where one person has to evaluate inmates one by one and their choices hinge on blurred lines between good and evil?,47794
"What should I watch if I want a currently airing music anime about psychological judgment, a mysterious prison setting, and harsh moral decisions?",47794
"Can anyone recommend an anime movie about ordinary middle school girls getting a wish from a mysterious creature, then being pulled into fighting witches as magical girls?",11977
"I’m looking for a PG-13 anime film with a dark magical girl setup, brutal monster battles, and a creepy twist on making wishes.",11977
Any suspenseful drama movies where a transfer student warns the heroines not to accept a deal that turns them into magical girls?,11977
What should I watch if I want a movie about best friends dealing with the harsh reality and hidden cost of using magical powers to fight evil?,11977
Can you recommend an original anime movie where a girl makes a wish for someone she loves and everything spirals into a dark magical girl conflict?,11977
Can anyone recommend an anime where a guy who wants to stay low-key gets reincarnated into a magic-filled world and secretly builds a powerful shadow organization?,48316
"I’m looking for a light novel–based TV anime with action, comedy, and fantasy where the MC pretends to be ordinary but is actually insanely strong behind the scenes.",48316
"Any recommendations for a reincarnation story where the protagonist trains hard for strength, then starts fighting a cult he first made up himself?",48316
"What should I watch if I want an anime about a hidden powerhouse, secret identity stuff, and a growing team taking on a mysterious evil group?",48316
Are there any fantasy action comedies with a dark-ish tone where the main character operates from the shadows instead of trying to be a public hero?,48316
Can you recommend a G-rated anime movie about a book-loving teenage girl who starts chasing her own future after meeting a boy with a clear dream?,585
"I’m looking for a coming-of-age romance film with a shy, uncertain lead, lots of reading and writing, and a focus on finding your talents.",585
"Any anime movies where a curious girl follows a strange cat, ends up at an antique shop, and gets inspired to figure out what she wants to do with her life?",585
"What should I watch if I want a gentle drama about two teens bonding over literature, dreams, and figuring themselves out?",585
"Are there any animated films based on manga that mix romance, self-discovery, and a little magical-feeling guidance from a mysterious cat statue?",585
Can anyone recommend an anime where a hero society launches a full-scale surprise raid on a huge villain organization?,49918
I’m looking for a TV anime adapted from a manga that has teen heroes getting dragged back into a massive war against a criminal front.,49918
"Any action anime with a covert hero feeding intel, a hidden enemy leader, and a big battlefield clash between heroes and villains?",49918
What should I watch if I want students from a hero academy fighting alongside pros in a brutal assault on enemy headquarters?,49918
Are there any PG-13 action anime where the heroes are trying to wipe out a powerful villain group with overwhelming quirks and monster-level power?,49918
Can anyone recommend an award-winning fantasy anime movie about a found child raised in the countryside who gets pushed into royal life she never wanted?,16664
"I’m looking for a Studio Ghibli movie where a girl grows up in a village, enjoys childhood adventures, and then has her life changed after her adoptive family moves to the capital.",16664
"Any anime films with a gentle rural setting, a magical baby found in a glowing plant, and a story that turns into reluctant nobility?",16664
"What should I watch if I want a fantasy movie about a bamboo cutter’s family, a mysterious girl with divine origins, and a coming-of-age story with bittersweet royal drama?",16664
Are there any movies about a girl who starts out free and energetic in the countryside but slowly learns she has a special heavenly purpose?,16664
"Can anyone recommend a TV anime based on a manga where a supposedly terrifying gunslinger is actually a pacifist, and the story follows him across a wasteland with a couple of insurance agents?",6
"I’m looking for an action-adventure sci-fi anime with a goofy main guy, bounty hunter vibes, and a desert planet setting—anything like that?",6
"Are there any older anime about a huge-bounty outlaw who avoids killing, gets chased by assassins, and has his past slowly revealed?",6
"What should I watch if I want a PG-13 TV series with lots of wandering across a harsh frontier, weird humor, and life-or-death trouble following the heroes around?",6
"Any recommendations for a sci-fi action show where morality and nonviolence are a big deal, but the main character still gets caught up in dangerous shootouts and chaos?",6
"Can anyone recommend a TV anime with a fake family made up of a spy, an assassin, a telepathic kid, and a clairvoyant dog?",59027
I’m looking for a comedy-action anime where a covert mission depends on a pretend family keeping up appearances while the members hide their real identities.,59027
Any anime about a spy trying to protect an important operation while raising a psychic daughter who keeps getting into trouble at school?,59027
"What should I watch if I want a series with lots of family chaos, secret identities, and a serious political espionage plot underneath?",59027
Are there any manga-based TV anime where a cold spy’s work and a messy but wholesome family life are both a big part of the story?,59027
"Can anyone recommend an anime with a ruined post-disaster world, man-eating monsters, and two young survivors searching for a mysterious place?",53393
I’m looking for a TV anime based on a manga where kids are sheltered in a protected facility but start wanting to see the outside world.,53393
"Any sci-fi mystery adventure shows with tragic backstories, dangerous wastelands, and a journey to uncover answers about a broken civilization?",53393
"What should I watch if I want a dark 17+ anime with violence, profanity, and survivors dealing with monsters and past trauma?",53393
Are there any adventure anime where a pair of travelers team up in a devastated world to chase a strange hope and piece together what happened?,53393
Any TV anime based on a manga that starts with a creepy-looking middle school boy but turns into a sweet comedy-romance with a classmate?,52578
"Can anyone recommend a school romance where a shy, awkward guy slowly goes from dark thoughts to wanting to protect the girl he keeps running into?",52578
"I’m looking for an anime with an airheaded model student, lots of library meetups, and a weirdly wholesome crush developing between classmates.",52578
"What should I watch if I want a PG-13 teen romance that mixes awkward comedy, middle school life, and unexpected tenderness?",52578
Are there any manga-adapted anime about two classmates whose relationship shifts from unsettling obsession to endearing affection?,52578
Can anyone recommend a sports anime movie about a high school volleyball team grinding through a training camp and trying to break out of a slump?,35110
I’m looking for a manga-based movie where a setter and ace duo start losing sync while their team keeps getting beat by stronger schools at camp.,35110
"Any anime movies about a team regrouping after a big tournament, working through frustration, and trying to improve their skills together?",35110
"What should I watch if I want a volleyball film with intense practice, teamwork issues, and players searching for a way to level up?",35110
Are there any PG-13 sports movies that focus on high school athletes pushing past a rut and finding new answers from unexpected people?,35110
"Can anyone recommend an action-fantasy movie with a grim medieval setting, a doomed mercenary band, and a really dark turn during a solar eclipse?",12115
"I’m looking for a manga-based anime movie about a fallen charismatic leader who’s been tortured, rescued by his allies, and then comes back changed in a terrifying way.",12115
Any recommendations for a horror-tinged drama with adventure elements where a group is hunted while trying to save their imprisoned commander?,12115
"What are some films where former comrades reunite in a war-torn fantasy kingdom, only to face betrayal, sacrifice, and a bloody supernatural fate?",12115
"Can someone suggest a mature fantasy anime movie with soldiers, political treason, and a story that gets increasingly tragic and brutal?",12115
Can you recommend a TV special comedy about a powerful psychic high schooler trying to stop a volcanic disaster while still dealing with his ridiculous friends?,38249
"I’m looking for an anime where an overpowered teen with psychic abilities has to keep quietly fixing world-ending problems, but the real headache is his eccentric friend group.",38249
Any manga-based comedy specials about a high school guy with psychic powers who keeps preventing a catastrophe and getting dragged into school-life chaos?,38249
"What should I watch if I want a short, PG-13 comedy with supernatural powers, a giant crisis in Japan, and a deadpan protagonist surrounded by weird classmates?",38249
"Are there any teen comedy specials where the main character is absurdly strong mentally, tries to save the world from disaster, and still has to put up with everyday nonsense?",38249
"Can anyone recommend an anime with a traveling merchant and a wolf deity, where the story is more about bargaining and business than big battles?",2966
"I’m looking for a TV anime based on a light novel that mixes adventure, drama, romance, and supernatural elements in a medieval-style merchant journey.",2966
Any recommendations for a series where a clever trader teams up with a charismatic non-human companion and they travel from town to town chasing business opportunities?,2966
"What should I watch if I want a slow-burn road trip story with economics, negotiation, and a developing relationship between the leads?",2966
"Are there any anime with a powerful harvest deity, a countryside setting, and a merchant who’s trying to build his own shop while traveling?",2966
Any ONA recs about a scissor-wielding hairdresser who’s also a clumsy quasi-assassin and keeps getting dragged into faction warfare while trying to figure out his lost memories?,40784
"I’m looking for an action-comedy with mystery and drama, where the main guy is a bumbling assassin-type and the plot centers on a power struggle between two rival groups.",40784
"Can anyone recommend something with a quirky, memory-losing protagonist who uses hairdressing tools in fights and ends up caught in a big conflict between feuding factions?",40784
What should I watch if I want an original ONA that mixes slapstick comedy with action and a serious mystery around a character searching for his missing past?,40784
"Any series with a darkly funny vibe, a mistaken-hero vibe, and a plot about uncovering memories while navigating a war between two competing sides?",40784
Any anime specials about adults living through a high school experiment and then having to face the end of those fake school memories?,35466
I’m looking for a drama-romance web manga adaptation where the story is about a second chance at high school and the emotional fallout when it’s over.,35466
"Can anyone recommend a series about two people whose lives are changed by a youth experiment, especially if it focuses on friendships, romance, and moving on?",35466
"What should I watch if I want a teen-rated special with a bittersweet tone about self-growth, relationships, and forgetting the people you got close to?",35466
"Any finished anime with a grounded romantic drama vibe, where a former adult has to deal with returning to real life after being transformed by a high school experience?",35466
Can anyone recommend a sports anime where a baseball player has to build a brand-new high school team from a bunch of total beginners?,1842
"I’m looking for a TV anime about a guy returning to baseball after leaving his old team, then chasing a shot at Koshien with a new school.",1842
"Any manga-based anime with a determined protagonist, a childhood-friend connection, and a story about turning an amateur baseball squad into something competitive?",1842
What should I watch if I want a school baseball series where the team starts from scratch at an all-girls school that recently began accepting boys?,1842
"Are there any teen sports anime with underdog training, a revenge-style goal against a powerful rival team, and a lot of focus on making weak players improve?",1842
"Can anyone recommend a TV anime with high-energy martial arts battles, alien warriors, and a story that escalates into an intergalactic war?",813
I’m looking for an action-adventure series where a once peaceful fighter has to protect Earth from powerful enemies tied to a nearly extinct race and magical wish-granting objects.,813
"Any long-running shonen anime with comedy mixed into a fantasy fight story, especially one involving super strong warriors and world-threatening conflict?",813
What should I watch if I want a manga-based TV series about a kindhearted fighter who was originally sent to destroy Earth but ends up defending it instead?,813
"Are there any anime with explosive power-ups, cosmic stakes, and a tournament/fight-focused vibe where only the strongest survive?",813
Can anyone recommend an anime movie where a young magical girl has to deal with disappearing people and objects while facing a powerful sealed creature that targets her cards?,372
"I’m looking for a PG kids’ anime film with comedy, drama, and romance, where a school festival play and a love confession are part of the story.",372
"Any movie recommendations about a girl who uses magic cards and has to stop a force that can erase space, objects, and people from town?",372
"What should I watch if I want an anime movie based on a manga, with a child protagonist, magical battles, and a bittersweet choice to save everyone?",372
Are there any animated films where a shy schoolgirl is caught between her feelings for a boy and a supernatural threat that threatens everything she’s collected?,372
Can anyone recommend a romance anime about two totally opposite high school classmates who start dating after a misunderstanding and a confession?,60371
"I’m looking for a manga-based TV series with a bubbly girl and a quiet, blunt boy whose short daily chats slowly turn into romance and comedy.",60371
Are there any teen romance comedies where one character worries a lot about what other people think while the other is super straightforward and doesn’t care about fitting in?,60371
"What should I watch if I want a currently airing anime about shy, awkward first love between classmates who actually like each other back?",60371
"Any anime recommendations for a sweet high school couple story that focuses on friendship, dating, and low-key everyday conversation?",60371
"Can anyone recommend a romance TV anime about a hearing-impaired college student whose quiet, isolated life starts changing after meeting a multilingual travel lover?",55866
"I’m looking for an anime where communication through writing and texting is a big part of the relationship, and the leads slowly open up to each other—any recs?",55866
"Any manga-to-anime romance with a soft, heartfelt vibe and a deaf or hearing-impaired heroine navigating university life?",55866
"What should I watch if I want a romance about two students from very different worlds, with one person gently entering the other’s quiet life?",55866
"Are there any PG-13 romance anime that focus on connection, disability awareness, and a shy emotional slow-burn between college students?",55866
Can anyone recommend a TV anime where an isekai protagonist is dealing with heartbreak and depression while traveling through dangerous northern territories to keep searching for a family member?,51179
"I’m looking for a fantasy adventure with a reincarnated lead, a party-based quest, and some heavy drama after a romantic breakup—any suggestions?",51179
"Any light novel anime adaptations about a second-chance life in a fantasy world that mixes adventure, drama, and a bit of ecchi?",51179
"What should I watch if I want a serious isekai series where the main character hits rock bottom, then regains his drive after a near-death experience on a quest?",51179
"Are there any TV fantasy shows with a male lead trying to move forward after losing his love, while still chasing his bigger goal of finding his mother?",51179
"Can anyone recommend an anime with rival factions, supernatural powers, and a mystery tied to a past city explosion?",38003
I’m looking for a TV anime where a smart but newer recruit gets stuck working with an impulsive rival leader to solve a strange case.,38003
"Any action-mystery anime with government involvement, old secrets, and another gang showdown brewing in the background?",38003
What should I watch if I want an anime about investigating a rumored comeback of a dead boss while uncovering a fire god legend?,38003
"Are there any dark action anime with violent clashes, profanity, and a detective group whose quiet break gets interrupted by new enemies?",38003
Can anyone recommend an anime movie with a kid detective trying to stay hidden from a dangerous criminal syndicate while solving a serial murder case?,5460
I’m looking for a mystery action movie where an undercover enemy has infiltrated the police and the hero has to stop a deadly investigation from exposing his secret.,5460
"Any anime movies about a smart young detective dealing with a high-stakes case, a hidden identity, and a threat that could get everyone around him killed?",5460
"What should I watch if I want a manga-based movie with crime investigation, undercover corruption in the police, and a tense cat-and-mouse feel?",5460
"Are there any PG-13 detective movies with action and mystery, where the main conflict is a race to uncover a truth before a shadowy organization closes in?",5460
Can anyone recommend a PG children’s anime movie that mixes comedy and sci-fi with time travel and a really sentimental family reunion?,40853
I’m looking for a manga-based animated movie where a kid goes back and forth through time to reconnect with family and deal with an important wedding day problem.,40853
"Are there any family-friendly sci-fi comedies about using a time machine to visit the past, then heading into the future to fix something missing at a wedding?",40853
What should I watch if I want an emotional animated movie about a boy trying to make good on a grandmother’s wish and find a happier future for himself?,40853
"Any recommendation for a short anime film with wholesome humor, time travel, and a story centered on family love and finding a missing future self?",40853
"Can anyone recommend a TV anime romance-comedy where a student club helps classmates with their problems, but the members keep clashing over how to solve them?",23847
"I’m looking for an anime based on a light novel with a teen cast, lots of awkward relationship tension, and a club trying to figure out other students’ issues.",23847
Any school romance comedies where the main group is constantly butting heads over their ideals while working through different requests from their classmates?,23847
"What’s a good PG-13 anime with a service club setup, funny dialogue, and a slow-burn search for something more genuine between the characters?",23847
Are there any light-novel anime with comedy and romance where the main trio struggles to agree on solutions and their friendships start getting messy?,23847
Can anyone recommend an anime sequel where a group keeps hunting magical shards while a ruthless villain threatens everyone around them?,6811
"I’m looking for a TV anime with action, fantasy, and romance, plus a messy love triangle and a final showdown against an evil enemy.",6811
Any manga-based anime where former rivals have to cooperate to stop a corrupt force and settle their feud for good?,6811
What should I watch if I want a PG-13 adventure series about friends racing to stop a cursed object from becoming fully corrupted?,6811
"Are there any fantasy anime with demons, duty vs. personal feelings, and a story that builds toward one last battle?",6811
Can anyone recommend a long TV anime based on a manga that's a romantic comedy with a lot of drama and quirky boarding house tenants?,1453
I'm looking for an older anime about a quiet guy who wants to study in peace but falls for the new apartment manager while dealing with crazy neighbors.,1453
"Any romance series where the main love interest is a widow still grieving her late husband, but the story stays funny and heartfelt?",1453
What should I watch if I want a 1980s TV anime set in a boarding house with eccentric residents and a slow-burn love story?,1453
"Are there any manga adaptations with mild nudity, drama, and a persistent male lead trying to win over a woman with complicated feelings?",1453
Can anyone recommend a sports anime about a high school basketball team training hard for the next big tournament after falling short before?,16894
"I’m looking for a TV anime with intense team basketball matches, old rivals coming back, and new stronger opponents standing in the way.",16894
"Any anime where the main guy has to balance playing as part of a team with wanting to win, all in a competitive high school basketball setting?",16894
"What should I watch if I want a basketball anime with developed new skills, shifting alliances, and lots of pressure from elite school teams?",16894
Are there any teen-rated sports anime about a school squad chasing a championship while facing powerful rivals and reopening old grudges?,16894
"Can anyone recommend a TV anime with a guy who can see spirits, works at a strange wish-granting shop, and has to deal with supernatural problems?",3091
I’m looking for a supernatural mystery series where the main character keeps getting dragged into helping clients in a shop between the living and the dead.,3091
"Any anime based on a manga that mixes comedy, drama, and weird spirit encounters with a teen who wants his ability to see ghosts gone?",3091
What should I watch if I want a darkly quirky TV series about paying a price for wishes and solving strange misfortunes for customers?,3091
"Are there any PG-13 supernatural anime with household-chore humor, a bizarre shop owner, and a cast of classmates getting caught up in odd events?",3091
Can anyone recommend a sports anime about a kid who loves baseball and wants to follow in his dad’s footsteps toward the pros?,627
I’m looking for a TV anime where a young player works hard in Japanese Little League and slowly chases a pro baseball dream.,627
"Any manga-based anime with a father and son both pushed by baseball, family struggles, and a lot of determination?",627
What should I watch if I want an underdog baseball story with a boy improving through hard work and big dreams?,627
Are there any PG-13 sports series that mix baseball ambition with a parent’s comeback after injury and personal loss?,627
"Can anyone recommend a TV anime with drama, romance, and supernatural elements where a homeless girl ends up living with a family that has a secret animal-transformation curse?",38680
"I’m looking for a manga adaptation turned anime about a kind girl taken in by a wealthy family, with school-life vibes and a hidden supernatural secret that causes weird transformations.",38680
Any PG-13 anime for teens that mixes heartfelt romance with emotional family drama and a cast of people who turn into zodiac animals when hugged?,38680
"What should I watch if I want an anime centered on an orphaned or homeless heroine, a tense household full of secrets, and both comedy and romance in the mix?",38680
"Are there any romance-heavy supernatural series with a private family curse, a love triangle-ish school setting, and a warm but bittersweet tone?",38680
Can anyone recommend a TV anime that's an action-comedy about a fake family keeping their secrets while dealing with spy missions and school life?,50602
I'm looking for an anime where a little girl in a secretive family tries to make a school connection while her adoptive dad juggles espionage and undercover work.,50602
"Any recommendations for a PG-13 manga-based TV series with a wholesome family vibe, hidden identities, and a clairvoyant dog joining the cast?",50602
What should I watch if I want a funny action show where a spy family gets pulled into assassination plots and other weird obstacles?,50602
"Are there any anime like this second part of a series where the main focus is a secret mission, family comedy, and a mix of school, spies, and dog-related chaos?",50602
"Can anyone recommend a TV anime based on a manga about a high school club that does odd jobs for other students, with lots of comedy and goofy misunderstandings?",9863
"I’m looking for a school comedy where a trio runs a help club, spends time messing around in the clubroom, but still seriously helps people when needed. Any recs?",9863
"Any anime with a tech-savvy guy who uses speech synthesis, a strong hockey-stick-wielding girl, and a leader with a weird concentration power?",9863
What should I watch if I want a PG-13 teen anime that mixes helping-others stories with unintentionally hilarious situations at school?,9863
Are there any slice-of-life comedy shows about a group of students solving random problems and supporting other people through kind of chaotic troubleshooting?,9863
"Can anyone recommend a TV anime with slice-of-life and supernatural comedy about living with dragons, where the everyday household chaos keeps getting worse?",39247
I’m looking for a manga-based anime about a dragon maid trying to be the perfect servant while a human girl ends up befriending dragons and sharing her home with them.,39247
Any PG-13 anime where a little dragon girl goes to elementary school and the family life is full of mischief and weird supernatural antics?,39247
"What should I watch if I want a story where a powerful new dragon shows up, starts out wanting to fight humans, and slowly gets curious about them instead?",39247
"Are there any anime about a dragon household that mixes cute daily-life stuff with rivalry, huge dragon powers, and a surprisingly warm found-family vibe?",39247
"Any TV anime recommendations about a fantasy crew splitting up after a big victory, then each chasing their own goals while a bigger war starts brewing?",18115
I’m looking for an action-adventure fantasy anime where a young magician heads to a mysterious kingdom ruled by magicians to learn more magic and investigate strange events. Any recs?,18115
"Can anyone recommend an anime with a prince/princess-like royal return to the empire, plus separate journeys for friends and an approaching large-scale conflict?",18115
"What are some manga-based TV anime with a mixed party of friends going on individual quests, including training, travel back to a homeland, and magic-focused exploration?",18115
"Looking for a PG-13 fantasy anime that balances character-driven side adventures, magic studies, and the tension of an impending war.",18115
Can anyone recommend an action fantasy anime movie where two Saiyan warriors have to deal with an insanely powerful fighter whose rage keeps building up?,36946
"I’m looking for a movie with big battles, wish-granting dragon balls, and a clash between old enemies on a frozen planet—any recs?",36946
"Any anime films about warriors training on their own, then getting dragged into a fight with a legendary enemy and his father on a barren world?",36946
"What should I watch if I want a PG-13 action-adventure movie about a strong warrior race, exile, and a battle that shakes the whole planet?",36946
Are there any manga-based anime movies where the last surviving fighters face a power-hungry villain and an unmatched berserker in a huge showdown?,36946
"Any recommendations for an ONA sequel with action, adventure, and fantasy vibes?",60420
I’m looking for a web novel adaptation where the second season keeps the demon-hunting fantasy adventure going — any suggestions?,60420
Can anyone suggest a teen-rated fantasy action series with an ongoing sequel feel and lots of adventure?,60420
What should I watch if I want a finished ONA that follows up a web novel-based fantasy story?,60420
Are there any anime series with action and adventure in a dark fantasy-style setting that are clearly a second season?,60420
"Can anyone recommend an anime sequel about cosplay, sewing outfits, and a shy guy who keeps getting pulled into a girl's hobby?",53065
I'm looking for a romance TV anime where a teen boy who makes handmade costumes starts getting closer to a girl who keeps falling for him.,53065
"Any anime like this with a mix of cosplay culture, craftwork, and the awkward ""are they dating?"" tension between two leads?",53065
"What should I watch if I want a PG-13 romance sequel focused on costume-making, personal growth, and a slowly building relationship?",53065
Are there any manga-based anime about a boy learning to open up through his passion for sewing and a girl's feelings becoming harder to hide?,53065
Can anyone recommend an anime movie about girls doing tank battles at school and taking on a much stronger team to save their academy?,18617
I’m looking for a PG-13 action movie where a group of students has to fight a legal decision that could shut down their school.,18617
"Any recommendations for an original anime film with competitive armored warfare, underdog teamwork, and a high-stakes match against top-tier rivals?",18617
"What should I watch if I want an anime movie about an all-girls school, military-style tank matches, and a desperate fight against closure?",18617
"Are there any action anime movies with a school sports vibe, but with tanks, big underdog stakes, and a last-chance challenge against the best team around?",18617
Can anyone recommend a comedy anime about three weird schoolgirls starting a club and getting into nonstop chaotic antics?,37171
I’m looking for a TV anime where a deadpan loner gets pulled into ridiculous pranks and awkward friendship at school. Any recs?,37171
"Any manga-based anime with a foreign transfer student, a loud airhead, and a straight-faced girl messing around during recess?",37171
What should I watch if I want a school comedy where the girls keep failing at simple things like learning English or trying to get popular?,37171
"Looking for a PG-13 teen comedy with absurd slice-of-school-life humor, teacher trouble, and a really unhinged friend trio?",37171
"Any ONA specials about a retired top-tier esports player watching an all-star tournament, then getting dragged back into the spotlight?",37078
"I’m looking for a web novel adaptation with esports action, where casual fans can watch pros compete and a former legend is forced back into the game.",37078
"Can anyone recommend something with a low-profile retired player, tournament hype, and a story that shifts from spectator mode back to high-stakes competition?",37078
What should I watch if I want a short ONA centered on a professional gaming tournament and the pressure surrounding a well-known ex-champion?,37078
Are there any action anime specials about a past gaming star attending a big event as a spectator but ending up pulled into the conflict again?,37078
"Any TV specials about a pirate crew racing to rescue a teammate from a government assassin group, with a lot of action and adventure?",19123
"Can anyone recommend an anime where the crew's ship is treated like a beloved friend, and the story gets emotional about that bond?",19123
I'm looking for a fantasy action special where the remaining crew members have to pull together after part of the team splits off.,19123
"Are there any manga-based TV specials with a pirate adventure, a government conflict, and strong found-family vibes?",19123
What should I watch if I want a PG-13 adventure story about a crew reuniting to save one of their own from a powerful world authority?,19123
Can anyone recommend an action sci-fi TV anime where a team of girls uses special powers to protect humanity from an ancient sentient threat and recover a dangerous relic?,32843
"I’m looking for a PG-13 anime with music-powered combat, sci-fi action, and a cast fighting off hostile groups over an ancient artifact.",32843
Any recommendations for a sequel-heavy action series where the heroes have to stop a criminal organization and an old civilization’s defense system from causing more trouble?,32843
What’s a good TV anime about a support team and its frontline fighters trying to protect scientists and keep a relic out of enemy hands in a global conflict?,32843
"Can you suggest an original sci-fi action anime with a strong ensemble cast, international stakes, and battles against multiple conspiracies?",32843
Can anyone recommend an ONA where the hero disguises himself and infiltrates a rival sect to prevent a war between two factions?,49574
I’m looking for a fantasy action series based on a web novel where the main character rises through an enemy sect and has to juggle a hidden identity.,49574
Any adventure-fantasy shows with a teen-rated vibe where someone climbs the ranks inside a hostile sect while trying to stop a bigger conflict?,49574
"What should I watch if I want a Chinese web-novel adaptation with sect politics, undercover infiltration, and lots of action?",49574
"Are there any finished fantasy adventure series about a protagonist taking on a false name, earning a high-status position in an enemy group, and facing an inevitable war?",49574
Can anyone recommend a TV anime about a small-time scammer who gets pulled into international high-stakes fraud and ends up competing with another con man?,40052
"I’m looking for an original anime with action, adventure, and mystery, where the main character gets dragged into a bigger criminal world after a bad con goes wrong.",40052
"Are there any shows where a pickpocketing, self-styled swindler teams up with a flashy rival to take on a huge mafia boss?",40052
"What should I watch if I want a crime-focused anime with clever cons, police pressure, and a lot of back-and-forth between rival scammers?",40052
"Any recommendations for an R-rated anime about fraud, rivalry, and a protagonist whose confidence in his own skills keeps getting tested?",40052
"Can anyone recommend a TV anime about street racing where a driver in an old car has to protect his winning streak against a team of newer, mechanically superior machines?",186
I’m looking for an action-drama anime based on a manga that focuses on intense car battles and a rookie-slayer type rivalry on mountain roads.,186
Any recommendations for a teen-rated racing show where the main conflict is an underdog in an AE86 taking on an elite all-Lancer Evolution team?,186
"What should I watch if I want a finished TV series with street racing, prideful rivalries, and a protagonist trying to prove an older car can still compete?",186
Are there any anime with a skilled driver from a home-turf mountain setting going up against a very confident rival team that looks down on his car choice?,186
"Can anyone recommend an anime with a vampire and human team-up, a curse-healing grimoire, and a mystery about a monstrous wolf-like beast?",49114
"I’m looking for a TV anime where the leads get pulled into a past event, split up, and end up dealing with both a beast hunt and a vampire hunter.",49114
"Any action-fantasy anime based on a manga that mixes cursed vampires, time-travel-ish twists, and characters with conflicting goals over whether to save or kill the monster?",49114
"What should I watch if I want a dark mystery anime with vampires, a hunt for a creature that’s killed lots of people, and some dangerous alliances along the way?",49114
"Are there any 17+ fantasy anime where an injured vampire meets a secretive ally, while another character searches for a missing companion and tries to uncover the truth behind the beast?",49114
Can anyone recommend a TV anime where convicted criminals are forced into frontline military service against Demon Lords and can’t even stay dead?,56009
"I’m looking for a light novel adaptation with a disgraced former knight leading a penal unit, plus war, revenge, and political intrigue.",56009
"Any action-fantasy shows about a hero who’s basically being punished by being sent to fight endless battles, with resurrection after death?",56009
"What should I watch if I want a dark war story with a powerful weapon companion, a goddess pact, and lots of survival stakes?",56009
"Are there any 17+ fantasy anime with a ruthless battlefield setup, demon lord conflict, and a main character trying to survive and get revenge?",56009
Can anyone recommend an anime where the weakest hunter gets a mysterious solo power-up system and starts leveling up after surviving a deadly dungeon?,52299
"I’m looking for a TV anime with monster-filled gates, dungeon raids, and a protagonist who suddenly gains an interface only he can see.",52299
"Any action-fantasy series about humans turned into hunters, guilds clearing dangerous portals, and one guy rising from the bottom to become strong?",52299
"What should I watch if I want a dark adventure anime with superhuman abilities, brutal fights, and a main character who keeps getting stronger at a rapid pace?",52299
"Are there any web manga adaptations with a game-like progression system, deadly dungeon exploration, and a hunted-for-treasure setup gone horribly wrong?",52299
Any sci-fi anime movies about a galaxy-wide war where both sides are dealing with political chaos and coups at the same time?,36370
"Can you recommend a mature space drama with military strategy, internal government conflict, and lots of backstabbing?",36370
I’m looking for an anime film based on a novel that focuses on two rival commanders questioning whether the ends justify the means.,36370
"Any R-rated sci-fi movie series with big battles, aristocratic power struggles, and a strong political storyline?",36370
What should I watch if I want a serious drama about defending democracy during a coup while an empire also fights its own noble faction?,36370
"Can you recommend an anime about a small high school music club just hanging out, rehearsing, and goofing off together before graduation?",7791
"I’m looking for a TV anime based on a 4-koma manga where a group of schoolgirls spend most of their time with light, slice-of-life comedy around a music club.",7791
Any recommendations for a feel-good comedy anime about senior students trying to enjoy their last year together in a club room and at school events?,7791
"What’s a good teen-rated anime featuring a light music club, low-stakes daily school life, and lots of friendship-focused moments?",7791
Can anyone suggest an award-winning comedy anime where the main cast is a handful of high school girls doing music practice and everyday antics instead of big drama?,7791
"Can anyone recommend a TV anime about a deadly battle royale between magi, where they summon heroic spirit servants and fight for a wish-granting artifact?",22297
"I’m looking for an action-fantasy anime where a high school guy gets pulled into a magical war, ends up with a servant, and teams up with a rival mage.",22297
"Any anime based on a visual novel that has command seals, summoned servants, and a tournament-style fight for an all-powerful holy relic?",22297
"What should I watch if I want a dark fantasy TV series with lots of battles, temporary alliances, and a cast of magi competing for the same prize?",22297
"Are there any 17+ anime with violent magic duels, heroic spirits, and two allied masters trying to survive a war against other competitors?",22297
Can anyone recommend an adventure movie with a girl and her robot companion exploring a dangerous abyss and uncovering clues about her mother?,37514
I’m looking for a dark fantasy movie that mixes mystery and sci-fi while following a descent into a strange underground world with serious violence and profanity.,37514
"Are there any anime movies about a young explorer journeying deeper into a massive pit, meeting powerful locals, and slowly learning the truth about her family?",37514
"What should I watch if I want a compilation movie based on a web manga that has adventure, drama, and a really eerie sense of discovery?",37514
Any recommendations for a fantasy mystery movie where the main pair keeps descending into unknown depths and the story gets more intense as they face bigger dangers?,37514
Can anyone recommend a mystery movie with a young detective helping an amnesiac woman while police and intelligence agencies are caught up in a spy case?,32005
"I’m looking for an action-mystery anime movie where a roadside chase, FBI involvement, and secret files all tie into a bigger covert operation.",32005
"Any anime movies like a crime thriller set around a renovated aquarium and Ferris wheel, with a girl who has lost her memory and different-colored eyes?",32005
"What should I watch if I want a finished manga-based detective movie with undercover agents, sniper action, and a hidden mastermind working behind the scenes?",32005
Are there any all-ages mystery action movies where a team helps someone recover their identity while international spy agencies and the Japanese police are in danger?,32005
"Can anyone recommend a comedy-fantasy ONA with a mischievous cultivator and a super stoic love interest, but in a cute chibi style?",40435
"I’m looking for an anime spin-off that’s mostly funny and adorable, with cultivation school antics and an unbreakable bond between two leads.",40435
"Any recommendations for a short fantasy series where one guy keeps breaking strict clan rules and teasing the cold, serious one?",40435
"What should I watch if I want a PG-13 animated comedy with cultivation classes, cheating trouble, and lots of playful relationship tension?",40435
"Are there any web-novel-based anime with a mischievous protagonist, a rigid martial-clan setting, and a wholesome, teasing dynamic?",40435
"Can anyone recommend an anime about an older underground boxer who uses a metal-frame gear system, but is now living under a different name and trying to stay out of the spotlight?",40729
"I’m looking for a sci-fi sports anime with a gritty tone, where a former champion is dealing with hallucinations and painkillers while taking on low-key fights to survive.",40729
Any TV anime about a veteran fighter who gets pulled into helping an immigrant community trying to buy the land they’re living on illegally?,40729
"What should I watch if I want a boxing series set in a futuristic sport, with underground matches and a protagonist carrying a lot of emotional baggage?",40729
"Are there any action-heavy anime where a once-famous champion returns to the ring after disappearing, and the story mixes street-level fighting with themes of survival and community?",40729
Any anime about a high school grad chasing a pro baseball career in America and grinding through the minors to reach the majors?,3226
"Can you recommend a sports TV anime where the main guy leaves Japan, has to adapt to American culture, and pushes himself to catch up with stronger players?",3226
I’m looking for an anime adapted from a manga that follows an ambitious baseball player aiming for the Major League instead of just staying in Japan.,3226
Are there any baseball series with a determined protagonist facing the tough rise from the minor leagues while trying to make it big overseas?,3226
"What should I watch if I want a PG-13 sports anime about intense baseball competition, personal growth, and a dream of reaching the top level in the U.S.?",3226
Any OVA recommendations for a moody supernatural mystery where a guy runs a mysterious shop and ends up digging into a friend’s dreams?,6864
"I’m looking for an anime about longtime friends, hidden pasts, and dream-world investigations with a dramatic, supernatural tone.",6864
"Can anyone recommend something with folklore, psychic elements, and a melancholic small-cast story centered on solving strange cases?",6864
"What’s a good supernatural drama with a shopkeeper protagonist, recurring companions, and revelations about bonds from the past?",6864
"Any anime OVAs that blend mystery and drama with dream sequences, old secrets, and a friendship that gets deeper over time?",6864
"Can anyone recommend a TV anime based on a manga about college-age friends dealing with love, work, and personal growth?",1142
"I’m looking for a drama-romance anime where the cast is navigating academics, jobs, and messy relationships as they mature.",1142
"Any recommendations for a teen-rated anime with a close group of friends pushing each other through heartbreak, career changes, and self-discovery?",1142
"What should I watch if I want a story about young adults balancing romance, friendship, and the pressure to figure out their future?",1142
Are there any slice-of-life style romance dramas focused on emotionally complicated college life and growing up?,1142
Can anyone recommend an OVA where two young adventurers take on a deadly fantasy game while still training their developing abilities?,138
I’m looking for an action-adventure anime based on a manga where the heroes enter a rare game to help finish it for a billionaire.,138
"Any recommendations for a fantasy series with a dangerous game world, lots of training, and a search for a missing father?",138
"What should I watch if I want teens in a high-stakes game that can get players killed, with their powers still growing?",138
"Are there any adventure anime where the main duo tackles a notorious game instead of fighting the usual villains, and it’s adapted from a manga?",138
Can anyone recommend an anime romance where two very different classmates end up bonding over their hidden sides?,42897
I’m looking for a TV anime based on a manga that’s mostly about a sweet school romance and close friendship between popular-but-stressed teens.,42897
"Any anime where a seemingly quiet guy with an edgy hidden look and a busy, popular girl start opening up to each other at home?",42897
What should I watch if I want a teen romance that focuses on classmates revealing their real selves instead of just big dramatic love triangles?,42897
"Are there any school romance anime with a gentle, personal vibe and two leads who seem opposite on the surface but click fast?",42897
Can anyone recommend a TV anime about a genius teen detective who gets turned into a kid and keeps solving cases in secret?,235
I’m looking for a mystery anime with comedy where the main character hides his true identity while investigating a criminal organization.,235
Any anime based on a manga where a high school sleuth ends up in a child’s body and has to work behind the scenes on cases?,235
What should I watch if I want an adventure-mystery series with a clever child-looking protagonist and lots of detective work?,235
Are there any PG-13 crime mystery shows with a young lead secretly helping a private detective while trying to undo a drug’s effects?,235
Can anyone recommend a TV anime for kids about a young girl who finds magical cards and has to track them down around town?,232
"I’m looking for a cheerful adventure series with comedy and a little romance, where the heroine has a secret magical duty and an animal guide.",232
Are there any anime about an ordinary schoolgirl who suddenly gets pulled into a magical mission and has to balance it with everyday life?,232
"What should I watch if I want a PG fantasy show with a young protagonist, friendly sidekick support, and lots of card-based magic?",232
Can you recommend a manga-based TV anime where the main character captures scattered magical cards while dealing with school life and her friends?,232
"Can anyone recommend an anime where a shy, easily flustered boy gets drawn into a weirdly persistent upperclassman’s life, and their bond grows through a shared love of boys’ love manga?",44055
"I’m looking for a TV anime with a slow-burn boys’ love setup, where one guy is awkward about his hobby and the other starts out as an eccentric delinquent type but turns out genuinely interested.",44055
"Any recommendations for an anime about a hidden BL manga fan whose secret gets found out by a clueless but curious classmate, leading to an unexpected relationship shift?",44055
"What should I watch if I want a PG-13 anime about school-life romance, teasing, and a relationship that starts from annoyance and slowly becomes something more?",44055
"Are there any web manga-based anime with a soft boys’ love tone, focused on two students getting closer after one of them keeps invading the other’s personal space and asks to borrow manga?",44055
"Can anyone recommend a TV anime from a light novel that mixes romance, drama, and supernatural mystery on a university campus?",57433
I’m looking for a series where a guy in college helps friends deal with strange supernatural problems while juggling his relationship with his girlfriend.,57433
"Any anime about idol group drama, rising popularity, and rumor pressure, with an emotional supernatural angle?",57433
What should I watch if I want a teen-rated romance drama with inexplicable phenomenon cases and a new adult setting?,57433
Are there any supernatural romance shows where the main character keeps getting pulled into other people’s personal crises and hidden strange events?,57433
"Can anyone recommend an anime ONA about a young swordsman who trains for revenge after seeing his mother killed, then has to step up to protect his city from invaders?",55655
"I’m looking for a fantasy adventure with action, where the main guy loses his engagement, faces an enemy invasion, and vows to become the strongest fighter. Any recs?",55655
"Are there any web novel adaptations with a serious revenge-and-protection story, especially one where the hero carries a heavy responsibility and fights to defend his home from foreign forces?",55655
"What should I watch if I want a PG-13 action fantasy ONA with sword fighting, a long training journey, and a protagonist driven by revenge and duty?",55655
"Any recommendations for an animated series where a determined young man goes from personal tragedy to protecting a city, with an invasion plot and a strong fantasy adventure vibe?",55655
"Can anyone recommend an anime movie with a surreal night-long romance chase, where a college guy keeps trying to run into his underclassman by coincidence?",34537
"I’m looking for a comedy-romance movie about a black-haired girl wandering a lively city at night, chasing new experiences and letting fate take the lead.",34537
Are there any films where an ordinary college student has a hopeless crush and keeps scheming to connect with a girl through random encounters and luck?,34537
"What should I watch if I want a whimsical movie set over one mysterious night, with fate, bookstores, and a love story that slowly drifts around the city?",34537
Any anime movies about a girl who believes in destiny and a guy trying to win her over by beating her to a childhood book in a second-hand shop?,34537
"Can you recommend a sports anime about competitive karuta, where players need sharp memory, quick reflexes, and stamina?",10800
"I’m looking for a manga-based TV anime with drama and romance, centered on a girl who gets hooked on a traditional card game and aims for the top female title.",10800
"Any anime where a high school club is formed around a niche sport, and the team trains hard for a national championship?",10800
What should I watch if I want a story about childhood friends reconnecting through a competitive game and chasing an elite rank?,10800
Are there any TV series about a school team of experienced and new players working together to improve at a poem-based card game?,10800
Can anyone recommend a movie about high school girls battling it out in tank combat during a long tournament match?,39166
"I’m looking for an anime movie with team-based armored warfare, school rivalries, and a tense quarterfinal setting.",39166
Any PG-13 teen anime movies where girls from different schools fight tank matches and have to push through exhaustion to advance?,39166
"What should I watch if I want a sports-like competition anime movie built around tank battles, strategy changes, and underdog teams?",39166
"Are there any original anime movies featuring schoolgirl tank crews, multiple academy matchups, and a hard-fought tournament round?",39166
"Can anyone recommend an OVA with supernatural romance and comedy, especially if it follows a shrine god and her fox familiar trying to face an unusual future together?",33323
"I’m looking for a short anime about a teen girl approaching graduation who has to deal with returning to being human, while her partner wants to become human too. Any recs?",33323
Are there any romance anime with a strong supernatural angle and a couple whose relationship keeps going through bigger life changes and challenges?,33323
"What should I watch if I want an anime OVA based on a manga, with gods, familiars, and a sweet couple dealing with a strange wish that changes both of their lives?",33323
Any PG-13 supernatural rom-coms where the story is more about a committed couple reflecting on their past and figuring out their future than about big action?,33323
Can anyone recommend a sci-fi anime movie with giant mecha battles and a big over-the-top action vibe?,4107
"I’m looking for a PG-13 anime film adaptation of a TV series that keeps the same high-energy, spacey sci-fi feel—any recs?",4107
Any movies about a small group fighting back in a harsh world with huge robots and escalating battles?,4107
"What’s a good anime movie if I want something from Gainax with loud, flashy action and an uplifting underdog spirit?",4107
"Are there any sci-fi films that turn a finished TV anime into a fast-paced, condensed movie experience?",4107
"Can anyone recommend a TV anime based on a visual novel that mixes comedy, drama, and romance with an ensemble cast of friends dealing with their inner struggles?",18195
I’m looking for a teen-rated anime where a small team’s peaceful everyday life gets shaken by strange events and a hidden truth about the world starts to surface.,18195
Any recommendations for a show about a friendship-heavy group story that brings emotional character arcs to a conclusion after a lot of regrets and personal weakness?,18195
What are some anime set around a baseball club where the focus is as much on the characters’ bonds and feelings as it is on the main mystery?,18195
Are there any 13-episode dramas with romance and comedy that follow a protagonist helping different members of a group through their problems while a bigger secret slowly unravels?,18195
Can you recommend an anime about two students teaming up to make manga and chase a professional career in the industry?,7674
I’m looking for a TV anime where a talented artist and an aspiring writer try to become successful mangaka together.,7674
Any comedy-drama romance anime about high schoolers pursuing their dream of getting a manga serialized and turned into anime?,7674
"What should I watch if I want a series about creating manga, aiming for fame in the industry, and a crush tied to an anime voice acting dream?",7674
Are there any anime with a hardworking duo trying to become the best mangaka while balancing school and their personal feelings?,7674
Any anime movie recommendations where a group of friends and their partner monsters have to reunite one last time to stop a threat hiding online?,38088
"I’m looking for a PG-13 adventure film with action, comedy, and drama about chosen kids whose monster partners start disappearing and people falling into comas.",38088
Can anyone suggest an original anime movie set in the human world where longtime teammates face growing distance while dealing with a Digimon-style crisis from the internet?,38088
"What are some movies about young heroes and their companion creatures balancing everyday life, a looming future beyond childhood, and one final mission together?",38088
Any recommendations for a story where an American researcher uncovers a mysterious creature behind comatose children and the heroes must band together to save their partners?,38088
"Can you recommend a TV anime with a former salaryman stuck working with pirate mercenaries in a filthy criminal city, where he has to deal with guns and ruthless outlaws?",1519
I’m looking for an action anime with a morally conflicted protagonist who gets pulled into the underworld and has to decide between going home and staying with the crew that took him in.,1519
Any manga-based TV series about a guy with a strong sense of morality trying to survive alongside mercenaries in a violent slum full of criminals?,1519
"What should I watch if I want a gritty 17+ anime with gunfights, profanity, and a crew of outlaws operating out of a lawless seaside city?",1519
Are there any action shows where an ordinary outsider joins a pirate mercenary group and has to keep up with dangerous jobs in a brutal criminal world?,1519
"Can anyone recommend an anime set in late 19th-century Britain with mystery and suspense, where a noble secretly helps common people but also wants to tear down the class system?",40911
"I’m looking for a TV anime based on a manga that follows a noble family in Victorian-era Britain and gets pretty dark, with violence and a scheme to change society from the inside.",40911
"Any anime recommendations about an aristocrat who works as a consultant for regular people while plotting against the corrupt upper class in a rigid, wealth-based society?",40911
"What should I watch if I want a historical mystery anime with a clever anti-establishment vibe, brothers working together, and a lot of tension around social inequality?",40911
"Are there any suspense anime with a British setting, a protagonist from the nobility, and a morally gray goal of destroying the system that protects the wealthy?",40911
Can you recommend a sports anime about a middle school baseball player coming back after an injury and trying to keep chasing his dream?,558
"I’m looking for a TV anime where a young baseball player has to deal with new rivals, old friends, and a lot of pressure on the field.",558
"Any manga-based anime about baseball, broken relationships, and a main character struggling to recover the love of the game?",558
What should I watch if I want a teen sports series with an underdog baseball journey and a goal of getting into an elite high school team?,558
"Are there any anime with a realistic baseball focus, emotional setbacks, and a protagonist trying to push through a tough comeback?",558
"Can you recommend an ONA where a group of college friends use a time machine to fix a small disaster, but it turns into a weird comedy-mystery?",49590
"I’m looking for a short anime with a hot summer setting, a time travel plot, and a chaotic group of friends causing trouble together.",49590
"Any recommendations for something with comedy, romance, and suspense where ordinary people mess with time to solve a problem in their apartment life?",49590
"What should I watch if I want a story about friends discovering a real time machine and trying to change the past, but things get more complicated than expected?",49590
"Are there any anime set in Kyoto that mix slice-of-life awkwardness with time travel and a mysterious, offbeat tone?",49590
"Can anyone recommend an anime movie with a gentle supernatural vibe, where a boy helps a timid spirit with an important task before time runs out?",42894
"I’m looking for a slice-of-life supernatural movie about a teen who gets involved with youkai and tries to help them, even when a powerful spirit is part of the problem.",42894
"Any anime recs where a human can see youkai, gets pulled into their affairs, and has to deal with a mysterious visitor disguising itself as a person?",42894
"What should I watch if I want a movie about helping spirits, hidden youkai identities, and a story that slowly turns more suspicious and emotional?",42894
Are there any anime films with a calm but eerie tone where a friend’s health starts getting worse after a strange supernatural guest shows up?,42894
"Can anyone recommend a TV anime about kids growing up in a quiet rural village, just hanging out and exploring the countryside?",23623
"I’m looking for a slice-of-life anime with elementary and middle school girls, small-town daily life, and a really calm, wholesome vibe.",23623
Are there any anime about a girl moving from Tokyo to the countryside and making new memories with local kids and siblings?,23623
"What should I watch if I want a laid-back rural school story with children spending their days playing, studying, and wandering outside?",23623
"Any TV anime recommendations for a gentle, everyday-life series set in a tiny village with only one school and lots of simple childhood moments?",23623
"Can anyone recommend an action-adventure fantasy anime movie with a huge pirate festival, a treasure hunt, and a chaotic free-for-all battle between multiple crews?",38234
"I’m looking for a manga-based movie where pirates, marines, and powerful rival groups all get drawn into a massive contest for a legendary treasure. Any recs?",38234
Any adventure fantasy films with a big cast of pirate crews competing in a battle royale-style event and everything spiraling when an unexpected pirate shows up?,38234
"What’s a good PG-13 anime movie about a world of pirates, a flashy festival with hidden secrets, and nonstop clashes between rival factions?",38234
"Can you suggest an action movie where a famous crew joins an enormous celebration made for pirates, then gets pulled into a dangerous hunt for a legendary leftover treasure?",38234
"Can anyone recommend an anime about street racing teams pushing to become the best outside their home prefecture, with lots of downhill and uphill battles?",18
I’m looking for a TV anime based on a manga where a racing crew starts a project to challenge strong opponents on dangerous roads. Any recs?,18
"Any action-drama anime with serious driving competition, where the team uses a website to announce upcoming races and track their results?",18
What should I watch if I want an anime about skilled drivers trying to improve their racing by taking on powerful street racers from other prefectures?,18
Are there any TV anime that focus on a group aiming to refine a high-speed racing theory while dealing with the hardships of competitive street racing?,18
Can anyone recommend a TV anime about a shy middle schooler who gets pulled into competitive dance and starts chasing self-improvement?,34636
"I’m looking for a sports anime where an ordinary, non-confrontational kid discovers a passion for dancing and keeps pushing himself to get better.",34636
"Any anime adaptations of manga about ballroom dancing, with a hesitant teen getting drawn into the spotlight and a competitive scene?",34636
What should I watch if I want a teen-focused TV series about training at a dance studio and growing through competition?,34636
"Are there any sports anime with an earnest underdog lead, strong mentorship, and a focus on performance and confidence?",34636
"Can anyone recommend an action mystery anime with supernatural rumors, a cursed forest, and a detective-style investigation into strange deaths?",59228
I’m looking for a TV anime where a young noble and his demonic butler travel to isolated villages to uncover whether a supposed witch curse is real.,59228
"Any manga-based anime with an English manor-vibes investigator, folklore, and a creepy case involving deformities and suspicious deaths?",59228
"What should I watch if I want a dark supernatural series set in rural Europe, with hostile villagers and a girl treated like a witch?",59228
"Are there any finished 13-episode anime that mix mystery, action, and demons while a teenage aristocrat and his servant unravel a local legend?",59228
Can anyone recommend an anime that mixes sports romance with a high school setting and a guy trying to get closer to his crush through training?,57181
I’m looking for a TV anime where a badminton player aims for the national level while living with the girl he likes and dealing with upperclassmen competition.,57181
"Any romance anime about two student athletes, one in badminton and one in basketball, who motivate each other while chasing big goals?",57181
"What should I watch if I want a school sports series with a shy-ish guy, a popular crush, and a childhood friend supporting the story too?",57181
"Are there any manga-based TV anime that focus on intense training, high school sports, and a slow-building relationship between teammates?",57181
"Any TV anime recs where an eccentric detective group has to deal with both a powerful foreign organization and a rival mafia, with action and mystery mixed in?",32867
"I’m looking for an anime with gifted fighters, underworld politics, and a tense conflict between a detective agency and the mafia—any suggestions?",32867
Can anyone recommend a dark action mystery anime that also flashes back to the past relationship between three men who used to meet up and then get split apart by a disappearance?,32867
What are some anime where the main cast is caught between protecting their agency’s standing and surviving attacks from multiple enemy groups at once?,32867
"Looking for a 17+ anime with violent, profane action and mystery, where supernatural abilities and criminal organizations are both central—what fits?",32867
"Can anyone recommend a fantasy movie about humans on the brink of extinction, with a strong focus on survival and big emotional stakes?",33674
I’m looking for a light novel–based anime movie where a human warrior teams up with a powerful nonhuman girl and they form an unlikely bond while fighting for their lives.,33674
Any drama-fantasy recommendations set in a lawless world where magicless humans are being crushed by other races and gods are part of the conflict?,33674
What should I watch if I want a movie with romance mixed into a desperate war story about two outsiders trying to save humanity?,33674
Are there any anime movies about learning what it means to be human through a partnership between a fierce fighter and an artificial being?,33674
"Can anyone recommend an anime about girls training to become professional gondolier tour guides in a peaceful city, with a calm slice-of-life vibe?",962
"I’m looking for a TV anime based on a manga that follows friends from rival companies learning their craft together in a beautiful, everyday setting. Any recs?",962
"What should I watch if I want a gentle sci-fi slice-of-life series set in a mysterious, warm, canal-filled city?",962
"Any anime with a low-stress, all-ages feel where the story is more about daily routines, meeting interesting people, and slowly uncovering a city’s secrets?",962
Looking for a show about becoming a better tour guide while spending lots of time with close friends and exploring a serene fantasy-like city.,962
Can anyone recommend a comedy-romance anime about a scholarship student at a fancy school who gets mistaken for a boy and ends up working at a host club?,853
"I’m looking for a TV anime based on a manga that has a rich academy setting, eccentric pretty-boy hosts, and a heroine trying to pay off a huge debt with club work.",853
"Any 2000s anime with a cross-dressing misunderstanding, lots of school comedy, and a romance vibe centered around an all-male entertainment club?",853
"What should I watch if I want a PG-13 anime with a female lead navigating a prestigious school, flashy club members, and awkward but funny interactions with girls?",853
Are there any short comedy series where a studious girl gets pulled into a glamorous school club and has to play along with the boys’ over-the-top personalities?,853
"Can anyone recommend an anime with a small village setting, a repeating time loop, and a mystery about stopping brutal deaths before they happen?",1889
I’m looking for a horror mystery TV anime where the heroine keeps reliving the same summer and has to figure out who’s behind the tragedy.,1889
Any suspense anime based on a visual novel that mixes a peaceful village life with a really dark hidden side?,1889
"What should I watch if I want an anime about fighting fate, with a lead trying to break out of an endless cycle of despair and violence?",1889
"Are there any R-rated mystery thrillers with a group of friends in a rural town, where the truth is only revealed piece by piece and things keep going horribly wrong?",1889
