question,document
Why do glass and silk attract after being rubbed together?,dc1_sec01_001
What happens when two identical materials are rubbed with the same type of cloth?,dc1_sec01_001
How did experiments with rubbed glass and wax show that there are two kinds of electric charge?,dc1_sec01_001
What did Benjamin Franklin believe caused one object to have an excess or shortage of charge?,dc1_sec01_001
Why did early scientists describe electric charge as an invisible fluid?,dc1_sec01_001
Why were rubbed materials classified as either positive or negative?,dc1_sec01_002
How did Franklin’s naming of positive and negative charges create confusion?,dc1_sec01_002
"What is a coulomb, and how was it defined using charged objects?",dc1_sec01_002
Approximately how many electrons correspond to one coulomb of charge?,dc1_sec01_002
"What are the main particles found in atoms, and what is unusual about protium?",dc1_sec01_002
What determines which chemical element an atom is?,dc1_sec01_003
How does changing the number of neutrons affect an atom?,dc1_sec01_003
Why can electrons move more easily than protons or neutrons?,dc1_sec01_003
What makes an atom electrically neutral or charged?,dc1_sec01_003
How does rubbing two materials create static electricity?,dc1_sec01_003
What causes electrons to move between materials when they are rubbed together?,dc1_sec01_004
Why is an imbalance of electrons called static electricity?,dc1_sec01_004
How does an object become negatively or positively charged?,dc1_sec01_004
What did Michael Faraday show about static electricity in 1832?,dc1_sec01_004
What are some practical uses of static electricity?,dc1_sec01_004
What makes a material a conductor instead of an insulator?,dc1_sec02_001
Why do metals have free electrons that can move between atoms?,dc1_sec02_001
Which common materials are examples of electrical conductors and insulators?,dc1_sec02_001
Why isn’t silver conductivity the same as that of concrete or dirty water?,dc1_sec02_001
"How can temperature change the conductivity of glass, air, and metals?",dc1_sec02_001
What is the difference between dynamic electricity and static electricity?,dc1_sec02_002
"Why can electron flow begin and stop throughout a conductor almost instantly, even though individual electrons move slowly?",dc1_sec02_002
How does the tube-of-marbles example illustrate the way electric current moves?,dc1_sec02_002
"Why must an electrical circuit have a continuous, unbroken conductive path for current to flow?",dc1_sec02_002
"Which metals are commonly used to make wires, and why are they suitable for directing electron flow?",dc1_sec02_002
Why can’t electrons keep moving through a wire unless there is both a source and a destination?,dc1_sec02_003
What happens to electron flow when a wire is cut and an air gap separates the ends?,dc1_sec02_003
How does connecting another wire restore a complete path for current?,dc1_sec02_003
Why doesn’t electric current gradually wear away a wire like flowing water can damage a pipe?,dc1_sec02_003
What is the difference between moving electric current and static electricity?,dc1_sec02_003
"What is an electric circuit, and how does it let electrons keep moving continuously?",dc1_sec03_001
Why isn’t an endless supply and storage of electrons needed in a closed loop?,dc1_sec03_001
What happens to electron flow when there is a break anywhere in a circuit?,dc1_sec03_001
Does the position of a circuit break affect whether current can continue flowing?,dc1_sec03_001
Why is an unbroken conductive path necessary for sustained electron movement?,dc1_sec03_001
Why is a complete circuit alone not enough to make electrons flow?,dc1_sec04_001
How does rubbing wax and wool create an electrical force?,dc1_sec04_001
What happens when a wire connects the charged wax and wool?,dc1_sec04_001
How is stored electrical energy similar to water held in a raised reservoir?,dc1_sec04_001
"Why does raising water to a greater height store more energy, according to the analogy?",dc1_sec04_001
How does moving electrons into an imbalance store electrical energy?,dc1_sec04_002
What happens to the stored charge when you touch a metal doorknob after walking on carpet?,dc1_sec04_002
What does voltage measure in relation to electric charge and energy?,dc1_sec04_002
Why must voltage always be measured between two points?,dc1_sec04_002
How is the water-reservoir example used to explain voltage and electron movement?,dc1_sec04_002
Why is voltage always measured between two points?,dc1_sec04_003
How does the water-reservoir analogy explain voltage and energy release?,dc1_sec04_003
What are three different ways voltage can be produced?,dc1_sec04_003
What do the different line lengths in a battery symbol represent?,dc1_sec04_003
How can you identify the positive and negative ends of a battery symbol?,dc1_sec04_003
Why is there voltage across a battery even when nothing is connected to its terminals?,dc1_sec04_004
What does connecting a wire between a battery’s terminals do?,dc1_sec04_004
Why does electron flow stop throughout the circuit when the path is opened?,dc1_sec04_004
"What is direct current, and how does it differ from alternating current?",dc1_sec04_004
Why is the amount of current the same at every point in one continuous circuit?,dc1_sec04_004
Why does the voltage polarity change when the circuit break is moved from between points 2 and 3 to between points 3 and 4?,dc1_sec04_005
What does voltage measure in an electrical circuit?,dc1_sec04_005
Why is voltage always described between two points rather than at one point alone?,dc1_sec04_005
What happens to the voltage when a circuit containing a battery is interrupted?,dc1_sec04_005
"In a single-loop circuit, how does the current compare at different points?",dc1_sec04_005
Why is connecting a battery’s terminals directly with a wire dangerous?,dc1_sec05_001
How does a lamp’s filament produce light when current flows through it?,dc1_sec05_001
What factors affect how much resistance a material has?,dc1_sec05_001
Why does the filament get much hotter than the wires connected to the lamp?,dc1_sec05_001
What is the difference between an open circuit and a closed circuit?,dc1_sec05_001
How does a wall switch control a lamp located far away from it?,dc1_sec05_002
"What parts make up a basic knife switch, and what materials are commonly used?",dc1_sec05_002
How can one knife switch control or interrupt more than one circuit?,dc1_sec05_002
Why are knife switches unsafe for high-power electrical circuits?,dc1_sec05_002
What is the difference between an open switch and a closed switch in terms of electron flow?,dc1_sec05_002
What does electrical resistance measure?,dc1_sec05_003
Why can a short circuit be dangerous when connected to a high-voltage source?,dc1_sec05_003
How is an open circuit different from a closed circuit?,dc1_sec05_003
What is the purpose of a switch in an electrical circuit?,dc1_sec05_003
What happens to electron flow when a switch is open versus closed?,dc1_sec05_003
Why is there a voltage drop across a component that has resistance?,dc1_sec06_001
"Is the current different in the wires, lamp, and battery of a simple circuit?",dc1_sec06_001
What determines how much voltage appears between two points in a circuit?,dc1_sec06_001
Why does a lamp usually have a much larger voltage across it than its connecting wires?,dc1_sec06_001
How does water pressure in a water-wheel system compare with voltage in an electrical circuit?,dc1_sec06_001
Why is electron flow opposite to the direction of conventional current?,dc1_sec07_001
How did Benjamin Franklin’s ideas influence today’s positive and negative charge labels?,dc1_sec07_001
What is the difference between conventional flow notation and electron flow notation?,dc1_sec07_001
Does choosing conventional current or electron flow change the results of circuit analysis?,dc1_sec07_001
Why do some engineers continue to use conventional current notation?,dc1_sec07_001
Why do electrical engineers usually use conventional current direction instead of electron flow?,dc1_sec07_002
What does it mean when an electrical component is nonpolarized?,dc1_sec07_002
Which common circuit components work the same way regardless of current direction?,dc1_sec07_002
Why do arrows in polarized component symbols point opposite to the actual electron movement?,dc1_sec07_002
How does a diode affect a lamp circuit when it is installed in the correct or incorrect direction?,dc1_sec07_002
Why do diode symbols often make conventional current notation seem more intuitive?,dc1_sec07_003
Why did the author ultimately choose electron-flow notation for the textbook?,dc1_sec07_003
How did the author’s first electronics instructor influence his view of electron flow?,dc1_sec07_003
Why are vacuum-tube circuits especially suited to being explained with electron flow?,dc1_sec07_003
What caused the electronics curriculum the author taught to use electron-flow notation?,dc1_sec07_003
Why do some students prefer using electron-flow notation when learning about semiconductors?,dc1_sec07_004
How are electrons visualized in relation to the arrows on polarized device symbols?,dc1_sec07_004
Can a circuit be understood equally well with either flow notation?,dc1_sec07_004
What historical idea is described as the source of confusion about electron and conventional flow?,dc1_sec07_004
What change to the names of electrons and protons does the author jokingly suggest?,dc1_sec07_004
Who identified the mistake in the carbon atom illustration?,dc1_sec08_001
What was wrong with the original carbon atom diagram?,dc1_sec08_001
Who suggested improvements to the definitions of voltage and charge?,dc1_sec08_001
Who worked on the HTML formatting for the second edition?,dc1_sec08_001
Where can I find dates and contact details for the chapter’s contributors?,dc1_sec08_001
What does network analysis mean in the context of electrical circuits?,dc10_sec01_001
Why can adding a second battery prevent a circuit from being simplified using series and parallel rules?,dc10_sec01_001
How does the extra battery change the relationship between R2 and R3?,dc10_sec01_001
Why can’t an unbalanced bridge circuit be analyzed as simple series and parallel sections?,dc10_sec01_001
What makes circuits with several unknown quantities harder to analyze than ordinary series-parallel circuits?,dc10_sec01_001
Why can’t the two-battery circuit be assigned one overall resistance for Ohm’s Law calculations?,dc10_sec01_002
What makes the unbalanced bridge circuit difficult to analyze with ordinary series-and-parallel rules?,dc10_sec01_002
How many equations are needed to solve a circuit with several unknown values?,dc10_sec01_002
What mathematical method can be used when a circuit has multiple unknowns?,dc10_sec01_002
What are network theorems intended to help avoid in circuit analysis?,dc10_sec01_002
What is the basic idea behind the branch current method?,dc10_sec02_001
How do you choose the reference node and label the unknown currents?,dc10_sec02_001
What does a negative current result mean in this method?,dc10_sec02_001
How should resistor voltage polarities be assigned from the assumed current directions?,dc10_sec02_001
How are Kirchhoff’s Current Law and Voltage Law used to create the equations?,dc10_sec02_001
Why are the resistor voltage drops rewritten as current multiplied by resistance?,dc10_sec02_002
How do the two loop equations and one node equation form a solvable system?,dc10_sec02_002
What current values result from solving the three simultaneous equations?,dc10_sec02_002
What does it mean when the calculated value of I3 is negative?,dc10_sec02_002
Why are the equations rearranged so constants appear on the right side of the equals sign?,dc10_sec02_002
What determines whether one battery forces current backward through another in a circuit?,dc10_sec02_003
How can resistor voltage drops be found once the branch currents are known?,dc10_sec02_003
What voltage values did the SPICE analysis produce across the three resistors?,dc10_sec02_003
How does SPICE indicate the polarity of a voltage between two nodes?,dc10_sec02_003
What are the main steps in the branch current method of circuit analysis?,dc10_sec02_003
What is another name for the Mesh Current Method?,dc10_sec03_001
Which electrical laws are used in the Mesh Current Method?,dc10_sec03_001
How does the Mesh Current Method differ from the Branch Current Method?,dc10_sec03_001
Does the Mesh Current Method require Kirchhoff’s Current Law?,dc10_sec03_001
Why can the Mesh Current Method be easier to solve than the Branch Current Method?,dc10_sec03_001
What is the first step when applying the mesh current method to a circuit?,dc10_sec04_001
How should the directions of mesh currents be chosen?,dc10_sec04_001
What does a negative mesh-current result indicate?,dc10_sec04_001
Why is the current through a shared resistor written as the sum of two mesh currents in this example?,dc10_sec04_001
Why are two Kirchhoff voltage-law equations needed for the two-loop circuit?,dc10_sec04_001
What does a negative mesh current result mean about the direction originally assumed?,dc10_sec04_002
How do you find the actual current through a resistor shared by two meshes?,dc10_sec04_002
"What are the voltage drops across R1, R2, and R3 in the example?",dc10_sec04_002
Why does mesh analysis usually require fewer equations than the branch-current method?,dc10_sec04_002
How many unknown currents and equations are needed for the larger circuit using each method?,dc10_sec04_002
Why is the mesh current method useful for solving an unbalanced Wheatstone bridge?,dc10_sec04_003
Why can’t this bridge circuit be reduced using ordinary series-parallel analysis?,dc10_sec04_003
"How many mesh currents are needed for the example bridge, and why are three required?",dc10_sec04_003
How should resistor voltage polarities be assigned when setting up mesh currents?,dc10_sec04_003
How are shared-resistor voltage drops written when mesh currents flow in the same or opposite directions?,dc10_sec04_003
Why does the shared resistor use the current difference I₂ − I₃ in the mesh equation?,dc10_sec04_004
Does it matter whether the shared-resistor term is written as 300(I₂ − I₃) or 300(I₃ − I₂)?,dc10_sec04_004
How is the third KVL equation formed so that it includes the battery voltage?,dc10_sec04_004
How can Octave solve the three mesh-current equations?,dc10_sec04_004
What does a negative value for I₁ indicate about the chosen current direction?,dc10_sec04_004
What does a negative mesh-current result indicate about the direction chosen for that current?,dc10_sec04_005
How should the current through a resistor shared by two meshes be written when the mesh currents flow in opposite directions?,dc10_sec04_005
What are the main steps for solving a circuit with the mesh-current method?,dc10_sec04_005
"Why was the path of current I3 changed in the example, and which resistors does the new path use?",dc10_sec04_005
How can you calculate the voltage drop across each resistor after finding the mesh currents?,dc10_sec04_005
Why are all mesh currents assumed to flow counterclockwise in the inspection method?,dc10_sec05_001
How are the diagonal and off-diagonal resistor coefficients chosen when writing mesh equations?,dc10_sec05_001
How should a voltage source be represented on the right side of a mesh equation?,dc10_sec05_001
What should be done with a current source that is parallel to a resistor before using this method?,dc10_sec05_001
"After finding the mesh currents, how can you determine the current and voltage in individual resistors?",dc10_sec05_001
How do I enter the mesh equations into Octave and solve for the unknown currents?,dc10_sec05_002
What does it mean when all three calculated mesh currents are positive?,dc10_sec05_002
How is the sign of a voltage source chosen when all mesh currents are assumed counterclockwise?,dc10_sec05_002
Why is the 28 V source positive but the 7 V source negative in the example equations?,dc10_sec05_002
What values are obtained for I₁ and I₂ in the two-loop example?,dc10_sec05_002
What is the node voltage method used to find in a DC circuit?,dc10_sec06_001
Why are voltage sources changed into equivalent current sources in this method?,dc10_sec06_001
"How do you convert a resistor’s value into conductance, and what unit is used?",dc10_sec06_001
"How is the reference node selected, and what do the other node voltages represent?",dc10_sec06_001
What do the diagonal and off-diagonal coefficients in the node-voltage equations mean?,dc10_sec06_001
How does the node voltage method find unknown voltages in a circuit with conductances and current sources?,dc10_sec06_002
Why are the diagonal entries in the conductance matrix positive while the other entries are negative?,dc10_sec06_002
What values were obtained for the three node voltages in the example?,dc10_sec06_002
How should rows and columns be separated when entering the conductance matrix in Octave?,dc10_sec06_002
"What is the relationship between conductance and resistance, and what unit is used for conductance?",dc10_sec06_002
What basic electrical laws are network theorems built from?,dc10_sec07_001
Why are shortcut methods useful when analyzing electric circuits?,dc10_sec07_001
How are network theorems related to theorems in geometry or algebra?,dc10_sec07_001
Can any circuit be analyzed using Ohm’s Law and Kirchhoff’s Laws?,dc10_sec07_001
How could you check whether a network theorem gives the correct result?,dc10_sec07_001
When can Millman’s Theorem be used to analyze a circuit?,dc10_sec08_001
What does Millman’s Theorem calculate for a parallel network?,dc10_sec08_001
How should battery polarities be represented when applying Millman’s equation?,dc10_sec08_001
How do you find the voltage drop across each branch resistor after calculating the network voltage?,dc10_sec08_001
Why must resistor voltage polarity be used to determine branch current direction?,dc10_sec08_001
What kind of circuit is Millman’s Theorem useful for analyzing?,dc10_sec08_002
Why can Millman’s Theorem be preferable to regular series-parallel reduction?,dc10_sec08_002
What is one important limitation of Millman’s Theorem?,dc10_sec08_002
Why might finding the voltage across each individual resistor be difficult when using this theorem?,dc10_sec08_002
How should voltage polarities be referenced when applying Millman’s Theorem?,dc10_sec08_002
How does the superposition theorem simplify a circuit with multiple power sources?,dc10_sec09_001
What should you do with inactive voltage and current sources when applying superposition?,dc10_sec09_001
Why must voltage and current contributions be added with their signs and directions in mind?,dc10_sec09_001
Can superposition be used to calculate total power dissipation in a circuit?,dc10_sec09_001
What types of circuits or components cannot be analyzed using the superposition theorem?,dc10_sec09_001
What does it mean for a circuit component to be bilateral?,dc10_sec09_002
Why are resistors suitable for circuits analyzed with the Superposition Theorem?,dc10_sec09_002
How can superposition be used when AC and DC sources are present together?,dc10_sec09_002
What does the Superposition Theorem say about analyzing circuits with multiple power sources?,dc10_sec09_002
How should voltage and current sources be replaced when analyzing one source at a time?,dc10_sec09_002
What kind of circuit can be replaced by a Thevenin equivalent?,dc10_sec10_001
What two elements make up a Thevenin equivalent circuit?,dc10_sec10_001
Why is Thevenin’s Theorem useful when the load resistance keeps changing?,dc10_sec10_001
What happens to the load resistor when creating a Thevenin equivalent?,dc10_sec10_001
How should the load’s voltage and current compare in the original and equivalent circuits?,dc10_sec10_001
1. How do you find the Thevenin voltage after removing the load resistor?,dc10_sec10_002
2. What should you do to the circuit’s power sources when calculating Thevenin resistance?,dc10_sec10_002
3. What are the Thevenin voltage and resistance in this example?,dc10_sec10_002
4. How can the voltage and current through the 2 Ω load be found using the equivalent circuit?,dc10_sec10_002
5. Why is replacing a complex network with its Thevenin equivalent useful when the load resistance changes?,dc10_sec10_002
What does a Thevenin equivalent circuit consist of?,dc10_sec10_003
How do you determine the Thevenin voltage in a circuit?,dc10_sec10_003
What changes are made to the circuit when finding its Thevenin resistance?,dc10_sec10_003
Where is the load resistor connected in the Thevenin replacement circuit?,dc10_sec10_003
Why is the Thevenin method useful when testing different load-resistor values?,dc10_sec10_003
What kind of circuit can be replaced using Norton’s Theorem?,dc10_sec11_001
How do you find the Norton current after removing the load?,dc10_sec11_001
How is the Norton resistance calculated from the original circuit?,dc10_sec11_001
What is the difference between finding Norton current and finding Thevenin voltage?,dc10_sec11_001
Why can the Norton equivalent be analyzed as a parallel circuit with the load?,dc10_sec11_001
What does a Norton equivalent circuit consist of?,dc10_sec11_002
How do you determine the Norton source current?,dc10_sec11_002
How is Norton resistance calculated after removing the power sources?,dc10_sec11_002
Where is the load resistor connected in a Norton equivalent circuit?,dc10_sec11_002
Why is a Norton equivalent useful when testing different load resistance values?,dc10_sec11_002
How are Thevenin and Norton resistances related for the same circuit?,dc10_sec12_001
How can you calculate Thevenin voltage from Norton current and resistance?,dc10_sec12_001
What happens to the load-terminal voltage when the circuit is open-circuited?,dc10_sec12_001
How is Norton current found using Thevenin voltage and resistance?,dc10_sec12_001
Why do Thevenin and Norton equivalent circuits behave the same way at the load terminals?,dc10_sec12_001
1. How does Millman’s equation relate to converting Thevenin circuits into Norton equivalents?,dc10_sec13_001
2. How are the Norton source currents combined when several branches are connected in parallel?,dc10_sec13_001
3. What happens to the branch resistances when they are converted into the equivalent Norton circuit?,dc10_sec13_001
4. Why does a branch with only a resistor contribute zero current in Millman’s calculation?,dc10_sec13_001
5. How can Ohm’s law be used to find the voltage across the combined Norton source and resistance?,dc10_sec13_001
What load resistance gives the highest power in a circuit described by a Thevenin or Norton equivalent?,dc10_sec14_001
Why does a load resistance that is either too high or too low receive less power?,dc10_sec14_001
How is maximum power matching used when designing radio transmitters?,dc10_sec14_001
Does maximum power transfer also mean the circuit is operating at maximum efficiency?,dc10_sec14_001
"What is the damping factor in an audio amplifier, and what impedance relationship does it describe?",dc10_sec14_001
What does the Maximum Power Transfer Theorem say about the load resistance and the source network’s resistance?,dc10_sec14_002
Why doesn’t maximum power transfer also mean maximum efficiency?,dc10_sec14_002
How are high-fidelity audio amplifiers typically matched to their speakers?,dc10_sec14_002
What does the damping factor describe in an audio amplifier and speaker system?,dc10_sec14_002
Why might a radio-frequency amplifier choose an impedance mismatch instead of maximum power transfer?,dc10_sec14_002
What are the main differences between Delta and Y resistor networks?,dc10_sec15_001
How can a Delta network be replaced with an equivalent Y network?,dc10_sec15_001
Why are Delta-Y conversions useful when solving an unbalanced bridge circuit?,dc10_sec15_001
"Which circuit analysis methods are described as unhelpful for the bridge example, and why?",dc10_sec15_001
"What happens to the voltages at points A, B, and C after the Delta-Y conversion?",dc10_sec15_001
How can converting part of a bridge circuit from delta to Y make it easier to analyze?,dc10_sec15_002
What does it mean for delta and Y resistor networks to be electrically equivalent?,dc10_sec15_002
What are the other names for delta and Y network configurations?,dc10_sec15_002
"After solving the voltages at points A, B, and C, how are those results used in the original bridge circuit?",dc10_sec15_002
How can Ohm’s law be used to find the currents through the five resistors?,dc10_sec15_002
Who suggested clarifying the explanation of the mesh-current analysis method?,dc10_sec16_001
What kind of errors did Bill Heath identify in December 2002?,dc10_sec16_001
Who worked on the HTML formatting for the second edition?,dc10_sec16_001
When did Davy Van Nieuwenborgh contribute to the chapter?,dc10_sec16_001
Where can readers find dates and contact details for the contributors?,dc10_sec16_001
Which book is listed as the basic electrical engineering reference?,dc10_sec17_001
Where can I find Tony Kuphaldt’s material on using the SPICE circuit simulator?,dc10_sec17_001
What software is recommended as an open-source matrix calculator?,dc10_sec17_001
Where is the “Damping Factor De-Mystified” reference available online?,dc10_sec17_001
"Who holds the copyright for Lessons in Electric Circuits, and what license applies?",dc10_sec17_001
"1. What roles do electrons, protons, and neutrons play in an atom?",dc11_sec01_001
2. Why is an atom’s chemical identity harder to change than its electrons?,dc11_sec01_001
"3. How can heat, light, or friction affect chemical bonds?",dc11_sec01_001
"4. What is a chemical bond, and how does a covalent bond work?",dc11_sec01_001
"5. How can the same element, such as carbon, form materials with very different properties?",dc11_sec01_001
How does an ionic bond differ from a covalent bond?,dc11_sec01_002
What do oxidation and reduction mean in terms of electron transfer?,dc11_sec01_002
What does the OIL RIG mnemonic stand for?,dc11_sec01_002
Why can an atom’s oxidation state be shown with numbers such as +2 or (II)?,dc11_sec01_002
How does a voltaic cell use chemical reactions to produce electric current?,dc11_sec01_002
What materials make up the positive and negative electrodes in a typical lead-acid battery?,dc11_sec01_003
What chemical changes occur at the lead dioxide electrode when a lead-acid cell is supplying power?,dc11_sec01_003
Why does the negative lead electrode become electrically negative during discharge?,dc11_sec01_003
What does a lead-acid cell contain when it has been completely discharged?,dc11_sec01_003
How can a hydrometer indicate the charge level of a lead-acid battery?,dc11_sec01_003
What causes electrons to move between a cell’s electrodes and electrolyte?,dc11_sec01_004
Why do different types of cells produce different voltages?,dc11_sec01_004
How does a secondary cell differ from a primary cell?,dc11_sec01_004
What happens chemically when a lead-acid cell is recharged?,dc11_sec01_004
How can a hydrometer indicate the charge level of a lead-acid cell?,dc11_sec01_004
What is the difference between a single cell and a battery?,dc11_sec02_001
How do cells connected in series change a battery’s voltage?,dc11_sec02_001
Why does making a cell physically larger increase its available current?,dc11_sec02_001
What does internal resistance do to a battery’s current output?,dc11_sec02_001
How much current does the real 10-volt battery supply through a 1-ohm load when its internal resistance is 0.2 ohms?,dc11_sec02_001
Why can’t a real battery deliver unlimited current during a short circuit?,dc11_sec02_002
How does a battery’s internal resistance affect the voltage available to a connected load?,dc11_sec02_002
Why are battery cells connected in parallel when more current capacity is needed?,dc11_sec02_002
What happens to the voltage and internal resistance when five identical cells are connected in parallel?,dc11_sec02_002
How does connecting cells in series differ from connecting them in parallel?,dc11_sec02_002
How are amp-hours related to coulombs?,dc11_sec03_001
How long should a 1 amp-hour battery last when supplying 2 amps?,dc11_sec03_001
Why might a real battery run out sooner than the amp-hour calculation predicts?,dc11_sec03_001
What does a 70 amp-hour car battery rated at 3.5 amps theoretically provide?,dc11_sec03_001
Why can a battery’s capacity be lower than expected with a very small load or after many years?,dc11_sec03_001
How long would it take to charge a 70 amp-hour battery at 7 amps?,dc11_sec03_002
"What are the approximate capacities of a typical car battery, a D-size carbon-zinc battery, and a 9-volt carbon-zinc battery?",dc11_sec03_002
Why can a battery’s terminal voltage look normal even when the battery is nearly depleted?,dc11_sec03_002
What is the best way to test whether a battery is truly in good condition?,dc11_sec03_002
Why must a load resistor used for testing a large battery have a high power rating?,dc11_sec03_002
What voltage did mercury standard cells typically produce?,dc11_sec04_001
Why couldn’t mercury standard cells be tested safely with an ordinary analog voltmeter?,dc11_sec04_001
How did saturated and unsaturated mercury cells differ in stability?,dc11_sec04_001
What has replaced mercury standard cells as modern voltage references?,dc11_sec04_001
What are the main waste products of a hydrogen-oxygen fuel cell?,dc11_sec04_001
Why are fuel cells considered promising for future power generation and hybrid vehicles?,dc11_sec04_002
How does a solar cell turn light into electrical power?,dc11_sec04_002
What makes solar cells useful despite their relatively low efficiency?,dc11_sec04_002
Why is the cost of producing solar cells still so high?,dc11_sec04_002
How do chemical detection cells measure the concentration of gases such as oxygen?,dc11_sec04_002
Why do batteries connected in series need to have the same amp-hour rating?,dc11_sec05_001
What can happen if batteries with different voltages are connected in parallel?,dc11_sec05_001
How should fuses be arranged to protect a parallel battery bank?,dc11_sec05_001
What do cycling and depth of cycle mean for rechargeable batteries?,dc11_sec05_001
Why does overcharging shorten the life of lead-acid batteries?,dc11_sec05_001
Why can water-based batteries produce hydrogen gas?,dc11_sec05_002
What makes hydrogen around a battery a serious explosion hazard?,dc11_sec05_002
Where should the final charging connection be made to reduce the risk of igniting hydrogen?,dc11_sec05_002
"How is hydrogen removed from large, permanently installed battery banks?",dc11_sec05_002
What happens to voltage and amp-hour capacity when batteries are connected in series or parallel?,dc11_sec05_002
Who contributed to the Batteries and Power Systems chapter?,dc11_sec06_001
What work did Jason Starck contribute in June 2000?,dc11_sec06_001
When did John Anhalt update the lead-acid cell chemistry section?,dc11_sec06_001
How are the chapter’s contributors arranged in the list?,dc11_sec06_001
Where can I find dates and contact information for the contributors?,dc11_sec06_001
What references are listed for the chapter on batteries and power systems?,dc11_sec07_001
Which DOE publication is cited in the bibliography?,dc11_sec07_001
When was the DOE handbook on lead-acid storage batteries published?,dc11_sec07_001
Who wrote the article about gas recombination in lead-acid batteries?,dc11_sec07_001
Where can the two cited battery references be found online?,dc11_sec07_001
What makes a material a conductor instead of an insulator?,dc12_sec01_001
How does an electron’s energy determine whether it can contribute to electric current?,dc12_sec01_001
Why is counting the electrons in an atom’s outer shell not enough to predict conductivity?,dc12_sec01_001
Why do graphite and diamond conduct electricity so differently even though both are made of carbon?,dc12_sec01_001
How are electrons described differently from tiny planets orbiting an atomic nucleus?,dc12_sec01_001
Why does silicon carbide become less resistive when more voltage is applied?,dc12_sec01_002
What makes metals conduct electricity so well?,dc12_sec01_002
How do the electron arrangements in materials affect their conductivity?,dc12_sec01_002
Why do circuits need both conductive paths and insulating materials?,dc12_sec01_002
Why can ordinary wires have a voltage drop even though they are treated as having zero resistance?,dc12_sec01_002
1. Why does a thicker wire offer less resistance to electron flow?,dc12_sec02_001
2. What is the main advantage of stranded wire compared with solid wire?,dc12_sec02_001
3. Why is a wire’s cross-sectional area more useful than its diameter when describing its size?,dc12_sec02_001
4. How do you convert a wire diameter given in inches into mils?,dc12_sec02_001
"5. What is a circular mil, and why is it used for measuring wire area?",dc12_sec02_001
How are circular mils related to square mils when measuring wire cross-sectional area?,dc12_sec02_002
What does a higher or lower wire gauge number indicate about the wire’s thickness?,dc12_sec02_002
What does the notation “3/0” mean in the wire gauge system?,dc12_sec02_002
Which wire gauge standard is commonly used for electrical conductors in the United States?,dc12_sec02_002
Why are very large wires usually specified in thousands of circular mils instead of gauge numbers?,dc12_sec02_002
Why are busbars used instead of round wires in some high-current applications?,dc12_sec02_003
What materials are busbars commonly made from?,dc12_sec02_003
How are bare busbars kept separated from the metal structures supporting them?,dc12_sec02_003
Why can circular mils be used to describe the area of square or rectangular busbars?,dc12_sec02_003
What does a larger wire-gauge number indicate about the wire’s size?,dc12_sec02_003
Why can a thinner wire carry less current than a thicker wire of the same length?,dc12_sec03_001
What does the term ampacity mean in electrical wiring?,dc12_sec03_001
Why are wire ampacity ratings often limited by the insulation instead of the copper itself?,dc12_sec03_001
How does insulation type affect the maximum current a copper wire can safely carry?,dc12_sec03_001
What do the letters in a THWN wire designation tell you about the wire?,dc12_sec03_001
What do the letters in the wire designation “THWN” indicate?,dc12_sec03_002
Why don’t high-power conductors use only a few standard insulation letter codes?,dc12_sec03_002
How are overhead power-line conductors supported and built to handle wind and their own weight?,dc12_sec03_002
Why is enamel insulation useful for the thin wire in electromagnet coils?,dc12_sec03_002
Why can thinner wires carry less current than thicker wires?,dc12_sec03_002
How does a fuse protect a circuit when too much current flows?,dc12_sec04_001
Why must a fuse be placed in series with the component it protects?,dc12_sec04_001
What is the purpose of the sheath around a fuse wire?,dc12_sec04_001
How do small circuit breakers detect and respond to overcurrent?,dc12_sec04_001
Why are circuit breakers generally installed more permanently than fuses?,dc12_sec04_001
How does a circuit breaker differ from a fuse after an overcurrent event?,dc12_sec04_002
"What are fusible links, and where are they commonly used?",dc12_sec04_002
Why are fuses designed with very short wire elements?,dc12_sec04_002
Why do fuses have voltage ratings in addition to amp ratings?,dc12_sec04_002
What makes a fuse a slow-blow fuse rather than a fast-acting one?,dc12_sec04_002
Why are slow-blow fuses useful for protecting electric motors?,dc12_sec04_003
How do semiconductor fuses differ from slow-blow fuses?,dc12_sec04_003
Why should a fuse be installed on the hot side rather than the neutral side?,dc12_sec04_003
What is the main purpose of fuses and circuit breakers?,dc12_sec04_003
Why can’t ordinary overcurrent protection devices be relied on to prevent electric shock?,dc12_sec04_003
What is the main purpose of a fuse in an electrical circuit?,dc12_sec04_004
How does a circuit breaker interrupt current during an overcurrent event?,dc12_sec04_004
"Besides its maximum current, what other rating is important for a fuse?",dc12_sec04_004
Can fuses be made to respond at different speeds to the same current level?,dc12_sec04_004
"Where should a fuse be placed in a grounded power system, and why?",dc12_sec04_004
Why can wire resistance be a problem even when the wiring is within its safe ampacity rating?,dc12_sec05_001
How much voltage drop can each wire have if a 230-volt source must deliver at least 220 volts to the load?,dc12_sec05_001
"What formula relates a conductor’s resistance to its material, length, and cross-sectional area?",dc12_sec05_001
How does increasing wire length or cross-sectional area affect its resistance?,dc12_sec05_001
What units should be used for length and area when using specific resistance values in ohm-cmil per foot?,dc12_sec05_001
What units should I use for wire length and cross-sectional area when specific resistance is given in Ω-meter or Ω-centimeter?,dc12_sec05_002
When is Ω-cmil/ft more convenient than Ω-meter or Ω-centimeter for calculating wire resistance?,dc12_sec05_002
Why was 2/0 copper wire selected instead of 1/0 wire for the 2300-foot circuit?,dc12_sec05_002
Why could 14-gauge wire safely carry the current but still be a poor choice for this circuit?,dc12_sec05_002
How did the resistance of the 14-gauge wire affect the circuit’s maximum current from a 230-volt source?,dc12_sec05_002
How do I calculate the cross-sectional area of the aluminum busbar in this example?,dc12_sec05_003
"What formula is used to find a conductor’s resistance from its specific resistance, length, and area?",dc12_sec05_003
Why does increasing a conductor’s cross-sectional area lower its resistance?,dc12_sec05_003
What specific resistance value is given for aluminum in ohm-centimeters?,dc12_sec05_003
Why should wire resistance be calculated before choosing a wire size when voltage drop matters?,dc12_sec05_003
"What does the temperature coefficient of resistance, α, represent?",dc12_sec06_001
"How does heating affect the resistance of pure metals compared with carbon, silicon, and germanium?",dc12_sec06_001
Why are metal alloys with nearly zero temperature coefficients useful for precision resistors?,dc12_sec06_001
What happened to the load voltage and wire voltage drop when the copper wires warmed from 20°C to 35°C?,dc12_sec06_001
Why must power companies account for temperature-related resistance changes in long transmission lines?,dc12_sec06_001
Why are specific-resistance values usually given at a standard temperature?,dc12_sec06_002
"What does the temperature coefficient of resistance, α, describe?",dc12_sec06_002
What happens to a pure metal’s resistance as its temperature rises?,dc12_sec06_002
How does a negative temperature coefficient affect resistance when temperature increases?,dc12_sec06_002
Which materials commonly have negative temperature coefficients of resistance?,dc12_sec06_002
What happens to a conductor’s electrical resistance when it becomes superconducting?,dc12_sec07_001
"Who discovered superconductivity, and how was it first observed in mercury?",dc12_sec07_001
"What are Cooper pairs, and how might they explain superconductivity?",dc12_sec07_001
What practical benefits could superconducting circuits and motors provide?,dc12_sec07_001
How do temperature and magnetic fields affect a material’s ability to remain superconducting?,dc12_sec07_001
Why can’t a superconducting wire carry unlimited current even though it has no resistance?,dc12_sec07_002
How does the Meissner effect demonstrate superconductivity in classroom kits?,dc12_sec07_002
Can a superconducting ring keep current flowing without a voltage applied?,dc12_sec07_002
Why is a superconducting circuit considered energy storage rather than a source of free energy?,dc12_sec07_002
"What is a Josephson junction, and how could it be used in computer circuits?",dc12_sec07_002
What happens to an insulator when the applied voltage rises above its threshold?,dc12_sec08_001
How does current through an insulator differ from current through a conductor as voltage increases?,dc12_sec08_001
"What does breakdown voltage, or dielectric strength, mean?",dc12_sec08_001
How does the thickness of an insulating material affect the voltage it can withstand?,dc12_sec08_001
What units are commonly used to specify an insulator’s dielectric strength?,dc12_sec08_001
What kind of resistance data is provided for elemental materials?,dc12_sec09_001
Are the materials in the resistance tables alloys or pure elements?,dc12_sec09_001
Which reference was used for the specific resistance and temperature coefficient tables?,dc12_sec09_001
What information does the superconductor table contain?,dc12_sec09_001
Which publication supplied the superconductor critical-temperature data?,dc12_sec09_001
Who contributed to the Physics of Conductors and Insulators chapter?,dc12_sec10_001
What did Aaron Forster contribute to the chapter?,dc12_sec10_001
When did Aaron Forster correct the typographical error?,dc12_sec10_001
What work did Jason Starck complete for the second edition?,dc12_sec10_001
"Who holds the copyright for Lessons In Electric Circuits, and under what license?",dc12_sec10_001
What happens in the space between two conductors when a voltage exists between them?,dc13_sec01_001
How is an electric field different from electric current in terms of where it can exist?,dc13_sec01_001
What everyday example does the chapter use to make the idea of fields easier to understand?,dc13_sec01_001
"What are the two ways a field is measured, and what does each one describe?",dc13_sec01_001
How does the insulating material between conductors affect electric field flux?,dc13_sec01_001
How can a capacitor collect extra electrons even when there isn’t a complete circuit path for current to flow?,dc13_sec01_002
What is the basic physical construction shared by different types of capacitors?,dc13_sec01_002
What does the standard capacitor symbol represent in a circuit diagram?,dc13_sec01_002
What happens to the electrons on each plate when a voltage is applied across a capacitor?,dc13_sec01_002
Why do capacitors oppose sudden changes in the voltage across them?,dc13_sec01_002
Why does a capacitor resist sudden changes in voltage?,dc13_sec01_003
What happens to current when a capacitor is charging or discharging?,dc13_sec01_003
Why do real capacitors eventually lose their stored charge?,dc13_sec01_003
What happens when an uncharged capacitor is connected to a voltage source?,dc13_sec01_003
How does the dielectric material affect a capacitor’s ability to store charge?,dc13_sec01_003
What does capacitance tell you about a capacitor’s ability to store energy?,dc13_sec01_004
What unit is used to measure capacitance?,dc13_sec01_004
How does a capacitor respond when the voltage across it increases?,dc13_sec01_004
What happens when a capacitor’s voltage decreases?,dc13_sec01_004
What older name might you see for a capacitor in older electronics materials?,dc13_sec01_004
How are a capacitor’s instantaneous current and changing voltage related?,dc13_sec02_001
What does the notation dv/dt mean in a capacitor circuit?,dc13_sec02_001
Why does a capacitor draw no current when its voltage stays constant?,dc13_sec02_001
How does a capacitor differ from a resistor regarding the importance of time?,dc13_sec02_001
What happens to the capacitor voltage when the potentiometer wiper is moved upward slowly?,dc13_sec02_001
How does a capacitor’s current change when the voltage across it rises faster?,dc13_sec02_002
What does a steady voltage increase do to the capacitor’s current and charge buildup?,dc13_sec02_002
How is capacitor current related to the time derivative of its voltage?,dc13_sec02_002
What happens to capacitor current when the potentiometer wiper stops moving?,dc13_sec02_002
What do steep and gentle slopes on a capacitor-voltage graph indicate about current?,dc13_sec02_002
What happens to the capacitor when its voltage is lowered by moving the potentiometer wiper down?,dc13_sec02_003
Why does the capacitor’s current reverse direction when its voltage decreases?,dc13_sec02_003
How does a discharging capacitor act like a battery in the circuit?,dc13_sec02_003
"For the same rate of voltage change, how do increasing and decreasing voltage compare in current magnitude?",dc13_sec02_003
What does a negative value of dv/dt indicate in the capacitor equation i = C(dv/dt)?,dc13_sec02_003
What three physical features determine how much capacitance a capacitor has?,dc13_sec03_001
How does increasing the plate area affect a capacitor’s capacitance?,dc13_sec03_001
Why does bringing the capacitor plates closer together increase capacitance?,dc13_sec03_001
What does a dielectric material’s relative permittivity indicate?,dc13_sec03_001
How does a variable capacitor change its value when its shaft is rotated?,dc13_sec03_001
What happens to the total capacitance when capacitors are connected in series?,dc13_sec04_001
How do you find the combined capacitance of capacitors connected in parallel?,dc13_sec04_001
Why is a series capacitor combination equivalent to increased plate spacing?,dc13_sec04_001
Why does adding capacitors in parallel increase the total capacitance?,dc13_sec04_001
How do capacitor combinations behave opposite to resistor combinations?,dc13_sec04_001
What can happen if a capacitor is exposed to more voltage than it is designed to handle?,dc13_sec05_001
Why do electrolytic capacitors need to be connected with the correct polarity?,dc13_sec05_001
How can a real capacitor be modeled differently from an ideal one?,dc13_sec05_001
Why does making a capacitor’s dielectric thicker usually reduce its capacitance?,dc13_sec05_001
"How do the 2 µF, 2000-volt capacitor and the 20,000 µF, 35-volt capacitor illustrate the trade-off between capacitance and voltage rating?",dc13_sec05_001
Which types of capacitors need to be connected with the correct polarity?,dc13_sec05_002
How can you tell which lead is negative on an electrolytic capacitor?,dc13_sec05_002
"Why can ceramic, mylar, plastic film, and air capacitors be installed either way around?",dc13_sec05_002
"What are tantalum capacitors, and why are they useful when space is limited?",dc13_sec05_002
"How are capacitors identified on a circuit board, including surface-mount boards?",dc13_sec05_002
How are the capacitor chapter’s contributors organized in the list?,dc13_sec06_001
"Who supplied the capacitor-type photographs, and when did they contribute?",dc13_sec06_001
What work did Jason Starck do for the second edition?,dc13_sec06_001
Where can I find contributor dates and contact details?,dc13_sec06_001
"Who holds the copyright for Lessons In Electric Circuits, and under what license is it released?",dc13_sec06_001
"What is lodestone, and how was it used for navigation?",dc14_sec01_001
Why can’t a magnet’s north or south pole be separated by cutting it in half?,dc14_sec01_001
How do like and unlike magnetic poles interact?,dc14_sec01_001
What do iron filings show when they are placed around a magnet?,dc14_sec01_001
"According to modern theory, what produces the magnetic field of a permanent magnet?",dc14_sec01_001
Why does an unmagnetized piece of iron get pulled toward a permanent magnet regardless of which pole is nearby?,dc14_sec01_002
What does it mean for a material to be ferromagnetic?,dc14_sec01_002
How are paramagnetic and diamagnetic materials different?,dc14_sec01_002
Why are diamagnetic materials pushed away by an external magnetic field?,dc14_sec01_002
"What is retentivity, and why is it important for making a permanent magnet?",dc14_sec01_002
What did Oersted discover when he ran current through a wire near a compass?,dc14_sec02_001
How does the left-hand rule show the direction of the magnetic field around a wire?,dc14_sec02_001
Why does coiling a wire produce a stronger magnetic field than using a straight wire?,dc14_sec02_001
What does magnetomotive force depend on in a coil?,dc14_sec02_001
How can an electromagnet be used to make a relay open or close a switch?,dc14_sec02_001
How can a relay be designed to control several switch contacts?,dc14_sec02_002
What happens to a reverse relay’s contacts when its coil is powered or unpowered?,dc14_sec02_002
What kind of magnetic field forms around a wire carrying electron current?,dc14_sec02_002
How does coiling a wire affect the strength and direction of its magnetic field?,dc14_sec02_002
What two factors determine the magnetomotive force of an electromagnet?,dc14_sec02_002
What magnetic quantity is comparable to voltage in an electrical circuit?,dc14_sec03_001
How do field intensity and flux density differ?,dc14_sec03_001
What does reluctance represent in a magnetic circuit?,dc14_sec03_001
"What are the cgs, mks, rmks, and SI measurement systems?",dc14_sec03_001
How is permeability related to a material’s ability to carry magnetic flux?,dc14_sec03_001
"How is the magnetic-circuit relationship between field force, flux, and reluctance similar to Ohm’s law?",dc14_sec03_002
How does permeability relate to reluctance and electrical resistance?,dc14_sec03_002
What effect does the length of a magnetic material have on its opposition to magnetic flux?,dc14_sec03_002
Why does increasing a material’s cross-sectional area reduce its reluctance?,dc14_sec03_002
Why is the magnetic version of Ohm’s law nonlinear and harder to use than the electrical version?,dc14_sec03_002
What do the horizontal and vertical axes represent on a normal magnetization curve?,dc14_sec04_001
Why does a ferromagnetic material eventually become saturated as field intensity increases?,dc14_sec04_001
Do air-core electromagnets experience magnetic saturation?,dc14_sec04_001
What does magnetic hysteresis mean in a ferromagnetic material?,dc14_sec04_001
What happens to a material’s magnetization after the current in an electromagnet’s coil is turned off?,dc14_sec04_001
What happens to the magnetic flux when current is removed from the electromagnet coil?,dc14_sec04_002
Why does reversing the magnetic field produce flux in the opposite direction?,dc14_sec04_002
How is a hysteresis curve formed for a ferromagnetic material?,dc14_sec04_002
Why can hysteresis cause problems in AC electromagnets and precise magnetic systems?,dc14_sec04_002
How is magnetic hysteresis useful for data storage and reducing high-frequency noise?,dc14_sec04_002
What does permeability describe in a magnetic material?,dc14_sec04_003
What kind of graph shows the relationship between field intensity and flux density?,dc14_sec04_003
What happens when a ferromagnetic material cannot accept any more magnetic flux?,dc14_sec04_003
How can retentivity affect the remagnetization of a ferromagnetic substance?,dc14_sec04_003
What is the name of the condition caused by resistance to magnetizing a material in the opposite direction?,dc14_sec04_003
What conditions are needed for a changing magnetic field to produce voltage in a wire?,dc14_sec05_001
How does moving a permanent magnet near a coil generate an electrical voltage?,dc14_sec05_001
What do the symbols in Faraday’s equation e = N(dΦ/dt) represent?,dc14_sec05_001
Why does a coil with more turns produce a greater induced voltage?,dc14_sec05_001
"How does a changing current create self-induction, and what component uses this effect?",dc14_sec05_001
What does mutual inductance mean in a pair of nearby coils?,dc14_sec06_001
How does a transformer create mutual inductance between its coils?,dc14_sec06_001
Why can’t steady DC normally produce mutual induction?,dc14_sec06_001
How does the number of turns affect a transformer’s output voltage and current?,dc14_sec06_001
What is the difference between a step-up transformer and a step-down transformer?,dc14_sec06_001
"Who contributed to the Magnetism and Electromagnetism chapter, and when?",dc14_sec07_001
How are the chapter’s contributors ordered in the list?,dc14_sec07_001
Where can I find dates and contact details for the contributors?,dc14_sec07_001
What work did Jason Starck do in June 2000?,dc14_sec07_001
What copyright and license terms apply to Lessons In Electric Circuits?,dc14_sec07_001
How does electric current create a magnetic field around a conductor?,dc15_sec01_001
What is the difference between magnetic field force and magnetic field flux?,dc15_sec01_001
How does magnetic flux compare with electric current and resistance?,dc15_sec01_001
Why are inductors made from wire wound into coils?,dc15_sec01_001
How does increasing the current through an inductor affect its stored energy?,dc15_sec01_001
How does increasing current affect the magnetic field and stored energy in an inductor?,dc15_sec01_002
Why do inductors oppose sudden changes in current?,dc15_sec01_002
What happens to an inductor’s magnetic field when the current is reduced?,dc15_sec01_002
Why would a short-circuited ordinary inductor’s current quickly fade away?,dc15_sec01_002
How do an inductor’s voltage behavior and energy flow differ while charging versus discharging?,dc15_sec01_002
How does an inductor behave when power is first switched on?,dc15_sec01_003
What happens to an inductor’s voltage and current after its magnetic field is fully built?,dc15_sec01_003
How is energy stored in an inductor different from energy stored in a capacitor?,dc15_sec01_003
How does the coil’s core material affect the magnetic field and stored energy?,dc15_sec01_003
"What does inductance measure, and what unit is used for it?",dc15_sec01_003
What mathematical relationship connects an inductor’s voltage to the changing current through it?,dc15_sec02_001
Why does a perfect inductor have zero voltage across it when its current stays constant?,dc15_sec02_001
What do the lowercase symbols v and i represent in the inductor equation?,dc15_sec02_001
What happens to the current when the potentiometer wiper is moved slowly upward?,dc15_sec02_001
How is an inductor’s voltage related to changes in its magnetic flux?,dc15_sec02_001
What happens to the circuit current when the potentiometer wiper is moved upward slowly?,dc15_sec02_002
How is the voltage across an inductor related to the rate at which its current changes?,dc15_sec02_002
Why does an inductor oppose an increase in current through it?,dc15_sec02_002
What changes when the potentiometer wiper is moved downward instead of upward?,dc15_sec02_002
Why does an inductor produce more voltage when its current decreases more quickly?,dc15_sec02_002
How does an inductor’s voltage change when the current increases versus when it decreases?,dc15_sec02_003
Why doesn’t the neon lamp light when the switch is first closed in the 6-volt circuit?,dc15_sec02_003
What causes the inductor to produce a very high voltage when the switch is opened?,dc15_sec02_003
Which polarity does the induced voltage have when the current suddenly drops to zero?,dc15_sec02_003
How much inductance is recommended for producing the strongest effect in this circuit?,dc15_sec02_003
How does adding more wire turns change an inductor’s inductance?,dc15_sec03_001
Why does a larger coil cross-sectional area increase inductance?,dc15_sec03_001
What happens to inductance when the coil is made longer?,dc15_sec03_001
How does the core material’s magnetic permeability affect inductance?,dc15_sec03_001
How can an inductor be designed so its inductance can be adjusted?,dc15_sec03_001
How does the sliding-contact inductor change its connection point along the coil?,dc15_sec03_002
What materials and construction are shown in the older radio inductors?,dc15_sec03_002
Where are the two toroidal inductors located on the circuit board?,dc15_sec03_002
How are surface-mount inductors identified in the photograph?,dc15_sec03_002
Why might an inductor be manufactured in an extremely small package?,dc15_sec03_002
How do you find the total inductance when inductors are connected in series?,dc15_sec04_001
Why is the combined inductance of series inductors greater than each individual inductor?,dc15_sec04_001
What happens to total inductance when inductors are connected in parallel?,dc15_sec04_001
Why does connecting inductors in parallel reduce the overall inductance?,dc15_sec04_001
How are the formulas for combining inductors similar to those used for resistors?,dc15_sec04_001
Why does an inductor have a maximum current rating?,dc15_sec05_001
What makes a real inductor different from an ideal one?,dc15_sec05_001
Why are inductors usually larger than capacitors for storing the same energy?,dc15_sec05_001
When might an inductor be a better choice than a capacitor for energy storage?,dc15_sec05_001
How can nearby inductors interfere with each other on a circuit board?,dc15_sec05_001
Which chapter and volume does this contributor information belong to?,dc15_sec06_001
How are the contributors arranged in the list?,dc15_sec06_001
Who is credited with improving the HTML formatting?,dc15_sec06_001
When did Jason Starck make his contribution?,dc15_sec06_001
Under what license is Lessons In Electric Circuits released?,dc15_sec06_001
What does Chapter 16 cover?,dc16_sec01_001
What is an electrical transient in a DC circuit?,dc16_sec01_001
How do capacitors and inductors behave when a DC voltage suddenly changes?,dc16_sec01_001
Why are resistors different from capacitors and inductors in their response to voltage?,dc16_sec01_001
What role does the resistor play when connected in series with a capacitor or inductor?,dc16_sec01_001
Why does a completely uncharged capacitor initially draw the most current when connected to a voltage source?,dc16_sec02_001
What happens to the capacitor’s voltage and current as it charges?,dc16_sec02_001
Why does a charged capacitor eventually behave like an open circuit?,dc16_sec02_001
"In the 15-volt example, when does the current through the circuit become zero?",dc16_sec02_001
What does it mean to say that the capacitor voltage and current change asymptotically over time?,dc16_sec02_001
How does a capacitor respond immediately after a sudden voltage is applied?,dc16_sec02_002
What does a completely discharged capacitor behave like at the instant voltage is connected?,dc16_sec02_002
What does a capacitor behave like after it has fully charged?,dc16_sec02_002
How do capacitor voltage and current change during charging in an RC circuit?,dc16_sec02_002
Why does the charging process in an RC circuit slow down over time?,dc16_sec02_002
Why does an inductor resist sudden changes in current?,dc16_sec03_001
What happens to an initially unenergized inductor when voltage is first applied?,dc16_sec03_001
How do the inductor’s voltage and current change as time passes in a series RL circuit?,dc16_sec03_001
Why does the inductor eventually behave like a short circuit?,dc16_sec03_001
"In the example circuit, what final current does the inductor approach with a 15-volt battery and 1-ohm resistor?",dc16_sec03_001
"What quantity does a capacitor try to keep unchanged when a circuit switches, and what quantity does an inductor preserve?",dc16_sec04_001
How can you find the starting and eventual values in a transient RC or L/R circuit?,dc16_sec04_001
What are the time-constant formulas for a series RC circuit and a series L/R circuit?,dc16_sec04_001
"What percentage of the total change occurs after one, two, and ten time constants?",dc16_sec04_001
Why do voltage and current approach their final values along exponential curves?,dc16_sec04_001
How do you calculate the time constant for the 10 kΩ and 100 µF RC circuit?,dc16_sec04_002
What capacitor voltage is reached after 7.25 seconds when a 15 V battery charges it from 0 V?,dc16_sec04_002
Why does the current in the RC circuit decrease as time passes?,dc16_sec04_002
What is the RC circuit’s current after the switch has been closed for 7.25 seconds?,dc16_sec04_002
How can the capacitor voltage be used with Ohm’s law to find the circuit current?,dc16_sec04_002
How do you find the time constant of the example L/R circuit?,dc16_sec04_003
Why is the starting current zero when the switch is initially open?,dc16_sec04_003
What current flows through the circuit 3.5 seconds after closing the switch?,dc16_sec04_003
How can you calculate the voltage across the inductor at a particular time?,dc16_sec04_003
What steps does the universal time constant method use for RC and L/R circuits?,dc16_sec04_003
"Why is an RC time constant found by multiplying resistance and capacitance, while an RL time constant uses inductance divided by resistance?",dc16_sec05_001
How does changing resistance affect the speed of discharge in capacitor and inductor circuits?,dc16_sec05_001
"Where does a capacitor store energy, and where does an inductor store energy?",dc16_sec05_001
"What electrical quantity does a capacitor tend to keep steady, and what quantity does an inductor tend to keep steady?",dc16_sec05_001
Why does a low resistance speed up capacitor discharge while a high resistance speeds up inductor discharge?,dc16_sec05_001
How does a cart rolling downhill help explain a capacitor’s discharge through resistance?,dc16_sec05_002
Why does adding more resistance make a capacitive circuit release its energy more slowly?,dc16_sec05_002
How is an inductor’s stored energy compared with a moving cart’s kinetic energy?,dc16_sec05_002
Why does an inductive circuit discharge faster when its resistance is higher?,dc16_sec05_002
What explains the opposite effects of resistance in capacitive and inductive time constants?,dc16_sec05_002
Why is it important to find the inductor’s initial and final current before calculating its voltage?,dc16_sec06_001
What current flows through the inductor before the switch is closed?,dc16_sec06_001
How does shorting the 1 Ω resistor change the circuit’s total resistance and final current?,dc16_sec06_001
"What time constant does the inductor have after the switch is closed, and how is it calculated?",dc16_sec06_001
How does the inductor’s voltage change from the moment the switch closes to a long time afterward?,dc16_sec06_001
How can Thevenin’s Theorem simplify a complicated RC circuit?,dc16_sec07_001
Why is the capacitor temporarily removed when finding the Thevenin equivalent?,dc16_sec07_001
What does the 1.8182-volt load-terminal value represent for the fully charged capacitor?,dc16_sec07_001
How is the time constant found after replacing the original circuit with its Thevenin equivalent?,dc16_sec07_001
What voltage does the capacitor reach after 60 milliseconds in the example?,dc16_sec07_001
How can a complex RC circuit be simplified for time-constant analysis?,dc16_sec07_002
What component is treated as the load when finding a Thevenin equivalent for an RC or L/R circuit?,dc16_sec07_002
What does the Thevenin equivalent circuit contain after the rest of the circuit is reduced?,dc16_sec07_002
How does the capacitor voltage compare between the original circuit and its Thevenin equivalent during the analysis?,dc16_sec07_002
What software is used to demonstrate that the two RC circuits are equivalent?,dc16_sec07_002
How can I calculate how long an RC or L/R circuit takes to reach a target voltage or current?,dc16_sec08_001
"What does the natural logarithm, or ln, do in the time-constant equation?",dc16_sec08_001
How are the universal time-constant formulas rearranged to solve for time?,dc16_sec08_001
"In the example circuit, how long does it take a capacitor to charge from 0 to 12.970 volts?",dc16_sec08_001
What values need to be identified before using the time formula for a charging or discharging circuit?,dc16_sec08_001
Which chapter of the DC volume includes this contributor information?,dc16_sec09_001
What is the purpose of the Contributors section?,dc16_sec09_001
Who is credited with improving the document’s HTML formatting?,dc16_sec09_001
When did Jason Starck contribute to the chapter?,dc16_sec09_001
Under what license is Lessons In Electric Circuits published?,dc16_sec09_001
What does electric current mean in a circuit?,dc2_sec01_001
Why is voltage described in relation to two points?,dc2_sec01_001
How does resistance affect the amount of current flowing?,dc2_sec01_001
"Who were the amp, volt, and ohm named after?",dc2_sec01_001
"Why are the letters I, R, E, and V used for current, resistance, and voltage?",dc2_sec01_001
How are capital and lowercase letters used to represent steady versus instantaneous voltage and current?,dc2_sec01_002
"What does one coulomb measure, and how is it related to the number of electrons?",dc2_sec01_002
How is electric current defined in terms of charge moving through a circuit?,dc2_sec01_002
"What is a volt, and how much energy does a 9-volt battery provide per coulomb?",dc2_sec01_002
"What relationship between voltage, current, and resistance did Georg Ohm discover?",dc2_sec01_002
"How are voltage, current, and resistance connected in Ohm’s Law?",dc2_sec01_003
What formula should I use to find current when voltage and resistance are known?,dc2_sec01_003
How can I calculate resistance if I know the circuit’s voltage and current?,dc2_sec01_003
"What units and letter symbols are used for voltage, current, and resistance?",dc2_sec01_003
How does the E-I-R triangle help with remembering Ohm’s Law formulas?,dc2_sec01_003
"How does the water-pump analogy represent voltage, current, and resistance?",dc2_sec02_001
What happens to current when voltage rises but resistance remains unchanged?,dc2_sec02_001
"If voltage stays constant and resistance increases, how does the current change?",dc2_sec02_001
What happens to the required voltage when current stays steady and resistance decreases?,dc2_sec02_001
"How is Ohm’s Law for electrons different from the relationship between pressure, flow, and resistance in water?",dc2_sec02_001
What does power measure in terms of work and time?,dc2_sec03_001
How is horsepower defined in British units?,dc2_sec03_001
Why don’t engine speed or torque alone tell you an engine’s power?,dc2_sec03_001
How can two engines with the same horsepower differ in speed and torque?,dc2_sec03_001
"What formula relates electrical power to voltage and current, and what unit measures power?",dc2_sec03_001
How do you calculate electrical power from voltage and current?,dc2_sec03_002
Why don’t voltage or current alone tell you how much power a circuit uses?,dc2_sec03_002
What happens to power in an open circuit with voltage but no current?,dc2_sec03_002
Can a circuit have current and still dissipate no power?,dc2_sec03_002
How are horsepower and watts related?,dc2_sec03_002
How do you calculate electrical power when voltage and current are known?,dc2_sec04_001
What power does a 3-ohm lamp use with an 18-volt battery?,dc2_sec04_001
What happens to current and power if the voltage is doubled while resistance stays constant?,dc2_sec04_001
How can power be calculated when only voltage and resistance are available?,dc2_sec04_001
"Who discovered the relationship represented by P = I²R, and what is it called?",dc2_sec04_001
What is the main purpose of a resistor in an electrical circuit?,dc2_sec05_001
How are resistors typically represented in circuit diagrams?,dc2_sec05_001
What does a diagonal arrow through a component symbol indicate?,dc2_sec05_001
How can a variable resistor be physically adjusted?,dc2_sec05_001
"What determines a resistor’s wattage rating, and how does it relate to the component’s size?",dc2_sec05_001
How are resistors identified on a printed circuit board?,dc2_sec05_002
"What are surface-mount resistors, and where are they used in the examples?",dc2_sec05_002
Why might a resistor symbol in a schematic be labeled “load” even when the actual device is something else?,dc2_sec05_002
How can you calculate the resistance of a circuit with 10 volts and 2 amps?,dc2_sec05_002
"What minimum power rating should the resistor have for a 10-volt, 2-amp circuit, and why?",dc2_sec05_002
What resistance is needed for a circuit operating at 10 volts and 2 amps?,dc2_sec05_003
What minimum wattage should the resistor have under those circuit conditions?,dc2_sec05_003
What two ratings are commonly given for resistors?,dc2_sec05_003
Can a resistor’s resistance value be figured out from its physical size?,dc2_sec05_003
What does the term “load” generally mean in an electrical circuit?,dc2_sec05_003
Why does Ohm’s law work well for many ordinary resistors?,dc2_sec06_001
What happens to an incandescent bulb’s resistance as its filament heats up?,dc2_sec06_001
Why doesn’t doubling the voltage always double the current in a real lamp?,dc2_sec06_001
How is a nonlinear circuit different from a linear one on a graph?,dc2_sec06_001
Why does the lamp’s current–voltage curve become flatter at higher voltages?,dc2_sec06_001
Why does a lamp’s resistance increase as its voltage and current rise?,dc2_sec06_002
How does ionization make air conduct electricity across a gap?,dc2_sec06_002
Why does lightning happen as a brief surge instead of a continuous current?,dc2_sec06_002
What happens to solid insulation after it suffers high-voltage breakdown?,dc2_sec06_002
How can high-voltage resistance meters help find damaged wiring insulation?,dc2_sec06_002
How does a varistor’s resistance change when the voltage across it reaches its firing point?,dc2_sec06_003
What makes varistor breakdown different from the breakdown of an ordinary insulator?,dc2_sec06_003
What does negative resistance mean in terms of voltage and current?,dc2_sec06_003
Which electronic components are mentioned as having negative resistance over certain voltage ranges?,dc2_sec06_003
Why is Ohm’s Law not very useful for components whose resistance changes with voltage or current?,dc2_sec06_003
When can the resistance of connecting wires be ignored in a circuit calculation?,dc2_sec07_001
Does changing the length or layout of ideal wires affect a circuit’s behavior?,dc2_sec07_001
What does it mean for two points in a circuit to be electrically common?,dc2_sec07_001
Why is the voltage across the battery equal to the voltage across the resistor in this circuit?,dc2_sec07_001
What voltage should you measure between two points connected directly by wire?,dc2_sec07_001
Why is there almost no voltage difference between two points joined by an ideal wire?,dc2_sec07_002
How does Ohm’s law show that a zero-resistance wire has no voltage drop?,dc2_sec07_002
Why can separate wire segments connecting the same electrical nodes use the same label?,dc2_sec07_002
How can measuring voltage between supposedly common points help identify an open circuit?,dc2_sec07_002
Why might a real wire have a small voltage drop even though circuit analysis treats its resistance as zero?,dc2_sec07_002
Why can circuit wires be made longer or shorter without changing how the circuit works?,dc2_sec07_003
What does it mean when two points in a circuit are electrically common?,dc2_sec07_003
Why is there no voltage difference between points connected by an ideal wire?,dc2_sec07_003
How do measurements between electrically common points compare?,dc2_sec07_003
Why might real wires not follow the ideal zero-resistance assumptions exactly?,dc2_sec07_003
Which way do the electrons move around the circuit shown?,dc2_sec08_001
How are the negative and positive sides of a resistor’s voltage drop identified?,dc2_sec08_001
What polarity does the resistor terminal have where the current enters?,dc2_sec08_001
"Does Ohm’s Law use negative voltage, current, or resistance values to represent polarity?",dc2_sec08_001
Why is it useful to identify voltage-drop polarity in circuits with several resistors or batteries?,dc2_sec08_001
What are the main benefits of using computer simulations when learning or designing electric circuits?,dc2_sec09_001
Why does the text say simulations do not replace building and testing actual circuits?,dc2_sec09_001
How does SPICE represent a circuit and produce its analysis results?,dc2_sec09_001
What must be done before using SPICE to examine a circuit?,dc2_sec09_001
"For the circuit with a 10-volt battery and a 5-ohm resistor, what quantity can SPICE calculate using Ohm’s Law?",dc2_sec09_001
Why does SPICE require circuits to be entered as text instead of using a schematic image?,dc2_sec09_002
How are shared node numbers used to show which parts of a circuit are connected?,dc2_sec09_002
Why must every SPICE circuit include a node labeled 0?,dc2_sec09_002
What kind of program should you use to create a plain-text SPICE input file?,dc2_sec09_002
How is a battery represented in a SPICE description?,dc2_sec09_002
How do you represent a 10-volt DC battery in a SPICE netlist?,dc2_sec09_003
What information does SPICE need to define a resistor?,dc2_sec09_003
Why doesn’t a simulated resistor need a power rating?,dc2_sec09_003
"What is a SPICE circuit description called, and what marks its end?",dc2_sec09_003
How do you save and run a SPICE netlist from a command prompt?,dc2_sec09_003
What happens when you run the SPICE command for a circuit netlist?,dc2_sec09_004
Why does SPICE show the voltage of a node relative to node 0?,dc2_sec09_004
Why is the voltage-source current displayed as negative 2 amps in this example?,dc2_sec09_004
What does SPICE mean by a total power dissipation of “2.00E+01” watts?,dc2_sec09_004
How can SPICE output be redirected to a text file for editing?,dc2_sec09_004
How can SPICE output be cleaned up and saved as plain text for use in another document?,dc2_sec09_005
What file needs to be edited to change a component value in a SPICE simulation?,dc2_sec09_005
What happens to the circuit current when the voltage rises from 10 to 30 volts while resistance stays the same?,dc2_sec09_005
Why does the circuit’s power increase from 20 watts to 180 watts when the voltage is tripled?,dc2_sec09_005
Why is it useful to save the modified circuit simulation under a different filename?,dc2_sec09_005
How does the SPICE `.dc` analysis vary the battery voltage in this example?,dc2_sec09_006
What is the difference between using `.print` and `.plot` in the SPICE netlist?,dc2_sec09_006
Why are the simulated current values one-fifth of the corresponding voltages?,dc2_sec09_006
What do the star symbols at the beginning of SPICE netlist lines mean?,dc2_sec09_006
How does Nutmeg display the resistor voltage v(1) in its graph?,dc2_sec09_006
How are the contributors to the Ohm’s Law chapter ordered?,dc2_sec10_001
What problem did Larry Cramblett find in the “Nonlinear conduction” section?,dc2_sec10_001
What SPICE version differences did James Boorn point out?,dc2_sec10_001
What definitions did Ben Crowell suggest improving?,dc2_sec10_001
Who helped improve the HTML formatting for the second edition?,dc2_sec10_001
Why is electrical safety included as an early chapter in this electronics book?,dc3_sec01_001
What does the instructor spend a full week teaching students about?,dc3_sec01_001
"How can safety lessons help students understand voltage, current, resistance, and circuit design?",dc3_sec01_001
Why might some introductory electronics textbooks be inadequate according to the author?,dc3_sec01_001
What question about birds on power lines does the lesson promise to explain?,dc3_sec01_001
What kinds of injuries can electric current cause inside the body?,dc3_sec02_001
Why can a strong electric shock interfere with normal nerve signals?,dc3_sec02_001
How does electricity make muscles contract involuntarily?,dc3_sec02_001
Why might someone be unable to release an energized wire after being shocked?,dc3_sec02_001
What does the term “tetanus” mean in the context of electric shock?,dc3_sec02_001
What does tetanus mean in the context of an electric shock?,dc3_sec02_002
Why can a person remain unable to control their muscles after the current stops?,dc3_sec02_002
How can an electric shock affect the diaphragm and heart?,dc3_sec02_002
What is the difference between AC and DC in how they affect the heart?,dc3_sec02_002
Why is a defibrillator’s electric shock used on someone with a fibrillating heart?,dc3_sec02_002
How can electric current cause severe burns inside the body?,dc3_sec02_003
What does it mean when someone is “froze on the circuit”?,dc3_sec02_003
How can an electric shock affect the heart and breathing muscles?,dc3_sec02_003
Why is DC more likely than AC to make someone unable to let go of a conductor?,dc3_sec02_003
Why can AC shocks be especially dangerous even after the current stops?,dc3_sec02_003
Why can birds sit on a high-voltage wire without getting shocked?,dc3_sec03_001
What two conditions are needed for current to pass through a person’s body?,dc3_sec03_001
How can someone be shocked by touching only one live wire?,dc3_sec03_001
What role does earth ground play in the shock path?,dc3_sec03_001
Why is one side of a grounded circuit intended to be safe to touch?,dc3_sec03_001
Why is one side of a grounded circuit generally safe to touch?,dc3_sec03_002
Why might touching a single wire in an ungrounded circuit seem safe?,dc3_sec03_002
What can make an ungrounded power system dangerous to touch?,dc3_sec03_002
"What is a ground fault, and what are some things that can cause one?",dc3_sec03_002
How can a tree branch touching a different wire change which conductor is dangerous?,dc3_sec03_002
Why can two people touching separate points in an ungrounded circuit still receive a dangerous shock?,dc3_sec03_003
How does intentionally grounding one point in a circuit improve electrical safety?,dc3_sec03_003
Are ordinary rubber-soled shoes enough to protect someone from electric shock?,dc3_sec03_003
How does moisture affect the electrical resistance of leather shoe soles?,dc3_sec03_003
Why can dry dirt still carry enough current to seriously injure someone?,dc3_sec03_003
Why is asphalt generally safer than concrete when it comes to conducting shock current?,dc3_sec03_004
What conditions must be present for an electric shock to occur?,dc3_sec03_004
What does it mean for part of a power circuit to be grounded?,dc3_sec03_004
"What is a ground fault, and how does it involve the earth?",dc3_sec03_004
Why shouldn’t ordinary shoes be relied on to protect someone from electric shock?,dc3_sec03_004
Why does high voltage increase the risk of a dangerous electric shock?,dc3_sec04_001
How does Ohm’s law relate body resistance to the current that flows through someone?,dc3_sec04_001
What factors can change the electrical resistance of a person’s body?,dc3_sec04_001
Why are sweaty skin and open wounds more dangerous during electrical contact?,dc3_sec04_001
How did squeezing the meter probes affect the measured resistance between the author’s hands?,dc3_sec04_001
What factors can make one person more sensitive to electric current than another?,dc3_sec04_002
What does 60 Hz mean when describing alternating current?,dc3_sec04_002
How much voltage is estimated to produce 20 mA through 1 MΩ of dry skin?,dc3_sec04_002
How does moisture change the estimated voltage needed to produce 20 mA through the body?,dc3_sec04_002
What level of AC current across the chest has been suggested as potentially causing fibrillation?,dc3_sec04_002
How much voltage would drive 20 mA through a person with 1 kΩ of body resistance?,dc3_sec04_003
Why can a shock become more dangerous after someone first touches a live conductor?,dc3_sec04_003
What body resistance is used in the example where 340 V produces 20 mA?,dc3_sec04_003
How much voltage could produce 17 mA through a 1 kΩ path between the hands?,dc3_sec04_003
How does wet skin affect the resistance of electrical contact compared with dry skin?,dc3_sec04_003
Why is the resistance lower when someone holds a metal pipe with both hands instead of one?,dc3_sec04_004
"Why can metal jewelry be dangerous around even low-voltage, high-current circuits?",dc3_sec04_004
How could a 12-volt battery shock indirectly cause an injury?,dc3_sec04_004
Why does the route electricity takes through the body affect how dangerous a shock is?,dc3_sec04_004
Why should voltages above 30 volts be treated as a serious electrical hazard?,dc3_sec04_004
Why is working on a live circuit with only one hand considered safer?,dc3_sec04_005
Should left-handed people always use their right hand when handling live circuits?,dc3_sec04_005
How do insulated gloves and boots reduce the risk of electric shock?,dc3_sec04_005
Why aren’t power lines fully covered with thick protective insulation?,dc3_sec04_005
How can low-voltage electricity still cause dangerous injuries?,dc3_sec04_005
What does it mean to place an electrical system in a Zero Energy State?,dc3_sec05_001
What types of stored or potential energy must be removed before equipment is safe to work on?,dc3_sec05_001
Why can a disconnected high-voltage circuit still be dangerous to touch?,dc3_sec05_001
How is a disconnect switch different from the ordinary switch used to operate a device?,dc3_sec05_001
Why might a temporary ground be connected across both sides of a load during maintenance?,dc3_sec05_001
Why are both sides of a de-energized load temporarily connected to ground?,dc3_sec05_002
How can a temporary wire across the load help protect workers if power is accidentally restored?,dc3_sec05_002
What is the main purpose of overcurrent devices such as fuses and circuit breakers?,dc3_sec05_002
How does a lock-out/tag-out procedure keep a circuit in a zero-energy state?,dc3_sec05_002
What happens when several workers each place personal locks on a disconnecting device?,dc3_sec05_002
Why shouldn’t you assume that everyone followed the lockout/tagout procedure?,dc3_sec05_003
How can you confirm that a locked-out machine is truly de-energized?,dc3_sec05_003
What three-step process does the record recommend for checking whether a voltage meter works properly?,dc3_sec05_003
Why is it important to test a meter on a known voltage source both before and after checking a circuit?,dc3_sec05_003
What is the purpose of briefly touching a conductor with the back of your hand as a final precaution?,dc3_sec05_003
What does it mean for an electrical system to be in a zero-energy state?,dc3_sec05_004
Why are disconnect switches included in a properly designed electrical system?,dc3_sec05_004
How can temporary grounding or shorting wires improve safety during servicing?,dc3_sec05_004
What steps are involved in using lockout/tagout on a system under repair?,dc3_sec05_004
How should a worker verify that a locked-out circuit is actually de-energized before touching it?,dc3_sec05_004
What should you do first when you find someone being shocked by an electrical circuit?,dc3_sec06_001
Why is it dangerous to touch a person who is still receiving an electric shock?,dc3_sec06_001
What can be used to separate a shock victim from a live circuit if the power cannot be shut off quickly?,dc3_sec06_001
What medical checks and care should be provided after the victim is disconnected?,dc3_sec06_001
Why should someone who survived an electrical shock continue monitoring their health afterward?,dc3_sec06_001
What should you do first when someone is being shocked by electricity?,dc3_sec06_002
How can you safely separate a shock victim from the electrical circuit if the breaker cannot be found?,dc3_sec06_002
What immediate medical checks and treatment may a shock victim need?,dc3_sec06_002
How should you care for someone who remains conscious after an electric shock while waiting for help?,dc3_sec06_002
Why does an electric shock victim need to be watched for several hours afterward?,dc3_sec06_002
Why is touching electrical equipment with wet or sweaty hands especially dangerous?,dc3_sec07_001
"Why should electrical appliances be kept away from bathtubs, showers, and sinks?",dc3_sec07_001
What safety devices are required near swimming pools and other wet areas?,dc3_sec07_001
How should a damaged extension cord be taken out of service?,dc3_sec07_001
What should you do if a power tool gives you an electric shock?,dc3_sec07_001
Why can a person be shocked by a fallen power line without touching it directly?,dc3_sec07_002
What makes wet conditions more dangerous when using electrical equipment?,dc3_sec07_002
Why should damaged extension cords and power tools be replaced immediately?,dc3_sec07_002
What should you do if a power line is falling toward the ground?,dc3_sec07_002
How does current travel after a fallen power line touches the earth?,dc3_sec07_002
Why is one side of a power source connected to earth in a household circuit?,dc3_sec08_001
What is the difference between the neutral and hot wires?,dc3_sec08_001
What happens if a toaster’s hot wire touches its metal case?,dc3_sec08_001
Why is contact between the neutral wire and an appliance case generally less dangerous?,dc3_sec08_001
How do polarized plugs improve electrical safety?,dc3_sec08_001
What does it mean for an appliance to be double-insulated?,dc3_sec08_002
How does the third prong on a power plug protect someone from electric shock?,dc3_sec08_002
Why is removing the grounding prong from a plug dangerous?,dc3_sec08_002
What should you do if a grounded appliance needs to be used with a two-slot outlet?,dc3_sec08_002
How can ground-fault detection recognize a dangerous electrical fault?,dc3_sec08_002
What is the difference between a GFCI and an AFCI?,dc3_sec08_003
How does a GFCI receptacle detect a dangerous current leak?,dc3_sec08_003
Why doesn’t a standard circuit breaker always stop an electrical arc?,dc3_sec08_003
"Where are AFCIs commonly installed, and why can motors cause nuisance trips?",dc3_sec08_003
What are some appliance design features that improve electrical safety?,dc3_sec08_003
Why is careful handling especially important when using a multimeter on a powered circuit?,dc3_sec09_001
What kinds of electrical quantities can a multimeter measure?,dc3_sec09_001
What do the straight-line and wavy-line symbols mean on the meter’s selector?,dc3_sec09_001
"What do the Ω, V, and A markings represent?",dc3_sec09_001
What are the test leads and sockets on a multimeter used for?,dc3_sec09_001
Which multimeter sockets should the black and red leads be plugged into for measuring voltage?,dc3_sec09_002
What needs to change on a multimeter when switching from measuring battery voltage to household AC voltage?,dc3_sec09_002
Why is it dangerous to let the two meter probes touch each other during a voltage test?,dc3_sec09_002
Why must voltage be measured between two points in a circuit?,dc3_sec09_002
How can using one hand or a spring clip make voltage measurements safer?,dc3_sec09_002
Why should meter test leads be handled as carefully as the multimeter itself?,dc3_sec09_003
What is the recommended way to get special accessories or probe tips for meter leads?,dc3_sec09_003
Why should a safety check test for both AC and DC voltage or current?,dc3_sec09_003
"How do you check all possible voltage combinations among three conductors labeled A, B, and C?",dc3_sec09_003
Why are six voltage checks needed when testing three conductors for hazardous voltage?,dc3_sec09_003
Why should voltage be checked between each wire and ground as well as between the wires themselves?,dc3_sec09_004
How many total voltage checks are needed for a three-wire system when testing in both AC and DC modes?,dc3_sec09_004
How do you set up a multimeter to measure resistance?,dc3_sec09_004
Why must resistance measurements only be made on de-energized components?,dc3_sec09_004
What do nearly zero ohms and “O.L.” typically indicate on a multimeter?,dc3_sec09_004
What does a multimeter show when its leads are not connected to each other or to a complete circuit?,dc3_sec09_005
Why must a circuit be opened before measuring its current with a multimeter?,dc3_sec09_005
Which meter setting and lead sockets should be used to measure current?,dc3_sec09_005
How should the probes be connected when measuring current in the 9-volt lamp circuit?,dc3_sec09_005
Why can leaving the red lead in the current socket cause problems when measuring voltage?,dc3_sec09_005
What can happen if the meter is set to measure voltage while the red lead remains in the current socket?,dc3_sec09_006
How does a multimeter warn you about a mismatch between the lead socket and selector setting?,dc3_sec09_006
What is the main purpose of the fuse inside a quality multimeter?,dc3_sec09_006
How can you test whether a multimeter’s current fuse is still good?,dc3_sec09_006
What resistance reading indicates that the multimeter’s current fuse has blown?,dc3_sec09_006
"1. What is a multimeter, and what three electrical quantities can it measure?",dc3_sec09_007
"2. How should a meter be connected when measuring voltage, and what should you avoid doing with the probe tips?",dc3_sec09_007
3. What checks should you perform with a multimeter when looking for dangerous voltage?,dc3_sec09_007
4. Why must a circuit be de-energized before measuring resistance or continuity?,dc3_sec09_007
"5. How is an ammeter connected in a circuit, and why does it have very little resistance?",dc3_sec09_007
Why did the table use the lower current value when the MIT and Bussmann sources disagreed?,dc3_sec10_001
What differences were reported between the MIT and Bussmann electric-shock data?,dc3_sec10_001
"Who was Charles F. Dalziel, and what did his research investigate?",dc3_sec10_001
How were volunteers tested to find the current level that stopped them from letting go?,dc3_sec10_001
Where did the information about the electrical resistance of body contact points come from?,dc3_sec10_001
Who is listed as a contributor to this chapter?,dc3_sec11_001
When did Jason Starck contribute to the project?,dc3_sec11_001
What kind of work did Jason Starck do?,dc3_sec11_001
What improvement resulted from Jason Starck’s contribution?,dc3_sec11_001
Where can readers find contributor dates and contact details?,dc3_sec11_001
What medical reference is cited for information about electrical injuries?,dc3_sec12_001
Who edited the Merck Manuals resource listed in the bibliography?,dc3_sec12_001
Which chapter of Lessons In Electric Circuits contains this bibliography?,dc3_sec12_001
Where can the cited Merck Manuals article on electrical injuries be found online?,dc3_sec12_001
Under what license is Lessons In Electric Circuits released?,dc3_sec12_001
Why is scientific notation useful for writing extremely large or tiny quantities?,dc4_sec01_001
"How many significant figures does the value 3,005 have, and why?",dc4_sec01_001
How is the electron count for a 1-amp current written in scientific notation?,dc4_sec01_001
What does the factor 10¹⁸ represent in the example involving electrons per second?,dc4_sec01_001
How can placeholder zeros differ from significant zeros in a measured number?,dc4_sec01_001
"How do you write a very small quantity, such as the proton’s mass, using scientific notation?",dc4_sec01_002
What does a negative exponent like 10⁻²⁴ represent?,dc4_sec01_002
How can scientific notation make the precision of a measurement clearer?,dc4_sec01_002
"How would you express a car weighing 3,005 pounds in scientific notation?",dc4_sec01_002
Why does writing a car’s weight as 3.000 × 10³ pounds show that all four digits are significant?,dc4_sec01_002
How do you calculate the total number of electrons flowing in 25 seconds at a current of 1 ampere using scientific notation?,dc4_sec02_001
Why is 156.25 × 10¹⁸ rewritten as 1.5625 × 10²⁰ in standard scientific notation?,dc4_sec02_001
How do you multiply the coefficients and powers of ten when finding the electrons passing in one hour?,dc4_sec02_001
"What is the scientific-notation result for the number of electrons passing in 3,600 seconds at 1 ampere?",dc4_sec02_001
"When dividing quantities in scientific notation, what do you do with their exponents?",dc4_sec02_001
How do you divide numbers written in scientific notation?,dc4_sec02_002
What time results from dividing 2.25 × 10²² electrons by 6.25 × 10¹⁸ electrons per second?,dc4_sec02_002
Why are significant digits important when working with measured values?,dc4_sec02_002
What was the practical benefit of scientific-notation arithmetic when engineers used slide rules?,dc4_sec02_002
What happens to the exponents of ten when multiplying or dividing values in scientific notation?,dc4_sec02_002
How do metric prefixes represent powers of ten?,dc4_sec03_001
What does 2.5 gigabytes equal in bytes?,dc4_sec03_001
Which prefixes represent powers from 10⁻¹⁵ through 10⁻²⁴?,dc4_sec03_001
How would 0.000267 grams be written using metric notation?,dc4_sec03_001
Why might someone write 4k7 instead of 4.7 k?,dc4_sec03_001
How do you know which way to move the decimal point when converting between metric prefixes?,dc4_sec04_001
How many microamps are in 0.000023 amps?,dc4_sec04_001
"What is 304,212 volts expressed in kilovolts?",dc4_sec04_001
How can 50.3 mega-ohms be converted into milli-ohms?,dc4_sec04_001
Where is the implied decimal point in a whole number such as 436?,dc4_sec04_001
What calculator key is commonly used to enter the exponent in scientific notation?,dc4_sec05_001
How should you use the sign-change key when entering a negative number with a negative exponent?,dc4_sec05_001
"Does switching between fixed, scientific, and engineering display modes change the number’s actual value?",dc4_sec05_001
What is the difference between scientific and engineering display modes?,dc4_sec05_001
Why is engineering mode useful for displaying metric prefixes?,dc4_sec05_001
How does SPICE represent a value like 115 watts in scientific notation?,dc4_sec06_001
What do the node numbers 1 and 0 indicate in the example netlist?,dc4_sec06_001
Why does SPICE report the battery current as a negative value?,dc4_sec06_001
How do you specify a 5-kiloohm resistor in a SPICE circuit description?,dc4_sec06_001
What is -4.800E-03 amps in milliamps?,dc4_sec06_001
How can 10⁻³ amperes be written using a metric prefix?,dc4_sec06_002
How should SPICE’s value of 1.15E-01 watts be expressed in a standard electronics format?,dc4_sec06_002
Why isn’t 1.15 deciwatts the preferred way to state the power dissipation?,dc4_sec06_002
"Which metric prefixes are commonly used in electronics, and what powers of ten do they represent?",dc4_sec06_002
What calculator setting can help convert scientific notation into engineering or metric notation?,dc4_sec06_002
Who is listed as a contributor to this chapter?,dc4_sec07_001
When did Jason Starck contribute to the chapter?,dc4_sec07_001
What work did Jason Starck do for the second edition?,dc4_sec07_001
How are the contributors arranged in the list?,dc4_sec07_001
Under what license is Lessons In Electric Circuits released?,dc4_sec07_001
What is the main difference between a series circuit and a parallel circuit?,dc5_sec01_001
Why is there only one route for current in a series connection?,dc5_sec01_001
What does the term “branch” mean in a parallel circuit?,dc5_sec01_001
How can you tell whether components are connected in parallel?,dc5_sec01_001
"In a mixed circuit, how are R2 and R3 related to each other and to R1?",dc5_sec01_001
What defines a series connection in a circuit?,dc5_sec01_002
How does a parallel connection differ from a series connection?,dc5_sec01_002
How many electrically common points are there in a purely parallel circuit?,dc5_sec01_002
What does the term “branch” mean in a parallel circuit?,dc5_sec01_002
How do electron-flow paths differ between series and parallel circuits?,dc5_sec01_002
Why is the current the same through every resistor in a series circuit?,dc5_sec02_001
Which direction do electrons flow in the 9-volt example circuit?,dc5_sec02_001
Why can’t you divide the battery’s total voltage by just one resistor to find the circuit current?,dc5_sec02_001
What does it mean for two points in a circuit to be electrically common?,dc5_sec02_001
How should Ohm’s Law be applied to resistor R1 in the three-resistor circuit?,dc5_sec02_001
How do you find the total resistance of resistors connected in series?,dc5_sec02_002
Why can’t Ohm’s Law be applied directly to each resistor before finding the circuit current?,dc5_sec02_002
What is the current through each component in a series circuit compared with the battery current?,dc5_sec02_002
How can you calculate the voltage drop across each resistor once the circuit current is known?,dc5_sec02_002
What relationship should the individual voltage drops have to the source voltage in a series circuit?,dc5_sec02_002
"How does the table method help organize voltage, current, and resistance values in a series circuit?",dc5_sec02_003
Why can’t the total battery voltage be used with an individual resistor in Ohm’s law?,dc5_sec02_003
How is the total resistance found when several resistors are connected in series?,dc5_sec02_003
How can you calculate the current through each resistor after finding the total current?,dc5_sec02_003
Why does a SPICE circuit description need a node numbered zero?,dc5_sec02_003
"What voltage drops did SPICE report across R1, R2, and R3?",dc5_sec02_004
"How does SPICE determine the polarity of a voltage such as v(1,2)?",dc5_sec02_004
"What current did the circuit analysis show, and why was its SPICE value negative?",dc5_sec02_004
What are the three main rules for components connected in series?,dc5_sec02_004
How is total resistance calculated in a series circuit?,dc5_sec02_004
What happens to the voltage across each resistor in a simple parallel circuit?,dc5_sec03_001
How can I find the current through each resistor when the voltage and resistance are known?,dc5_sec03_001
Why is the total current equal to the sum of the currents in the separate branches?,dc5_sec03_001
How does the current split as it moves through the three parallel resistors?,dc5_sec03_001
How can the overall resistance of a parallel circuit be calculated after finding its total current?,dc5_sec03_001
Why is the total resistance in a parallel circuit lower than every individual resistor?,dc5_sec03_002
How do you calculate the equivalent resistance when several resistors are connected in parallel?,dc5_sec03_002
How does SPICE use node numbers to identify components that are connected in parallel?,dc5_sec03_002
Why does the SPICE circuit model include zero-volt sources in series with the resistors?,dc5_sec03_002
"What voltage appears across each parallel resistor, and what branch currents were measured in the example?",dc5_sec03_002
Why do all resistors in a parallel circuit have the same voltage across them?,dc5_sec03_003
What does it mean for components to be connected in parallel?,dc5_sec03_003
How does the total resistance of a parallel circuit compare with each individual resistor?,dc5_sec03_003
How are the currents in the separate branches related to the total current?,dc5_sec03_003
"What were the calculated currents through R1, R2, and R3 in the example?",dc5_sec03_003
"What is conductance, and how does it relate to resistance?",dc5_sec04_001
What happens to conductance when a component’s resistance increases?,dc5_sec04_001
What symbol and unit are used to measure electrical conductance?,dc5_sec04_001
Why was the mho later replaced by the siemens?,dc5_sec04_001
Why is the unit written as “siemens” rather than “siemen”?,dc5_sec04_001
What happens to a circuit’s overall resistance when more branches are added in parallel?,dc5_sec04_002
How is total conductance calculated for resistors connected in parallel?,dc5_sec04_002
What does conductance mean in an electrical circuit?,dc5_sec04_002
What unit is used to measure conductance?,dc5_sec04_002
How are resistance and conductance mathematically related?,dc5_sec04_002
How can I calculate the power dissipated by an individual resistor?,dc5_sec05_001
Which values can be used to determine a component’s power?,dc5_sec05_001
How could adding a power row to a circuit table help with calculations?,dc5_sec05_001
Does the circuit arrangement affect how total power is calculated?,dc5_sec05_001
How is total circuit power related to the power of each component?,dc5_sec05_001
"Why must the voltage, current, and resistance in an Ohm’s Law calculation all refer to the same two points in a circuit?",dc5_sec06_001
How should you choose voltage and current values when calculating the resistance of one resistor?,dc5_sec06_001
What is the correct way to use the table method for Ohm’s Law and series-parallel rules?,dc5_sec06_001
How can power calculations help check whether your circuit answers are correct?,dc5_sec06_001
What are two ways to work backward and verify calculations in a series-parallel circuit?,dc5_sec06_001
What does troubleshooting a malfunctioning circuit involve?,dc5_sec07_001
What happens to the total current when R2 shorts in the series circuit?,dc5_sec07_001
Why does the voltage across a shorted R2 become zero?,dc5_sec07_001
What happens to the other resistors when R2 opens in the series circuit?,dc5_sec07_001
How can the before-and-after method be used to analyze faults in parallel circuits?,dc5_sec07_001
What happens to the other branch currents when one resistor opens in a parallel circuit?,dc5_sec07_002
Why does switching off one lamp usually not affect the other lamps in a room?,dc5_sec07_002
What would a zero-ohm resistor theoretically do to the total current in a parallel circuit?,dc5_sec07_002
Why can’t a real voltage source maintain its rated voltage while supplying unlimited current?,dc5_sec07_002
How does a battery’s internal resistance affect the circuit when one parallel branch is shorted?,dc5_sec07_002
Why can connecting a voltage source directly across itself damage it?,dc5_sec07_003
What does qualitative circuit analysis examine when exact component values are unknown?,dc5_sec07_003
How should you redraw and analyze a circuit after one of its components fails?,dc5_sec07_003
What is the difference between a shorted component and an open component?,dc5_sec07_003
Why do resistors usually fail open rather than becoming shorted?,dc5_sec07_003
What are alligator clip jumper wires useful for when building simple resistor circuits?,dc5_sec08_001
Why do jumper wires become impractical for more complicated circuits?,dc5_sec08_001
How are the connection holes arranged inside a solderless breadboard?,dc5_sec08_001
Can both series and parallel resistor circuits be built on a breadboard?,dc5_sec08_001
What are the main limitations of using a solderless breadboard?,dc5_sec08_001
1. How does soldering permanently connect wires and electronic components?,dc5_sec08_002
2. What is the difference between a hobbyist PCB and a solderless breadboard?,dc5_sec08_002
3. What role do copper traces play on a production circuit board?,dc5_sec08_002
4. Why might someone choose a terminal strip instead of soldering or wire-wrapping?,dc5_sec08_002
5. How do European-style terminal strips help prevent accidental short circuits?,dc5_sec08_002
What makes a European-style terminal strip safer against accidental short circuits?,dc5_sec08_003
What tools are needed to add or remove connections on a screw-based terminal strip?,dc5_sec08_003
Why is converting a schematic into a physical terminal-strip layout an important electronics skill?,dc5_sec08_003
What step-by-step method is suggested for wiring a three-resistor parallel circuit from its schematic?,dc5_sec08_003
How can wire labels help identify electrically common connections in a circuit?,dc5_sec08_003
Why are matching number tags used on electrically connected wires in industrial circuits?,dc5_sec08_004
What do the two parts of a terminal-block label identify?,dc5_sec08_004
How can a detailed schematic help someone find connection points in a complicated physical circuit?,dc5_sec08_004
What is a solderless breadboard used for?,dc5_sec08_004
How does wire-wrapping connect components without soldering?,dc5_sec08_004
Which chapter does this contributor information belong to?,dc5_sec09_001
How are the contributors arranged in the list?,dc5_sec09_001
"What did Jason Starck contribute, and when did he do it?",dc5_sec09_001
What role did Ron LaPlante have in developing the circuit-analysis method?,dc5_sec09_001
Under what license is Lessons In Electric Circuits released?,dc5_sec09_001
How do you find the current in a series circuit when the resistor values and supply voltage are known?,dc6_sec01_001
Why is the voltage drop across a resistor proportional to its resistance in a series circuit?,dc6_sec01_001
How does the voltage divider formula calculate the drop across one resistor?,dc6_sec01_001
What happens to the voltage-drop ratios when the supply voltage changes?,dc6_sec01_001
How is a potentiometer used as a voltage-dividing component?,dc6_sec01_001
1. How does moving a potentiometer’s wiper change the resistance to each outer terminal?,dc6_sec01_002
2. Does the total resistance between the two outside terminals change when the wiper is moved?,dc6_sec01_002
3. What is the difference between rotary and linear potentiometers?,dc6_sec01_002
4. How does a potentiometer produce an adjustable voltage from a fixed battery voltage?,dc6_sec01_002
5. Why does the voltage ratio depend on the wiper’s position rather than the applied voltage level?,dc6_sec01_002
How does a three-terminal potentiometer work as an adjustable voltage divider?,dc6_sec01_003
Why is the term “potentiometer” appropriate for this type of component?,dc6_sec01_003
What determines how the supply voltage is divided in a series circuit?,dc6_sec01_003
What are the differences between the small potentiometers and the panel-mounted ones shown?,dc6_sec01_003
What features make the large Helipot potentiometers suitable for precise adjustments?,dc6_sec01_003
1. What voltage would a meter show between points 2 and 1 when the red lead is on point 2 and the black lead is on point 1?,dc6_sec02_001
2. How should the notation E₂₋₁ be interpreted when measuring voltage?,dc6_sec02_001
3. What does Kirchhoff’s Voltage Law say about the signed voltages around a complete circuit loop?,dc6_sec02_001
4. Does the starting point or direction used to trace a circuit loop affect the total voltage sum?,dc6_sec02_001
5. Why are the voltage polarities across the resistors opposite to the battery’s polarity in the example circuit?,dc6_sec02_001
What does Kirchhoff’s Voltage Law say about the total voltage around a complete loop?,dc6_sec02_002
"Why do the voltage readings across R1, R2, and R3 add to 45 volts in the series circuit?",dc6_sec02_002
Why is the voltage measured across the entire connected string equal to zero?,dc6_sec02_002
Does KVL apply to parallel circuits as well as series circuits?,dc6_sec02_002
Why does the algebraic voltage sum return to zero when a loop starts and ends at the same point?,dc6_sec02_002
What does Kirchhoff’s Voltage Law say about the total voltage around a loop?,dc6_sec02_003
Does a KVL loop have to follow an actual current path through the circuit?,dc6_sec02_003
How can KVL be used to find an unknown voltage between two points?,dc6_sec02_003
Why might a voltmeter calculation give a negative voltage between two circuit points?,dc6_sec02_003
What does a zero-voltage reading mean between two electrically common points?,dc6_sec02_003
Why do the currents through parallel resistors change inversely with their resistance?,dc6_sec03_001
How can I find the total current in a parallel circuit from the individual branch currents?,dc6_sec03_001
What happens to the ratios between branch currents when the supply voltage changes?,dc6_sec03_001
Why is a parallel circuit also called a current divider?,dc6_sec03_001
How does the current divider formula differ from the voltage divider formula?,dc6_sec03_001
How do the resistance ratios differ between voltage-divider and current-divider formulas?,dc6_sec03_002
Why must the fraction in a divider equation be less than one?,dc6_sec03_002
How can you remember which resistance goes on top in the current-divider formula?,dc6_sec03_002
Why are current-divider circuits useful in electric meter designs?,dc6_sec03_002
How does a parallel circuit distribute total current among its branches?,dc6_sec03_002
What happens to current at the junctions in a parallel circuit?,dc6_sec04_001
How does the water-pipe analogy explain current splitting and combining at a node?,dc6_sec04_001
What does Kirchhoff’s Current Law say about the currents entering and leaving a node?,dc6_sec04_001
Why do the signed currents at a circuit node add up to zero?,dc6_sec04_001
"In the example at node 3, what does the negative 5-milliamp result indicate?",dc6_sec04_001
What does Kirchhoff’s Current Law say about the currents at a circuit node?,dc6_sec04_002
How should currents entering and leaving a node be combined under KCL?,dc6_sec04_002
Why are Kirchhoff’s voltage and current laws important for analyzing circuits?,dc6_sec04_002
Which circuit law states that the algebraic total of currents at a node is zero?,dc6_sec04_002
How important are Kirchhoff’s laws compared with Ohm’s law for electronics students?,dc6_sec04_002
Who contributed to the chapter on divider circuits and Kirchhoff’s laws?,dc6_sec05_001
How are the chapter’s contributors ordered in the list?,dc6_sec05_001
"What did Jason Starck contribute, and when did he do it?",dc6_sec05_001
What role did Ron LaPlante have in developing the circuit-analysis method?,dc6_sec05_001
"Who holds the copyright for Lessons In Electric Circuits, and under what license is it released?",dc6_sec05_001
What makes a circuit a series-parallel combination instead of a purely series or parallel circuit?,dc7_sec01_001
"How are voltage, current, and resistance related in a simple series circuit?",dc7_sec01_001
"What rules apply to voltage, current, and resistance in a basic parallel circuit?",dc7_sec01_001
Why can’t one set of series or parallel rules be applied to an entire combination circuit?,dc7_sec01_001
How should a series-parallel circuit be analyzed when it contains both types of connections?,dc7_sec01_001
What is the usual process for analyzing a series-parallel resistor circuit?,dc7_sec02_001
"After reducing the circuit to one equivalent resistance, how do you find the total current?",dc7_sec02_001
How are the parallel resistor groups R1/R2 and R3/R4 represented in the example?,dc7_sec02_001
What total resistance results when the two equivalent resistors are connected in series?,dc7_sec02_001
At what point in the analysis are resistor power losses calculated?,dc7_sec02_001
How is the total circuit current found from the equivalent-resistance table?,dc7_sec02_002
Why do the equivalent groups R1 // R2 and R3 // R4 carry the same current as the whole circuit?,dc7_sec02_002
How are the voltage drops across the two parallel resistor groups calculated?,dc7_sec02_002
Why can the voltage across each equivalent group be copied to its individual parallel resistors?,dc7_sec02_002
How can you check that the individual branch currents are correct?,dc7_sec02_002
How do you simplify a series-parallel circuit into one equivalent resistor?,dc7_sec02_003
What is the first step when analyzing a series-parallel combination circuit?,dc7_sec02_003
How can you calculate the total current after finding the circuit’s total resistance?,dc7_sec02_003
How are voltage drops and branch currents found in the original circuit?,dc7_sec02_003
Do the SPICE output values match the calculated circuit values?,dc7_sec02_003
What is the basic method for making a complicated circuit diagram easier to understand?,dc7_sec03_001
"Why can the wires in most DC circuit diagrams be lengthened, shortened, or bent without changing how the circuit works?",dc7_sec03_001
Which path should you follow first when reorganizing a tangled circuit schematic?,dc7_sec03_001
How should resistor voltage-drop polarity be marked when tracing electron flow from the battery’s negative terminal?,dc7_sec03_001
"In the first example, which resistors are redrawn in parallel with R1 and R3?",dc7_sec03_001
1. Which path is traced first when reorganizing the resistor circuit?,dc7_sec03_002
2. Why are voltage-drop polarities marked while the schematic is redrawn?,dc7_sec03_002
3. In what order are the resistor combinations simplified from the completed layout?,dc7_sec03_002
4. How does the rearranged diagram make finding the total resistance easier?,dc7_sec03_002
"5. After calculating total current, how are voltage and current values found for the original circuit?",dc7_sec03_002
What is the purpose of redrawing a complicated circuit schematic?,dc7_sec03_003
Can moving or changing the length of wires affect how a circuit works?,dc7_sec03_003
How should you choose and trace a loop when simplifying a circuit diagram?,dc7_sec03_003
Why are voltage-drop polarity marks added while tracing circuit components?,dc7_sec03_003
What should you do after documenting the first loop in the redrawn schematic?,dc7_sec03_003
What is the main advantage of analyzing circuit failures qualitatively instead of calculating exact values?,dc7_sec04_001
How does the table method help with troubleshooting series-parallel circuits?,dc7_sec04_001
"In the example circuit, which resistors are connected in parallel?",dc7_sec04_001
How is the circuit’s total resistance represented using the parallel groups?,dc7_sec04_001
"What symbols are used to show increases, decreases, and unchanged values after a component failure?",dc7_sec04_001
What happens to the combined resistance of R1 and R2 when R2 fails shorted?,dc7_sec04_002
Why does the circuit’s total resistance decrease when R2’s resistance drops?,dc7_sec04_002
"If the supply voltage stays constant while total resistance decreases, what happens to total current?",dc7_sec04_002
How does a decrease in R2 affect the current through the R1//R2 and R3//R4 sections?,dc7_sec04_002
How can Ohm’s Law be used qualitatively to predict whether current will rise or fall?,dc7_sec04_002
1. Why is qualitative circuit analysis considered easier than doing numerical calculations?,dc7_sec04_003
2. What happens to the voltage across the R3–R4 parallel section when its current increases but its resistance stays the same?,dc7_sec04_003
3. Why must the voltage across the R1–R2 parallel section decrease when the voltage across R3–R4 increases?,dc7_sec04_003
4. How does a voltage change across a parallel combination affect each resistor within that combination?,dc7_sec04_003
5. What happens to current when the voltage changes across a resistor whose resistance remains constant?,dc7_sec04_003
What happens to current when the voltage across an unchanged resistance increases?,dc7_sec04_004
Why can’t Ohm’s Law alone determine the current change through R2 when both its voltage and resistance decrease?,dc7_sec04_004
How can the current through R2 be determined when the total parallel current rises but the current through R1 falls?,dc7_sec04_004
What general changes occur in total resistance when a single component fails open or shorted?,dc7_sec04_004
What happens to the current and voltage of a component that fails open?,dc7_sec04_004
How are the holes and hidden clips in a solderless breadboard connected?,dc7_sec05_001
How can four 6-volt batteries be used to supply 24 volts?,dc7_sec05_001
Why is it helpful to place breadboard resistors in a layout similar to the schematic?,dc7_sec05_001
What makes wiring a resistor circuit on a terminal strip harder than using a breadboard?,dc7_sec05_001
How should parallel resistor pairs be connected on a terminal strip?,dc7_sec05_001
Why is it better to keep no more than two wire ends under one terminal-strip screw?,dc7_sec05_002
Would connecting the final wire to a different electrically common point still make the circuit work?,dc7_sec05_002
What problem can occur when three wires are attached to one terminal?,dc7_sec05_002
Why might resistor R7’s reversed voltage polarity confuse someone using a voltmeter?,dc7_sec05_002
Why should circuit layouts be designed for easy understanding and later troubleshooting?,dc7_sec05_002
Who contributed to the series-parallel circuits chapter?,dc7_sec06_001
What change did Tony Armstrong suggest for the last terminal strip circuit?,dc7_sec06_001
Who helped develop the table method for analyzing series and parallel circuits?,dc7_sec06_001
When did Jason Starck contribute to the chapter?,dc7_sec06_001
Where can I find dates and contact information for the contributors?,dc7_sec06_001
What does an electrical meter do?,dc8_sec01_001
Which three basic electrical quantities are commonly measured with meters?,dc8_sec01_001
How do digital meters differ from older mechanical meters?,dc8_sec01_001
Why is the display mechanism in a meter called a movement?,dc8_sec01_001
How does a permanent-magnet moving-coil movement work?,dc8_sec01_001
How does a meter needle’s position show the amount of current being measured?,dc8_sec01_002
"What does “full-scale movement” mean on a meter, such as a 50 µA movement?",dc8_sec01_002
Why do some meter needles return to the left while others are centered in the middle?,dc8_sec01_002
How do D’Arsonval and Weston meter movements respond to current direction?,dc8_sec01_002
Why are moving-iron and electrostatic meter movements useful for measuring signals of either polarity or AC?,dc8_sec01_002
Why are electrostatic meter movements generally used for measuring extremely high voltages?,dc8_sec01_003
How does a cathode ray tube use voltage to move an electron beam?,dc8_sec01_003
Why does reversing the voltage across a CRT’s deflection plates reverse the beam’s direction?,dc8_sec01_003
Why do real CRTs have two pairs of deflection plates?,dc8_sec01_003
What are the main advantages and disadvantages of using a CRT in test equipment?,dc8_sec01_003
What does full-scale indication mean in a meter?,dc8_sec01_004
"How is full-scale measurement defined for electromagnetic, electrostatic, and digital meters?",dc8_sec01_004
Why do meter designers add external circuitry to a sensitive meter movement?,dc8_sec01_004
How can divider circuits let a meter measure higher voltages or currents?,dc8_sec01_004
What principle do electromagnetic and electrostatic meter movements use to create needle movement?,dc8_sec01_004
Why can’t a sensitive D’Arsonval meter movement measure high voltages directly?,dc8_sec02_001
What voltage causes a 1 mA movement with 500 Ω of coil resistance to reach full scale?,dc8_sec02_001
How does adding a series resistor extend a meter’s voltage-measuring range?,dc8_sec02_001
What is the purpose of the resistor connected in series with the meter movement?,dc8_sec02_001
How can you calculate the series resistance needed for the movement to read full scale at 10 volts?,dc8_sec02_001
How can I calculate the multiplier resistor for a voltmeter with a 500 Ω movement?,dc8_sec02_002
"What is the second method for finding the multiplier resistance, and why should it give the same result?",dc8_sec02_002
What happens inside the meter when 10 volts is applied to its test leads?,dc8_sec02_002
How do ammeters differ from voltmeters in the way they use resistors?,dc8_sec02_002
How does a multi-position switch give an electromechanical voltmeter several voltage ranges?,dc8_sec02_002
How are the resistor values chosen when designing different voltmeter ranges?,dc8_sec02_003
What voltage ranges are described for this voltmeter design?,dc8_sec02_003
Why might a designer use several common resistors instead of one unusual precision resistor?,dc8_sec02_003
How is the total multiplier resistance calculated for the 1000-volt range?,dc8_sec02_003
What role do series multiplier resistors play in extending a meter movement’s voltage range?,dc8_sec02_003
Why does connecting a voltmeter change the voltage it is supposed to measure?,dc8_sec03_001
"What does an ideal voltmeter’s resistance need to be, and why?",dc8_sec03_001
How does a voltmeter’s internal resistance affect a voltage divider?,dc8_sec03_001
"In the example with two 250 MΩ resistors, what voltage does the 10 MΩ meter read?",dc8_sec03_001
"What is meter loading, and how can it be reduced?",dc8_sec03_001
What does a voltmeter’s ohms-per-volt rating tell you?,dc8_sec03_002
Why does an analog meter’s resistance change when you select a different voltage range?,dc8_sec03_002
What determines a meter’s ohms-per-volt sensitivity?,dc8_sec03_002
How can a voltmeter be designed to draw less current from the circuit being tested?,dc8_sec03_002
"What is an amplified voltmeter, and how does it reduce circuit loading?",dc8_sec03_002
How did older vacuum-tube voltmeters amplify the signals they measured?,dc8_sec03_003
Why do transistor amplifiers make digital meter designs harder for beginners to understand?,dc8_sec03_003
How does a potentiometric meter avoid affecting the circuit being tested?,dc8_sec03_003
What is the purpose of a null detector in a potentiometric instrument?,dc8_sec03_003
How can headphones be used to detect whether a DC voltage is present?,dc8_sec03_003
1. How does the transformer make small electrical signals easier to hear through 8-ohm headphones?,dc8_sec03_004
2. What does a null detector indicate in a potentiometric voltage-measuring circuit?,dc8_sec03_004
3. How does the technician know when the adjustable voltage source matches the voltage across R2?,dc8_sec03_004
4. Why does the divider circuit experience almost no loading when the null detector is balanced?,dc8_sec03_004
5. Why is the potentiometric method useful for measuring voltage in high-resistance circuits?,dc8_sec03_004
Why should a voltmeter ideally have extremely high resistance?,dc8_sec03_005
How can a voltmeter with low internal resistance affect the circuit it is testing?,dc8_sec03_005
Which types of voltmeter circuits help reduce the load on the measured circuit?,dc8_sec03_005
Which measurement method can avoid drawing any current from the circuit?,dc8_sec03_005
What does a null detector indicate in a potentiometric voltmeter circuit?,dc8_sec03_005
Why are range-expanding resistors placed across an ammeter movement instead of in series?,dc8_sec04_001
What happens to the meter scale when a 1 mA movement is adapted to measure up to 5 A?,dc8_sec04_001
How can you find the current flowing through the shunt in a 5 A ammeter?,dc8_sec04_001
What shunt resistance is needed to let only 1 mA pass through the movement in the 5 A example?,dc8_sec04_001
Where is the shunt resistor usually located in a practical ammeter?,dc8_sec04_001
Why is an ammeter’s shunt resistor usually hidden inside its metal casing?,dc8_sec04_002
How can an automotive ammeter show both battery charging and discharging current?,dc8_sec04_002
How are multiple current ranges added to an ammeter?,dc8_sec04_002
Why do ammeter shunt resistors need extremely low resistance values?,dc8_sec04_002
What can happen if an ammeter’s shunt resistor is not rated for enough power?,dc8_sec04_002
How can a voltmeter and a shunt resistor be used to measure current?,dc8_sec04_003
Why would you choose a larger shunt resistance when measuring very small currents?,dc8_sec04_003
What is the advantage of leaving a shunt resistor permanently in a circuit?,dc8_sec04_003
Why should a shunt resistor have a low resistance value in most applications?,dc8_sec04_003
How does a shunt resistor help display current in a SPICE simulation?,dc8_sec04_003
Why should an ammeter have very little internal resistance?,dc8_sec05_001
How can connecting an ammeter in series change the current being measured?,dc8_sec05_001
What current readings result when a 0.5-ohm ammeter is added to the 3-ohm and 1.5-ohm branches?,dc8_sec05_001
Why is the lowest practical resistance preferred for a current-measuring shunt?,dc8_sec05_001
How does a clamp-on meter measure current without altering the circuit?,dc8_sec05_001
How does a clamp-on ammeter measure current without becoming part of the circuit?,dc8_sec05_002
What role does a Hall-effect sensor play in some clamp-on meters?,dc8_sec05_002
Why can a clamp-on ammeter include amplifier circuitry and a voltmeter display?,dc8_sec05_002
How do the two conductor positions on the magnetic-field ammeter provide different current ranges?,dc8_sec05_002
Why are clamp-on meters considered safe and convenient for current measurements?,dc8_sec05_002
What internal parts does a mechanical ohmmeter need in order to measure resistance?,dc8_sec06_001
Why does an ohmmeter’s needle move to the left when the test leads have no continuity?,dc8_sec06_001
"What happens when the ohmmeter leads are shorted together, and why can this damage the meter?",dc8_sec06_001
Why is a series resistor added to the basic ohmmeter circuit?,dc8_sec06_001
Why is it difficult to assign a resistance value to the midpoint of an ohmmeter’s scale?,dc8_sec06_001
"Why does an analog ohmmeter use a compressed, uneven resistance scale instead of a linear one?",dc8_sec06_002
What external resistance produces half-scale movement in the example ohmmeter?,dc8_sec06_002
How can the resistance values for quarter-scale and three-quarter-scale readings be found?,dc8_sec06_002
Why does an ohmmeter become inaccurate as its battery voltage falls?,dc8_sec06_002
"Why should you never use an ohmmeter on a powered, or live, circuit?",dc8_sec06_002
Why does an ohmmeter need its own internal voltage source?,dc8_sec06_003
How does an analog ohmmeter’s needle position differ from a voltmeter’s reading?,dc8_sec06_003
Why is the resistance scale on an analog ohmmeter unevenly spaced?,dc8_sec06_003
Are analog ohmmeters suitable for highly accurate resistance measurements?,dc8_sec06_003
Why must you disconnect power before using an ohmmeter on a circuit?,dc8_sec06_003
Why can’t a typical 9-volt ohmmeter measure extremely large resistances?,dc8_sec07_001
Why might a material show a different resistance when measured with a higher voltage?,dc8_sec07_001
What calibration issue occurs when the voltage source in a high-voltage ohmmeter is adjustable?,dc8_sec07_001
How does a megger’s special meter movement keep its reading consistent as the test voltage changes?,dc8_sec07_001
What do the meter needle positions at infinity and 0 Ω indicate in this three-coil design?,dc8_sec07_001
1. Why does changing the battery voltage not affect the ohmmeter’s calibration?,dc8_sec07_002
2. How would a gas-discharge lamp’s resistance reading change when tested at different voltages with a megger?,dc8_sec07_002
"3. Why do many meggers use hand-crank generators, and what safety feature can make cranking voltage more stable?",dc8_sec07_002
4. What safety precaution is used on battery-powered meggers to prevent them from being left switched on?,dc8_sec07_002
"5. What are the Line, Earth, and Guard terminals used for when testing cable insulation?",dc8_sec07_002
Why does a basic megger setup measure more than just the insulation resistance between one conductor and the sheath?,dc8_sec07_003
How does connecting the megger’s Guard terminal improve the insulation test?,dc8_sec07_003
Why are meggers useful for finding insulation problems between wires?,dc8_sec07_003
"What is a hi-pot tester used to test, and how does it differ from a megger?",dc8_sec07_003
How can using a megger or hi-pot tester incorrectly damage wire insulation?,dc8_sec07_003
"How can one meter movement measure voltage, current, and resistance in a multimeter?",dc8_sec08_001
What are the main differences between the analog and digital multimeters described here?,dc8_sec08_001
Why does the digital multimeter use separate jacks for voltage and current measurements?,dc8_sec08_001
What do the different test-lead jacks and range labels on a multimeter indicate?,dc8_sec08_001
Why is it dangerous to use a current setting across a substantial voltage source?,dc8_sec08_001
Why do you need to move the red probe lead when changing a multimeter from voltage to current mode?,dc8_sec08_002
"What does autoranging mean on a digital multimeter, and do all digital meters have it?",dc8_sec08_002
Why should you read the instruction manual before using a particular multimeter?,dc8_sec08_002
How does the final switch position on the analog meter protect its needle from mechanical damage?,dc8_sec08_002
How do you choose the correct scale on an analog multimeter when measuring voltage or current?,dc8_sec08_002
"What voltage ranges are available on this multimeter, and how high can they go with the range extender?",dc8_sec08_003
How do you read the meter scale when the red lead is plugged into the 250-volt jack?,dc8_sec08_003
How are the different current ranges selected and converted into actual readings?,dc8_sec08_003
How does the red lead position determine whether the meter measures up to 2.5 amps or 10 amps?,dc8_sec08_003
"How do the resistance multiplier settings work, and why does the ohms scale run backward?",dc8_sec08_003
Why can long test wires cause a regular ohmmeter to give an inaccurate resistance reading?,dc8_sec09_001
How does measuring both current and voltage help determine the resistance of a distant component?,dc8_sec09_001
Why don’t the voltage-sensing wires add much error in a Kelvin resistance measurement?,dc8_sec09_001
What is the purpose of using a four-wire connection instead of a standard two-wire connection?,dc8_sec09_001
How are Kelvin clips different from ordinary alligator clips?,dc8_sec09_001
Why do precision shunts use separate terminals for carrying current and sensing voltage?,dc8_sec09_002
How can a shunt resistor be used to measure very large currents?,dc8_sec09_002
Why would ordinary wire resistance cause major errors when measuring a low-value shunt?,dc8_sec09_002
What is the purpose of using four terminals on a precision standard resistor?,dc8_sec09_002
How do the accuracies of the ammeter and voltmeter combine to affect the final resistance measurement?,dc8_sec09_002
Why does using a standard resistor as the current shunt improve measurement accuracy compared with using an ammeter?,dc8_sec09_003
What is the purpose of using Kelvin clips in a four-wire resistance measurement?,dc8_sec09_003
Why are separate voltage-sensing wires used across the subject and standard resistors?,dc8_sec09_003
How can a Kelvin measurement help locate bad connections or unexpected resistance in a circuit?,dc8_sec09_003
Why is it useful to record voltage-drop measurements from newly built circuits?,dc8_sec09_003
What does it mean when a Wheatstone bridge is balanced?,dc8_sec10_001
How can a Wheatstone bridge be used to find an unknown resistance?,dc8_sec10_001
"What are the four resistors in a bridge circuit called, and what roles do they play?",dc8_sec10_001
Why is a Wheatstone bridge more accurate than a basic series resistance meter?,dc8_sec10_001
What is a Kelvin double bridge used to measure?,dc8_sec10_001
What is the Kelvin Double bridge used to measure?,dc8_sec10_002
Why can’t a standard Wheatstone bridge measure very low resistances accurately?,dc8_sec10_002
How do stray wire resistances affect the bridge’s null detector?,dc8_sec10_002
Why are the ratio arms connected directly across the ends of the low-value resistors?,dc8_sec10_002
Why must the added resistors in a Kelvin Double bridge have a matching ratio?,dc8_sec10_002
How does a Kelvin Double bridge determine the value of an unknown low-resistance resistor?,dc8_sec10_003
Why does matching the ratios of the two sets of bridge arms simplify the balance calculation?,dc8_sec10_003
What happens to null-detector sensitivity when the values of Rm and Rn are reduced?,dc8_sec10_003
Why can using smaller Rm and Rn resistors introduce more measurement error?,dc8_sec10_003
What is the main reason a Kelvin Double bridge is preferred over a basic Wheatstone bridge for very low-resistance measurements?,dc8_sec10_003
What type of meter movement is commonly used to measure electrical power?,dc8_sec11_001
How do the moving and stationary coils in a dynamometer movement measure voltage and current?,dc8_sec11_001
Why does a wattmeter need to account for both voltage and current?,dc8_sec11_001
Why is a range resistor connected in series with the voltage coil?,dc8_sec11_001
What is the purpose of shunt resistors in the current coil circuit?,dc8_sec11_001
How can a custom resistor be made using a special high-resistance wire?,dc8_sec12_001
Why is a bifilar winding used when creating a wire-wound resistor?,dc8_sec12_001
How can fixed resistors be combined to produce a nonstandard resistance value?,dc8_sec12_001
Why might adjustable resistors be preferable to fixed resistors in precision meter circuits?,dc8_sec12_001
How can a potentiometer be used to make very fine resistance adjustments?,dc8_sec12_001
How does adding an 8 kΩ resistor in series with a 1 kΩ potentiometer change the adjustable resistance range?,dc8_sec12_002
Why does using a smaller resistance span make it easier to calibrate a precision instrument?,dc8_sec12_002
What resistance range results when a fixed resistor is placed in parallel with the potentiometer?,dc8_sec12_002
How does the adjustment sensitivity compare before and after adding the parallel resistor?,dc8_sec12_002
Why doesn’t the resistance change linearly with the potentiometer shaft position in this circuit?,dc8_sec12_002
How are the contributors to this chapter ordered in the list?,dc8_sec13_001
What did Jason Starck contribute in June 2000?,dc8_sec13_001
What improvement resulted from Jason Starck’s HTML formatting work?,dc8_sec13_001
Where can I find contributor dates and contact information?,dc8_sec13_001
"Who holds the copyright for Lessons In Electric Circuits, and under what license is it released?",dc8_sec13_001
Why are voltage and current commonly used to represent physical measurements in instrumentation?,dc9_sec01_001
What makes an analog signal different from a digital signal?,dc9_sec01_001
How do analog and digital clocks illustrate the difference between continuous and stepped information?,dc9_sec01_001
What kinds of physical processes can instrumentation measure or control?,dc9_sec01_001
How did pneumatic instruments use air pressure to communicate the water level in a storage tank?,dc9_sec01_001
How does the pneumatic water-level indicator represent the amount of water in the tank?,dc9_sec01_002
Why are air-pressure signals still used in some industrial control systems?,dc9_sec01_002
What problems can limit the accuracy or reliability of pneumatic signals?,dc9_sec01_002
Why did voltage and current become useful alternatives to pneumatic signals?,dc9_sec01_002
How does a “live zero” signal help distinguish a zero reading from a failed system?,dc9_sec01_002
Why is a 3–15 PSI signal considered more reliable than one that starts at zero?,dc9_sec01_003
What would an indicator show if the air pressure dropped to zero in a 3–15 PSI system?,dc9_sec01_003
What does the term “live zero” mean in an analog measurement system?,dc9_sec01_003
How do analog signals differ from digital signals according to this section?,dc9_sec01_003
Why have electrical voltage and current signals largely replaced pneumatic signals in industrial instrumentation?,dc9_sec01_003
How does a float and potentiometer convert water-tank level into a voltage signal?,dc9_sec02_001
Why can cable resistance make a voltage-based level measurement inaccurate?,dc9_sec02_001
What effect does the indicator’s current draw have on the voltage it receives?,dc9_sec02_001
How does the 0–10 volt signal range correspond to percentage of measurement?,dc9_sec02_001
Why is a 1–5 volt range useful for detecting circuit faults?,dc9_sec02_001
What is the main difference between a current source and a voltage source?,dc9_sec03_001
Why does cable resistance not cause signal error in a current-based instrumentation loop?,dc9_sec03_001
How does a transmitter’s current output change as the tank float moves?,dc9_sec03_001
"What measurement percentages correspond to 4 mA, 12 mA, and 20 mA in a 4–20 mA loop?",dc9_sec03_001
How can a 250-ohm resistor convert a 4–20 mA signal into a 1–5 V signal?,dc9_sec03_001
"What is a current source, and how does it compare with an ideal voltage source?",dc9_sec03_002
Why does a current loop avoid signal errors caused by wiring resistance?,dc9_sec03_002
What circuit principle makes the current the same through every part of a current loop?,dc9_sec03_002
What is the most widely used analog current signal standard today?,dc9_sec03_002
What range of current does the standard current loop use?,dc9_sec03_002
How does a tachogenerator measure the speed of a rotating shaft?,dc9_sec04_001
Why does a 0–10 volt tachogenerator signal not have a live zero?,dc9_sec04_001
What happens to a tachogenerator’s output polarity when the rotation direction reverses?,dc9_sec04_001
Why is significantly overspeeding a precision tachogenerator discouraged?,dc9_sec04_001
What kinds of machines commonly use tachogenerators to measure speed?,dc9_sec04_001
"What is the Seebeck effect, and how does it create a measurable voltage?",dc9_sec05_001
Why can a thermocouple’s voltage be used to determine temperature?,dc9_sec05_001
What materials and construction make up a thermocouple for instrumentation?,dc9_sec05_001
Why are thermocouple signals difficult to measure accurately with a voltmeter?,dc9_sec05_001
"What is the reference junction, and why can it cause problems in single-point temperature measurements?",dc9_sec05_001
Why does a thermocouple need compensation for its reference junction when measuring temperature at one point?,dc9_sec05_002
What determines the current produced in a thermocouple circuit?,dc9_sec05_002
Why should a voltmeter connected to a thermocouple have very high resistance?,dc9_sec05_002
How did early thermocouple instruments measure the tiny voltage without drawing current?,dc9_sec05_002
How can multiple thermocouples be combined to generate useful electrical power?,dc9_sec05_002
1. How does a thermopile produce a larger voltage when one set of junctions is hot and the other is cold?,dc9_sec05_003
2. What happens when several thermocouples are connected in parallel to measure an average temperature?,dc9_sec05_003
3. Why can unequal thermocouple wire lengths make the average temperature reading inaccurate?,dc9_sec05_003
"4. What are swamping resistors, and how do they improve parallel thermocouple measurements?",dc9_sec05_003
"5. Why do thermocouple connections need to be clean and tight, and why should the reference junction stay near the measuring instrument?",dc9_sec05_003
What is the Seebeck effect in a thermocouple?,dc9_sec05_004
How do the measurement and reference junctions differ?,dc9_sec05_004
"What is a thermopile, and what happens when current flows through it?",dc9_sec05_004
How can multiple thermocouples be used to indicate an average temperature?,dc9_sec05_004
"Why should thermocouple current be kept low, with clean and tight connections?",dc9_sec05_004
What does pH measure in a liquid solution?,dc9_sec06_001
How does the pH scale relate hydrogen ion concentration to values from 0 to 14?,dc9_sec06_001
"What voltage do pH electrodes produce when the solution is neutral, acidic, or caustic?",dc9_sec06_001
Why are specially prepared glass electrodes used to measure pH?,dc9_sec06_001
Why is measuring the voltage from a pH electrode circuit difficult?,dc9_sec06_001
What role does the reference electrode play in a pH probe?,dc9_sec06_002
Why can’t a simple metal wire be used to connect the meter to the liquid?,dc9_sec06_002
How does the glass membrane in the measurement electrode produce a pH-related voltage?,dc9_sec06_002
Why is a regular voltmeter unsuitable for measuring a pH electrode’s output?,dc9_sec06_002
What kind of meter or measurement method can measure the tiny pH voltage without significantly loading the circuit?,dc9_sec06_002
Why must pH electrode wiring use very clean connections and short cable runs?,dc9_sec06_003
Which electrode should be checked if a pH system produces too little voltage change or responds slowly?,dc9_sec06_003
What does it usually indicate when a pH measurement system develops offset drift?,dc9_sec06_003
Why don’t equal one-unit changes have the same chemical meaning across the 0–14 pH scale?,dc9_sec06_003
"How can temperature affect pH measurements, and what does temperature compensation fail to correct?",dc9_sec06_003
What does a pH value represent in terms of hydrogen ions?,dc9_sec06_004
"How does the pH scale relate to acidic, neutral, and caustic solutions?",dc9_sec06_004
How are two electrodes used to measure the pH of a liquid?,dc9_sec06_004
What role does the reference electrode play in completing the pH measurement circuit?,dc9_sec06_004
Why does a pH meter need extremely high internal resistance?,dc9_sec06_004
How does stretching or compressing a metal strip affect its electrical resistance?,dc9_sec07_001
What are strain gauges used for in engineering and aircraft testing?,dc9_sec07_001
Why must strain gauges detect very small resistance changes accurately?,dc9_sec07_001
How is a strain gauge connected in a bridge circuit to measure force?,dc9_sec07_001
What happens to the bridge voltmeter reading when the gauge is stretched or compressed?,dc9_sec07_001
How do the resistance of the wires affect a strain-gauge bridge reading?,dc9_sec07_002
What does adding a third wire do in a strain-gauge circuit?,dc9_sec07_002
Why can a quarter-bridge strain-gauge setup also act like a thermometer?,dc9_sec07_002
How does a dummy strain gauge compensate for temperature changes?,dc9_sec07_002
What causes the bridge to become unbalanced when the two gauges are temperature-compensated?,dc9_sec07_002
Why does using wires of roughly equal length reduce measurement errors in a quarter-bridge strain-gauge circuit?,dc9_sec07_003
What makes a two-gauge arrangement a half-bridge instead of a quarter-bridge?,dc9_sec07_003
How does placing the two gauges under opposite forces help cancel temperature effects?,dc9_sec07_003
What happens to the two strain gauges when a downward force bends the test specimen?,dc9_sec07_003
Why is a full-bridge generally preferred when all four gauges can be made active?,dc9_sec07_003
Why does the excitation voltage affect the output of an unbalanced strain-gauge bridge?,dc9_sec07_004
"How should a strain gauge rating of 15 mV/V at 1,000 pounds be interpreted?",dc9_sec07_004
Why is the millivolt-per-volt rating more exact for a full-active bridge than for half- or quarter-bridge setups?,dc9_sec07_004
"What is a load cell, and what parts are typically included in it?",dc9_sec07_004
"How does a strain gauge measure mechanical force, and why is it used in a bridge circuit?",dc9_sec07_004
What chapter and volume does this contributor information belong to?,dc9_sec08_001
How are the contributors arranged in the list?,dc9_sec08_001
Where can I find dates and contact details for the contributors?,dc9_sec08_001
"What did Jason Starck contribute, and when did he do it?",dc9_sec08_001
"Who holds the copyright for Lessons In Electric Circuits, and under what license is it shared?",dc9_sec08_001
Why did the author decide to create a new electronics textbook?,dca1_sec01_001
What problems did the author find in the textbook he originally used?,dca1_sec01_001
What were the main goals behind writing Lessons in Electric Circuits?,dca1_sec01_001
Why did the author choose to make the book freely available and open to modification?,dca1_sec01_001
Which licenses did the author use or consider for distributing the book?,dca1_sec01_001
What freedoms does the book give readers who want to edit or adapt it?,dca1_sec01_002
What credit and sharing requirements apply when distributing a modified version?,dca1_sec01_002
Who is the book intended to help besides beginning electronics students?,dca1_sec01_002
What kinds of circuit experiments does the author recommend for readers?,dca1_sec01_002
Why should high-power electrical circuits be handled by trained professionals?,dca1_sec01_002
Why does the book use SPICE simulations instead of relying only on explanations?,dca1_sec02_001
How can SPICE help readers learn electronics through exploration?,dca1_sec02_001
What makes computer simulation useful for people who cannot build a home electronics lab?,dca1_sec02_001
How do circuit demonstrations help readers check whether the author’s claims are accurate?,dca1_sec02_001
Where can readers find more information and example circuits for learning SPICE?,dca1_sec02_001
Who does Tony Kuphaldt thank for developing the free software used to create the book?,dca1_sec03_001
Which electronics books influenced Tony Kuphaldt’s studies?,dca1_sec03_001
Why does the author thank the Bellingham Antique Radio Museum and Fluke Corporation?,dca1_sec03_001
Who helped host and support the online version of the book through the Open Book Project?,dca1_sec03_001
What license covers Lessons In Electric Circuits?,dca1_sec03_001
What are the rules for reusing passages from this book in another work?,dca2_sec01_001
What information should someone include when modifying the book?,dca2_sec01_001
Who is recommended as the recipient for revisions or additions to the book?,dca2_sec01_001
Can readers edit their own personal copies of the book?,dca2_sec01_001
Why does the book encourage contributors to add changes to the online master copy?,dca2_sec01_001
How are the contributors organized in this appendix?,dca2_sec02_001
What information is included for people who made major contributions?,dca2_sec02_001
How are smaller contributions such as typo fixes recorded?,dca2_sec02_001
Does calling a contribution “minor” mean it was considered less valuable?,dca2_sec02_001
Why does the author express gratitude to the contributors?,dca2_sec02_001
Who contributed an update about lead-acid cell chemistry?,dca2_sec03_001
When did John Anhalt make his contribution?,dca2_sec03_001
Which chapter was updated by John Anhalt?,dca2_sec03_001
What kind of material did John Anhalt update?,dca2_sec03_001
How can I contact John Anhalt?,dca2_sec03_001
Who contributed suggestions to improve the explanations of electric fields and charge?,dca2_sec04_001
When did Benjamin Crowell make his contribution?,dca2_sec04_001
What parts of the material did Benjamin Crowell help improve?,dca2_sec04_001
What was the purpose of Benjamin Crowell’s contribution?,dca2_sec04_001
Where is Benjamin Crowell listed in the document?,dca2_sec04_001
When did Dennis Crunkilton start contributing to Volume I - DC?,dca2_sec05_001
What types of files did Dennis Crunkilton prepare for the project?,dca2_sec05_001
Which DC network analysis topics did Dennis Crunkilton contribute?,dca2_sec05_001
What safety-related material did he add to Chapter 3?,dca2_sec05_001
How can someone contact Dennis Crunkilton?,dca2_sec05_001
Who is credited as the original author in this section?,dca2_sec06_001
When did Tony R. Kuphaldt begin contributing to Volume I - DC?,dca2_sec06_001
What kind of contribution did Tony R. Kuphaldt make?,dca2_sec06_001
What email address is listed for contacting the contributor?,dca2_sec06_001
Where in the publication can the contributor credits be found?,dca2_sec06_001
Who is credited with helping create the table concept for analyzing series and parallel circuits?,dca2_sec07_001
When did Ron LaPlante contribute to the DC volume?,dca2_sec07_001
What was Ron LaPlante’s contribution to the analysis of series and parallel circuits?,dca2_sec07_001
Which section of the DC volume lists Ron LaPlante’s contribution?,dca2_sec07_001
What type of circuits was the table concept intended to help analyze?,dca2_sec07_001
Who contributed to the DC network analysis chapter in October 2006?,dca2_sec08_001
What kind of help did Davy Van Nieuwenborgh provide for the mesh current section?,dca2_sec08_001
Who supplied the solution to the mesh problem?,dca2_sec08_001
Where was Davy Van Nieuwenborgh affiliated when he contributed?,dca2_sec08_001
Who identified an error in the text of the DC material?,dca2_sec08_001
Who contributed information about why the Maximum Power Transfer Theorem does not apply to hi-fi audio amplifiers?,dca2_sec09_001
When did Ray A. Rayburn make his contribution?,dca2_sec09_001
What was Ray A. Rayburn’s contribution about?,dca2_sec09_001
Which volume and appendix list Ray A. Rayburn as a contributor?,dca2_sec09_001
Where could someone find Ray A. Rayburn’s forum contact information?,dca2_sec09_001
1. When did Jason Starck contribute to Volume I - DC?,dca2_sec10_001
2. What kind of work did Jason Starck provide for the document?,dca2_sec10_001
3. Which section lists Jason Starck as a contributor?,dca2_sec10_001
4. What was Jason Starck’s role in correcting the document?,dca2_sec10_001
5. How can someone contact Jason Starck according to the contributor list?,dca2_sec10_001
Who contributed capacitor photographs for chapter 13?,dca2_sec11_001
When did Warren Young provide his contribution?,dca2_sec11_001
What was Warren Young’s contribution to Volume I - DC?,dca2_sec11_001
Which chapter received the capacitor photographs?,dca2_sec11_001
Where is Warren Young listed in the contributor credits?,dca2_sec11_001
1. Who contributed the troubleshooting note listed in this credits section?,dca2_sec12_001
2. When was this contribution made?,dca2_sec12_001
3. What kind of material did the contributor provide?,dca2_sec12_001
4. Which chapter includes the contributed tip?,dca2_sec12_001
5. Where in the Kelvin section does the tip appear?,dca2_sec12_001
What information should be entered for the contributor’s name?,dca2_sec13_001
How should the contribution date be recorded?,dca2_sec13_001
What should be described in the “Nature of contribution” field?,dca2_sec13_001
Where should a contributor provide their contact information?,dca2_sec13_001
Which volume and appendix contain this contributor information?,dca2_sec13_001
Which contributors were credited with correcting typos and making other minor edits in the DC volume?,dca2_sec14_001
What changes did the students from Bellingham Technical College’s Instrumentation program make?,dca2_sec14_001
Who suggested a diagram correction for the “Series and Parallel Combination Circuits” chapter?,dca2_sec14_001
Who clarified the explanation of SPICE simulation?,dca2_sec14_001
What capacitor-related clarification did Sridhar Chitta contribute?,dca2_sec14_001
"Who helped correct the spelling of Andrew Tanenbaum’s name, and when was it done?",dca2_sec14_002
What typo corrections did Geoffrey Lessel contribute to Chapter 1 and Chapter 2?,dca2_sec14_002
Who provided technical assistance with converting PostScript files to PDF?,dca2_sec14_002
What issue was reported with the telephone ring voltage in Chapter 3?,dca2_sec14_002
"Which contributor suggested using PNG images instead of JPEGs, and when?",dca2_sec14_002
Who clarified in February 2008 that hydrogen atoms do not contain a neutron?,dca2_sec14_003
Which contributor suggested centering schematics without captions?,dca2_sec14_003
Who corrected the wording about voltages being divided by currents in Chapter 10?,dca2_sec14_003
What image did an unregistered guest update by adding I2 in July 2010?,dca2_sec14_003
Who reformatted various tables in Chapter 12 in September 2017?,dca2_sec14_003
"Who made the November 2022 corrections to Chapters 3, 13, and 15?",dca2_sec14_004
What license replaced Design Science in the November 2021 update?,dca2_sec14_004
What wording was corrected in the “Fuses” section of Chapter 12?,dca2_sec14_004
Which capacitance statements were fixed in Chapter 13?,dca2_sec14_004
What typo was corrected in the voltage and current calculations section of Chapter 16?,dca2_sec14_004
What license applies to the material in this section?,dca3_sec01_001
Where can I read the complete legal text of the CC BY 4.0 license?,dca3_sec01_001
What does CC BY 4.0 refer to in this appendix?,dca3_sec01_001
Is the license information a summary or the full license code?,dca3_sec01_001
Which volume and appendix contain the Creative Commons license details?,dca3_sec01_001
What does the CC BY license allow people to do with the material?,dca3_sec02_001
Can I share copies of this material in any format?,dca3_sec02_001
Am I allowed to modify or build on the material?,dca3_sec02_001
Can the material be adapted for commercial purposes?,dca3_sec02_001
Under what condition does the licensor keep these permissions from being revoked?,dca3_sec02_001
What credit must be given when using material under this license?,dca3_sec03_001
Do I need to include a link to the license when reusing the material?,dca3_sec03_001
What should I do if I modify the licensed material?,dca3_sec03_001
Can I imply that the licensor approves of my use?,dca3_sec03_001
Are additional legal or technological restrictions allowed under the license?,dca3_sec03_001
When do you not need to follow the CC BY license for part of the material?,dca3_sec04_001
Does the license include any warranties?,dca3_sec04_001
Why might the license not provide every permission needed for a specific use?,dca3_sec04_001
What other rights could affect how the material is used?,dca3_sec04_001
Where can I read the complete CC BY 4.0 license?,dca3_sec04_001
What freedoms does the Creative Commons Attribution license give readers of this textbook?,dca3_sec05_001
What must I do if I adapt or modify the book’s content?,dca3_sec05_001
Can I sell or copyright my modified version of the book?,dca3_sec05_001
Do I need the author’s permission or have to pay royalties to use the original book?,dca3_sec05_001
Why can’t the original work be redistributed under different license terms?,dca3_sec05_001
